-- MySQL dump 10.13  Distrib 8.0.33, for macos13 (arm64)
--
-- Host: 127.0.0.1    Database: codergb-hub
-- ------------------------------------------------------
-- Server version	8.0.33

/*!40101 SET @OLD_CHARACTER_SET_CLIENT=@@CHARACTER_SET_CLIENT */;
/*!40101 SET @OLD_CHARACTER_SET_RESULTS=@@CHARACTER_SET_RESULTS */;
/*!40101 SET @OLD_COLLATION_CONNECTION=@@COLLATION_CONNECTION */;
/*!50503 SET NAMES utf8mb4 */;
/*!40103 SET @OLD_TIME_ZONE=@@TIME_ZONE */;
/*!40103 SET TIME_ZONE='+00:00' */;
/*!40014 SET @OLD_UNIQUE_CHECKS=@@UNIQUE_CHECKS, UNIQUE_CHECKS=0 */;
/*!40014 SET @OLD_FOREIGN_KEY_CHECKS=@@FOREIGN_KEY_CHECKS, FOREIGN_KEY_CHECKS=0 */;
/*!40101 SET @OLD_SQL_MODE=@@SQL_MODE, SQL_MODE='NO_AUTO_VALUE_ON_ZERO' */;
/*!40111 SET @OLD_SQL_NOTES=@@SQL_NOTES, SQL_NOTES=0 */;

--
-- Table structure for table `block`
--

DROP TABLE IF EXISTS `block`;
/*!40101 SET @saved_cs_client     = @@character_set_client */;
/*!50503 SET character_set_client = utf8mb4 */;
CREATE TABLE `block` (
  `id` char(50) CHARACTER SET utf8mb4 COLLATE utf8mb4_0900_ai_ci NOT NULL,
  `name` varchar(500) CHARACTER SET utf8mb4 COLLATE utf8mb4_0900_ai_ci DEFAULT NULL,
  `cate` varchar(40) CHARACTER SET utf8mb4 COLLATE utf8mb4_0900_ai_ci DEFAULT NULL,
  `description` varchar(500) CHARACTER SET utf8mb4 COLLATE utf8mb4_0900_ai_ci DEFAULT NULL,
  `createTime` timestamp NULL DEFAULT CURRENT_TIMESTAMP,
  `updateTime` timestamp NULL DEFAULT CURRENT_TIMESTAMP ON UPDATE CURRENT_TIMESTAMP,
  PRIMARY KEY (`id`) USING BTREE,
  UNIQUE KEY `name` (`name`) USING BTREE
) ENGINE=InnoDB DEFAULT CHARSET=utf8mb4 COLLATE=utf8mb4_0900_ai_ci ROW_FORMAT=DYNAMIC;
/*!40101 SET character_set_client = @saved_cs_client */;

--
-- Dumping data for table `block`
--

LOCK TABLES `block` WRITE;
/*!40000 ALTER TABLE `block` DISABLE KEYS */;
INSERT INTO `block` VALUES ('1667028360697','上传的视频','1','每当有视频上传后，此板块就会有显示','2022-10-29 07:26:00','2022-11-24 14:05:54'),('1667028411493','热门上传视频','1','每当有视频上传后，此板块就会有显示','2022-10-29 07:26:51','2022-11-24 14:05:55'),('1667028433872','短视频','1','每当有短视频上传后，此板块就会有显示','2022-10-29 07:27:13','2022-11-24 14:05:58'),('1667028662350','创建的播放列表','3','','2022-10-29 07:31:02','2022-11-24 14:06:07'),('1667028677380','收藏的播放列表','3','','2022-10-29 07:31:17','2024-01-11 13:01:14'),('1667028710453','订阅的频道','4','显示您订阅的频道','2022-10-29 07:31:50','2022-11-24 14:06:10');
/*!40000 ALTER TABLE `block` ENABLE KEYS */;
UNLOCK TABLES;

--
-- Table structure for table `block_content`
--

DROP TABLE IF EXISTS `block_content`;
/*!40101 SET @saved_cs_client     = @@character_set_client */;
/*!50503 SET character_set_client = utf8mb4 */;
CREATE TABLE `block_content` (
  `blockId` char(50) CHARACTER SET utf8mb4 COLLATE utf8mb4_0900_ai_ci DEFAULT NULL,
  `cId` char(50) CHARACTER SET utf8mb4 COLLATE utf8mb4_0900_ai_ci DEFAULT NULL,
  `pId` char(50) CHARACTER SET utf8mb4 COLLATE utf8mb4_0900_ai_ci DEFAULT NULL,
  `vId` char(50) CHARACTER SET utf8mb4 COLLATE utf8mb4_0900_ai_ci DEFAULT NULL,
  KEY `blockId` (`blockId`) USING BTREE,
  KEY `cId` (`cId`) USING BTREE,
  KEY `pId` (`pId`) USING BTREE,
  KEY `vId` (`vId`) USING BTREE,
  CONSTRAINT `block_content_ibfk_1` FOREIGN KEY (`blockId`) REFERENCES `block` (`id`) ON DELETE CASCADE ON UPDATE CASCADE,
  CONSTRAINT `block_content_ibfk_2` FOREIGN KEY (`cId`) REFERENCES `channel` (`id`) ON DELETE CASCADE ON UPDATE CASCADE,
  CONSTRAINT `block_content_ibfk_3` FOREIGN KEY (`pId`) REFERENCES `playlist` (`id`) ON DELETE CASCADE ON UPDATE CASCADE,
  CONSTRAINT `block_content_ibfk_4` FOREIGN KEY (`vId`) REFERENCES `video` (`id`) ON DELETE CASCADE ON UPDATE CASCADE
) ENGINE=InnoDB DEFAULT CHARSET=utf8mb4 COLLATE=utf8mb4_0900_ai_ci ROW_FORMAT=DYNAMIC;
/*!40101 SET character_set_client = @saved_cs_client */;

--
-- Dumping data for table `block_content`
--

LOCK TABLES `block_content` WRITE;
/*!40000 ALTER TABLE `block_content` DISABLE KEYS */;
/*!40000 ALTER TABLE `block_content` ENABLE KEYS */;
UNLOCK TABLES;

--
-- Table structure for table `category`
--

DROP TABLE IF EXISTS `category`;
/*!40101 SET @saved_cs_client     = @@character_set_client */;
/*!50503 SET character_set_client = utf8mb4 */;
CREATE TABLE `category` (
  `id` char(50) CHARACTER SET utf8mb4 COLLATE utf8mb4_0900_ai_ci NOT NULL DEFAULT '0',
  `name` varchar(200) CHARACTER SET utf8mb4 COLLATE utf8mb4_0900_ai_ci DEFAULT NULL,
  `createTime` timestamp NULL DEFAULT CURRENT_TIMESTAMP,
  `updateTime` timestamp NULL DEFAULT CURRENT_TIMESTAMP ON UPDATE CURRENT_TIMESTAMP,
  `isExplore` int DEFAULT '0',
  PRIMARY KEY (`id`) USING BTREE,
  UNIQUE KEY `name` (`name`) USING BTREE
) ENGINE=InnoDB DEFAULT CHARSET=utf8mb4 COLLATE=utf8mb4_0900_ai_ci ROW_FORMAT=DYNAMIC;
/*!40101 SET character_set_client = @saved_cs_client */;

--
-- Dumping data for table `category`
--

LOCK TABLES `category` WRITE;
/*!40000 ALTER TABLE `category` DISABLE KEYS */;
INSERT INTO `category` VALUES ('1682755203328','摄影爱好者','2023-04-29 08:00:03','2024-01-06 07:52:58',0),('1682755239801','BLACKPINK爱好者','2023-04-29 08:00:39','2023-04-29 08:00:39',0),('1682755260010','名侦探柯南','2023-04-29 08:01:00','2023-04-29 08:01:00',0),('1682755318948','克里斯汀亚诺罗纳尔多','2023-04-29 08:01:58','2023-04-29 08:01:58',0),('1682755324609','梅西','2023-04-29 08:02:04','2023-04-29 08:02:04',0),('1682755335314','计算机科学与技术','2023-04-29 08:02:15','2023-04-29 08:02:15',0),('1682755348953','怀旧民谣','2023-04-29 08:02:28','2023-04-29 08:02:28',0),('1682755374704','摇滚','2023-04-29 08:02:54','2023-04-29 08:02:54',0),('1682755391592','美食基地','2023-04-29 08:03:11','2023-04-29 08:03:11',0),('1682755402414','军事基地','2023-04-29 08:03:22','2023-04-29 08:03:22',0),('1682756487505','动物','2023-04-29 08:21:27','2023-04-29 08:21:27',0),('1682756493070','植物','2023-04-29 08:21:33','2023-04-29 08:21:33',0),('1682756928507','动漫','2023-04-29 08:28:48','2023-04-29 08:28:48',0),('1701351175091','足球','2023-11-30 13:32:55','2023-11-30 13:32:55',0),('1701351191589','回忆','2023-11-30 13:33:11','2023-11-30 13:33:11',0),('1704527598715','那些你听过的歌','2024-01-06 07:53:18','2024-01-06 07:53:18',0);
/*!40000 ALTER TABLE `category` ENABLE KEYS */;
UNLOCK TABLES;

--
-- Table structure for table `channel`
--

DROP TABLE IF EXISTS `channel`;
/*!40101 SET @saved_cs_client     = @@character_set_client */;
/*!50503 SET character_set_client = utf8mb4 */;
CREATE TABLE `channel` (
  `id` char(50) CHARACTER SET utf8mb4 COLLATE utf8mb4_0900_ai_ci NOT NULL,
  `name` varchar(500) CHARACTER SET utf8mb4 COLLATE utf8mb4_0900_ai_ci DEFAULT NULL,
  `alias` varchar(500) CHARACTER SET utf8mb4 COLLATE utf8mb4_0900_ai_ci DEFAULT NULL,
  `userId` char(50) CHARACTER SET utf8mb4 COLLATE utf8mb4_0900_ai_ci DEFAULT NULL,
  `description` text CHARACTER SET utf8mb4 COLLATE utf8mb4_0900_ai_ci,
  `official` int DEFAULT NULL,
  `trailer` char(50) CHARACTER SET utf8mb4 COLLATE utf8mb4_0900_ai_ci DEFAULT NULL,
  `featured` char(50) CHARACTER SET utf8mb4 COLLATE utf8mb4_0900_ai_ci DEFAULT NULL,
  `banner` char(50) CHARACTER SET utf8mb4 COLLATE utf8mb4_0900_ai_ci DEFAULT NULL,
  `createTime` timestamp NULL DEFAULT CURRENT_TIMESTAMP,
  `updateTime` timestamp NULL DEFAULT CURRENT_TIMESTAMP ON UPDATE CURRENT_TIMESTAMP,
  PRIMARY KEY (`id`) USING BTREE,
  UNIQUE KEY `name` (`name`) USING BTREE
) ENGINE=InnoDB DEFAULT CHARSET=utf8mb4 COLLATE=utf8mb4_0900_ai_ci ROW_FORMAT=DYNAMIC;
/*!40101 SET character_set_client = @saved_cs_client */;

--
-- Dumping data for table `channel`
--

LOCK TABLES `channel` WRITE;
/*!40000 ALTER TABLE `channel` DISABLE KEYS */;
INSERT INTO `channel` VALUES ('1000000000001','Bug码',NULL,'1701176517959','豫章故郡，洪都新府。星分翼轸，地接衡庐。襟三江而带五湖，控蛮荆而引瓯越。物华天宝，龙光射牛斗之墟；人杰地灵，徐孺下陈蕃之榻。雄州雾列，俊采星驰。台隍枕夷夏之交，宾主尽东南之美。都督阎公之雅望，棨戟遥临；宇文新州之懿范，襜帷暂驻。十旬休假，胜友如云；千里逢迎，高朋满座。腾蛟起凤，孟学士之词宗',NULL,'1701176993424','1701178900100','1701778536984','2023-12-01 15:34:49','2023-12-09 08:34:19'),('1695627840947','叶子',NULL,'1695627840943','某些插件会通过 app.config.globalProperties 为所有组件都安装全局可用的属性。举例来说，我们可能为了请求数据而安装了 this.$http，或者为了国际化而安装了 this.$translate。为了使 TypeScript 更好地支持这个行为，Vue 暴露了一个被设计为可以通过 TypeScript 模块扩展来扩展的 ComponentCustomProperties 接口：',NULL,'1697263947397','1697264013066','1701514632547','2023-09-25 07:44:00','2024-02-11 08:34:10'),('1701180369127','小夜刀叉',NULL,'1701180369121','滕王阁序是唐代文学家王勃创作的一篇骈文。文章由洪都的地势、人才写到宴会，写滕王阁的壮丽，眺望的广远，扣紧秋日，景色鲜明；再从宴会娱游写到人生遇合，抒发身世之感；接着写作者的遭遇并表白要自励志节，最后以应命赋诗和自谦之辞作结',NULL,'1701499667928',NULL,'1701506474083','2023-11-28 14:06:09','2023-12-09 08:07:42'),('1701180385007','音乐',NULL,'1701180385005','coderhub官方频道',NULL,NULL,NULL,'1701444637905','2023-11-28 14:06:25','2023-12-01 15:31:35'),('1701180398880','电影和节目',NULL,'1701180398878',NULL,NULL,NULL,NULL,'1701444248199','2023-11-28 14:06:38','2023-12-01 15:24:08'),('1701180404317','游戏',NULL,'1701180404316',NULL,NULL,NULL,NULL,'1702110229320','2023-11-28 14:06:44','2023-12-09 08:23:49'),('1701180408476','新闻',NULL,'1701180408473',NULL,NULL,NULL,NULL,NULL,'2023-11-28 14:06:48','2023-11-28 14:06:48'),('1701180412727','体育',NULL,'1701180412726',NULL,NULL,NULL,NULL,'1701438630579','2023-11-28 14:06:52','2023-12-01 13:50:30'),('1701180418834','学习',NULL,'1701180418831',NULL,NULL,NULL,NULL,NULL,'2023-11-28 14:06:58','2023-11-28 14:06:58'),('1701350273438','曹操',NULL,'1701350273436',NULL,NULL,NULL,NULL,NULL,'2023-11-30 13:17:53','2023-11-30 13:17:53'),('1701861356240','孙权',NULL,'1701861356232',NULL,NULL,NULL,NULL,NULL,'2023-12-06 11:15:56','2023-12-06 11:15:56'),('1702193969536','guobin',NULL,'1702193969526',NULL,NULL,NULL,NULL,NULL,'2023-12-10 07:39:29','2023-12-10 07:39:29'),('1702194116153','lina',NULL,'1702194116150',NULL,NULL,NULL,NULL,NULL,'2023-12-10 07:41:56','2023-12-10 07:41:56'),('1702194200159','李娜',NULL,'1702194200156',NULL,NULL,'1705134899610','1707534418370','1705135138655','2023-12-10 07:43:20','2024-02-10 03:08:52'),('1706700733079','1',NULL,'1706700733075',NULL,NULL,NULL,NULL,NULL,'2024-01-31 11:32:13','2024-01-31 11:32:13'),('1706700751926','13',NULL,'1706700751924',NULL,NULL,NULL,NULL,NULL,'2024-01-31 11:32:31','2024-01-31 11:32:31'),('1706702225706','dwdw',NULL,'djaidae23232',NULL,NULL,NULL,NULL,NULL,'2024-01-31 11:57:05','2024-01-31 11:57:05'),('1706702587315','dwqq111111111qqqdw',NULL,'23wwwwwwwwwwwwwwwwwwwww23',NULL,NULL,NULL,NULL,NULL,'2024-01-31 12:03:07','2024-01-31 12:03:07'),('1706708138620','cds',NULL,'9c5c8b9e-a9b5-4daf-9d5e-0691dc7d8e44',NULL,NULL,NULL,NULL,NULL,'2024-01-31 13:35:38','2024-01-31 13:35:38'),('1706708289056','郭斌',NULL,'1f2278cd-5a9d-4bf1-aba2-1ca3ad57d614',NULL,NULL,NULL,NULL,NULL,'2024-01-31 13:38:09','2024-01-31 13:38:09'),('1706708665399','我爱你',NULL,'c01cacc3-542a-4755-ba0f-17d92b13fa77',NULL,NULL,NULL,NULL,NULL,'2024-01-31 13:44:25','2024-01-31 13:44:25'),('1706708989834','niai',NULL,'3ebc842f-287e-492c-bc52-df91d3247805',NULL,NULL,NULL,NULL,NULL,'2024-01-31 13:49:49','2024-01-31 13:49:49'),('1707633130063','史考兵',NULL,'1c7f1140-1af5-4e9e-a441-50b9c27f8b58',NULL,NULL,NULL,NULL,NULL,'2024-02-11 06:32:10','2024-02-11 06:32:10'),('1707633610557','测试用户',NULL,'231ba0c9-9b69-4b57-9a01-ee9b31078376',NULL,NULL,NULL,NULL,NULL,'2024-02-11 06:40:10','2024-02-11 06:40:10'),('1707634086832','过年',NULL,'b5c475f8-2849-4de5-adc3-39a0764605ce',NULL,NULL,NULL,NULL,NULL,'2024-02-11 06:48:06','2024-02-11 06:48:06'),('9999999999999','特朗普',NULL,'1701179513883',NULL,NULL,'1701179759725',NULL,'1702045175780','2023-12-08 13:41:54','2023-12-08 14:19:35');
/*!40000 ALTER TABLE `channel` ENABLE KEYS */;
UNLOCK TABLES;

--
-- Table structure for table `chat`
--

DROP TABLE IF EXISTS `chat`;
/*!40101 SET @saved_cs_client     = @@character_set_client */;
/*!50503 SET character_set_client = utf8mb4 */;
CREATE TABLE `chat` (
  `id` char(50) CHARACTER SET utf8mb4 COLLATE utf8mb4_0900_ai_ci NOT NULL,
  `content` text CHARACTER SET utf8mb4 COLLATE utf8mb4_0900_ai_ci,
  `sourceUser` char(50) CHARACTER SET utf8mb4 COLLATE utf8mb4_0900_ai_ci DEFAULT NULL,
  `online` int DEFAULT NULL,
  `targetUser` char(50) CHARACTER SET utf8mb4 COLLATE utf8mb4_0900_ai_ci DEFAULT NULL,
  `deleteUser` text CHARACTER SET utf8mb4 COLLATE utf8mb4_0900_ai_ci,
  `createTime` timestamp NULL DEFAULT CURRENT_TIMESTAMP,
  `updateTime` timestamp NULL DEFAULT CURRENT_TIMESTAMP ON UPDATE CURRENT_TIMESTAMP,
  PRIMARY KEY (`id`) USING BTREE
) ENGINE=InnoDB DEFAULT CHARSET=utf8mb4 COLLATE=utf8mb4_0900_ai_ci ROW_FORMAT=DYNAMIC;
/*!40101 SET character_set_client = @saved_cs_client */;

--
-- Dumping data for table `chat`
--

LOCK TABLES `chat` WRITE;
/*!40000 ALTER TABLE `chat` DISABLE KEYS */;
INSERT INTO `chat` VALUES ('1702045494152','叶子最近好么','1701179513883',1,'1695627840943',NULL,'2023-12-08 14:24:54','2023-12-08 14:24:54'),('1702045513166','我最近最喜欢听那个《queen card》','1695627840943',1,'1701179513883',NULL,'2023-12-08 14:25:13','2023-12-08 14:25:13'),('1702045546603','你真是个天才，我更新喜欢tomboy','1701179513883',1,'1695627840943',NULL,'2023-12-08 14:25:46','2023-12-08 14:25:46');
/*!40000 ALTER TABLE `chat` ENABLE KEYS */;
UNLOCK TABLES;

--
-- Table structure for table `collection`
--

DROP TABLE IF EXISTS `collection`;
/*!40101 SET @saved_cs_client     = @@character_set_client */;
/*!50503 SET character_set_client = utf8mb4 */;
CREATE TABLE `collection` (
  `id` char(50) CHARACTER SET utf8mb4 COLLATE utf8mb4_0900_ai_ci NOT NULL,
  `name` varchar(200) CHARACTER SET utf8mb4 COLLATE utf8mb4_0900_ai_ci DEFAULT NULL,
  `cover` varchar(255) CHARACTER SET utf8mb4 COLLATE utf8mb4_0900_ai_ci DEFAULT NULL,
  `description` text CHARACTER SET utf8mb4 COLLATE utf8mb4_0900_ai_ci,
  `userId` char(50) CHARACTER SET utf8mb4 COLLATE utf8mb4_0900_ai_ci DEFAULT NULL,
  `createTime` timestamp NULL DEFAULT CURRENT_TIMESTAMP,
  `updateTime` timestamp NULL DEFAULT CURRENT_TIMESTAMP ON UPDATE CURRENT_TIMESTAMP,
  PRIMARY KEY (`id`) USING BTREE,
  UNIQUE KEY `name` (`name`) USING BTREE,
  KEY `collection_userId_fk` (`userId`) USING BTREE,
  CONSTRAINT `collection_userId_fk` FOREIGN KEY (`userId`) REFERENCES `user` (`userId`) ON DELETE CASCADE ON UPDATE CASCADE
) ENGINE=InnoDB DEFAULT CHARSET=utf8mb4 COLLATE=utf8mb4_0900_ai_ci ROW_FORMAT=DYNAMIC;
/*!40101 SET character_set_client = @saved_cs_client */;

--
-- Dumping data for table `collection`
--

LOCK TABLES `collection` WRITE;
/*!40000 ALTER TABLE `collection` DISABLE KEYS */;
INSERT INTO `collection` VALUES ('1701443349202','怀旧童年','1701443348128','收集年少的音乐，看看有没有你的回忆','1701180385005','2023-12-01 15:09:09','2023-12-01 15:09:09'),('1701444065281','(g)-idle','1701444064212','感受叶舒华，宋雨琦，田小娟，赵美延和米妮的动听歌曲','1701180385005','2023-12-01 15:21:05','2023-12-01 15:21:05'),('1701583176163','那些动听的音乐','1701583174764','盘点那些单曲循环一整年的飙升歌曲','1701180385005','2023-12-03 05:59:36','2023-12-03 05:59:36'),('1702194624025','华语民谣，因为懂得才有共鸣','1702194622785','民谣是最安静的角落，民谣是一种诉说，包含了一种朴素的情感，在听的过程中可能会与自己的故事契合，产生共鸣，100首华语民谣，因为懂得才有共鸣。','1701180385005','2023-12-10 07:50:24','2023-12-10 07:50:24'),('1702194681543','走进缤纷的另类世界','1702194680533','你可以把摇滚当成启示、救赎、发泄、消遣、生意、武器，或者只是一种单纯的旋律和表述，但是，绝对不要把它紧紧误解为一种愤怒和态度。','1701180385005','2023-12-10 07:51:21','2023-12-10 07:51:21'),('1702194747359','假日枯燥：只有摇滚才是我的解药','1702194746216','每个人记忆中，\n都有一个专属的暑假。\n或许是\n吱呀转动从不停下的老旧风扇；\n或许是\n刚从冰箱里拿出的\n甜蜜多汁的冰西瓜','1701180385005','2023-12-10 07:52:27','2023-12-10 07:52:27'),('1704520572094','搞笑合集','1704520570975','收集天南地北搞笑视频','1702193969526','2024-01-06 05:56:12','2024-01-06 06:01:26'),('1706704935865','今天想丽娜了么','1706704934557','李娜我真的很想你','1702193969526','2024-01-31 12:42:15','2024-01-31 12:42:15');
/*!40000 ALTER TABLE `collection` ENABLE KEYS */;
UNLOCK TABLES;

--
-- Table structure for table `collection_video`
--

DROP TABLE IF EXISTS `collection_video`;
/*!40101 SET @saved_cs_client     = @@character_set_client */;
/*!50503 SET character_set_client = utf8mb4 */;
CREATE TABLE `collection_video` (
  `cId` char(50) CHARACTER SET utf8mb4 COLLATE utf8mb4_0900_ai_ci NOT NULL,
  `vId` char(50) CHARACTER SET utf8mb4 COLLATE utf8mb4_0900_ai_ci NOT NULL,
  `sort` int NOT NULL,
  PRIMARY KEY (`cId`,`vId`) USING BTREE
) ENGINE=InnoDB DEFAULT CHARSET=utf8mb4 COLLATE=utf8mb4_0900_ai_ci ROW_FORMAT=DYNAMIC;
/*!40101 SET character_set_client = @saved_cs_client */;

--
-- Dumping data for table `collection_video`
--

LOCK TABLES `collection_video` WRITE;
/*!40000 ALTER TABLE `collection_video` DISABLE KEYS */;
INSERT INTO `collection_video` VALUES ('1701443349202','1697264013066',12),('1701443349202','1701176993424',12),('1701443349202','1701177222724',12),('1701443349202','1701177824504',12),('1701443349202','1701179759725',12),('1701444065281','1695630351942',12),('1701444065281','1701352530518',12),('1701444065281','1701443899564',12),('1701583176163','1701177222724',12),('1701583176163','1701177618868',12),('1701583176163','1701177764743',12),('1701583176163','1701177824504',12),('1701583176163','1701178344369',12),('1701583176163','1701178696753',12),('1701583176163','1701178900100',12),('1701583176163','1701179107076',12),('1701583176163','1701179759725',12),('1702194624025','1701177824504',12),('1702194624025','1701178344369',12),('1702194624025','1701178696753',12),('1702194624025','1701499667928',12),('1702194681543','1701179759725',12),('1702194681543','1701350566667',12),('1702194681543','1701352079463',12),('1702194681543','1701352530518',12),('1702194747359','1701500752272',12),('1702194747359','1701501038634',12),('1702194747359','1701861942912',12),('1702194747359','1702044791168',12),('1704520572094','1701352079463',12),('1704520572094','1701352530518',12),('1704520572094','1703944636871',12);
/*!40000 ALTER TABLE `collection_video` ENABLE KEYS */;
UNLOCK TABLES;

--
-- Table structure for table `comment`
--

DROP TABLE IF EXISTS `comment`;
/*!40101 SET @saved_cs_client     = @@character_set_client */;
/*!50503 SET character_set_client = utf8mb4 */;
CREATE TABLE `comment` (
  `id` char(50) CHARACTER SET utf8mb4 COLLATE utf8mb4_0900_ai_ci NOT NULL,
  `content` text CHARACTER SET utf8mb4 COLLATE utf8mb4_0900_ai_ci,
  `userId` char(50) CHARACTER SET utf8mb4 COLLATE utf8mb4_0900_ai_ci DEFAULT NULL,
  `vId` char(50) CHARACTER SET utf8mb4 COLLATE utf8mb4_0900_ai_ci DEFAULT NULL,
  `replyId` char(50) CHARACTER SET utf8mb4 COLLATE utf8mb4_0900_ai_ci DEFAULT NULL,
  `createTime` timestamp NULL DEFAULT CURRENT_TIMESTAMP,
  `updateTime` timestamp NULL DEFAULT CURRENT_TIMESTAMP ON UPDATE CURRENT_TIMESTAMP,
  `mId` char(50) CHARACTER SET utf8mb4 COLLATE utf8mb4_0900_ai_ci DEFAULT NULL,
  PRIMARY KEY (`id`) USING BTREE,
  KEY `userId` (`userId`) USING BTREE,
  KEY `vId` (`vId`) USING BTREE,
  KEY `replyId` (`replyId`) USING BTREE,
  KEY `comment_ibfk_4` (`mId`) USING BTREE,
  CONSTRAINT `comment_ibfk_1` FOREIGN KEY (`userId`) REFERENCES `user` (`userId`) ON DELETE CASCADE ON UPDATE CASCADE,
  CONSTRAINT `comment_ibfk_2` FOREIGN KEY (`vId`) REFERENCES `video` (`id`) ON DELETE CASCADE ON UPDATE CASCADE,
  CONSTRAINT `comment_ibfk_3` FOREIGN KEY (`replyId`) REFERENCES `comment` (`id`) ON DELETE CASCADE ON UPDATE CASCADE,
  CONSTRAINT `comment_ibfk_4` FOREIGN KEY (`mId`) REFERENCES `moment` (`id`) ON DELETE CASCADE ON UPDATE CASCADE
) ENGINE=InnoDB DEFAULT CHARSET=utf8mb4 COLLATE=utf8mb4_0900_ai_ci ROW_FORMAT=DYNAMIC;
/*!40101 SET character_set_client = @saved_cs_client */;

--
-- Dumping data for table `comment`
--

LOCK TABLES `comment` WRITE;
/*!40000 ALTER TABLE `comment` DISABLE KEYS */;
INSERT INTO `comment` VALUES ('1701179184841','豫章故郡，洪都新府。星分翼轸(zhěn)，地接衡庐。襟三江而带五湖，控蛮荆而引瓯(ōu)越。物华天宝，龙光射牛斗之墟;人杰地灵，','1701176517959','1697263947397',NULL,'2023-11-28 13:46:24','2023-11-28 13:46:24',NULL),('1701179195002','豫章故郡，洪都新府。星分翼轸(zhěn)，地接衡庐。襟三江而带五湖，控蛮荆而引瓯(ōu)越。物华天宝，龙光射牛斗之墟;人杰地灵，','1701176517959','1697264268142',NULL,'2023-11-28 13:46:35','2023-11-28 13:46:35',NULL),('1701179205822','豫章故郡，洪都新府。星分翼轸(zhěn)，地接衡庐。襟三江而带五湖，控蛮荆而引瓯(ōu)越。物华天宝，龙光射牛斗之墟;人杰地灵，','1701176517959','1701177764743',NULL,'2023-11-28 13:46:45','2023-11-28 13:46:45',NULL),('1701179216503','豫章故郡，洪都新府。星分翼轸(zhěn)，地接衡庐。襟三江而带五湖，控蛮荆而引瓯(ōu)越。物华天宝，龙光射牛斗之墟;人杰地灵，','1701176517959','1701179107076',NULL,'2023-11-28 13:46:56','2023-11-28 13:46:56',NULL),('1701179229638','豫章故郡，洪都新府。星分翼轸(zhěn)，地接衡庐。襟三江而带五湖，控蛮荆而引瓯(ōu)越。物华天宝，龙光射牛斗之墟;人杰地灵，','1701176517959','1701178900100',NULL,'2023-11-28 13:47:09','2023-11-28 13:47:09',NULL),('1701179241652','临帝子之长洲，得天人之旧馆。层峦耸翠，上出重霄;飞阁流丹，下临无地。鹤汀(tīng)凫(fú )渚(zhǔ)，穷岛屿之萦(yíng)回；桂殿兰宫，即冈峦之体势。披绣闼(tà)，俯雕甍(méng )，山原旷其盈视，川泽纡(yū)其骇瞩。闾(lǘ)阎(yán) 扑地，钟鸣鼎食之家；舸(gě)舰弥津，青雀黄龙之舳(zhú)。云销雨霁(jì)，彩彻区明。落霞与孤鹜(wù)齐飞，秋水共长天一色。渔舟唱晚，响穷彭蠡(lǐ)之滨；雁阵惊寒，声断衡阳之浦。遥襟俯畅，逸兴遄(chuán)飞。爽籁发而清风生，纤歌凝而白云遏(è)。睢(suī)园绿竹，气凌彭泽之','1701176517959','1701178900100',NULL,'2023-11-28 13:47:21','2023-11-28 13:47:21',NULL),('1701179258670','犹欢。北海虽赊(shē)，扶摇可接；东隅(yú)已逝，桑榆非晚。孟尝高洁，空余报国之情;阮籍猖狂，岂效穷途之哭!勃，三尺微命，一介书生。无路请缨，等终军之弱冠;有怀投笔，慕宗悫(què)之长风。舍簪(zān)笏(hù)于百龄，奉晨昏于万里。非谢家之宝树，接孟氏之芳邻。他日趋庭，叨(tāo)陪鲤对；今兹(苏教版为“晨”)捧袂(mèi)，喜托龙门。杨意不逢，抚凌云而自惜;钟期既(苏教版为“相”)遇，奏流水','1701176517959','1701177618868',NULL,'2023-11-28 13:47:38','2023-11-28 13:47:38',NULL),('1701179426141','汉代的豫章旧郡，现在称洪都府。它处在翼、轸二星的分管区域，与庐山和衡山接壤。以三江为衣襟，以五湖为腰带，控制楚地，连接瓯越。这里地上物产的精华，乃是天的宝物，宝剑的光气直射牛、斗二星之间；人有俊杰是因为地有灵秀之气，','1695627840943','1697264268142',NULL,'2023-11-28 13:50:26','2023-11-28 13:50:26',NULL),('1701351606634','望的广远，扣紧秋日，景色鲜明；再从宴会娱游写到人生遇合，抒发身世之感；接着写作者的遭遇并表白要自励志节，最后以应命赋诗和自谦之','1701350273436','1697264013066',NULL,'2023-11-30 13:40:06','2023-11-30 13:40:06',NULL),('1701351612119','望的广远，扣紧秋日，景色鲜明；再从宴会娱游写到人生遇合，抒发身世之感；接着写作者的遭遇并表白要自励志节，最后以应命赋诗和自谦之','1701350273436','1701177618868',NULL,'2023-11-30 13:40:12','2023-11-30 13:40:12',NULL),('1701351620471','望的广远，扣紧秋日，景色鲜明；再从宴会娱游写到人生遇合，抒发身世之感；接着写作者的遭遇并表白要自励志节，最后以应命赋诗和自谦之','1701350273436','1701178900100',NULL,'2023-11-30 13:40:20','2023-11-30 13:40:20',NULL),('1701691347400','豫章故郡，洪都新府。星分翼轸，地接衡庐。襟三江而带五湖，控蛮荆而引瓯越。物华天宝，龙光射牛斗之墟；人杰地灵，徐孺下陈蕃之榻。雄州雾列，俊采星驰。台隍枕夷夏之交，宾主尽东南之美。都督阎公之雅望，棨','1695627840943','1701501038634',NULL,'2023-12-04 12:02:27','2023-12-04 12:02:27',NULL),('1701691368100','时维九月，序属三秋。潦水尽而寒潭清，烟光凝而暮山紫。俨骖騑于上路，访风景于崇阿。临帝子之长洲，得天人之','1701176517959','1701501038634',NULL,'2023-12-04 12:02:48','2023-12-04 12:02:48',NULL),('1701691392634','披绣闼，俯雕甍，山原旷其盈视，川泽纡其骇瞩。闾阎扑地，钟鸣鼎食之家；舸舰弥津，青雀黄龙之舳。云销雨霁，彩彻区明。落霞与孤鹜齐飞，秋水共长天一色。渔舟唱晚，响穷彭蠡之滨，雁阵惊寒，声断衡阳','1701180369121','1701501038634',NULL,'2023-12-04 12:03:12','2023-12-04 12:03:12',NULL),('1701691413315','遥襟甫畅，逸兴遄飞。爽籁发而清风生，纤歌凝而白云遏。睢园绿竹，气凌彭泽之樽；邺水朱华，光照临川之笔。四美具，二难并。穷睇眄于中天，极娱游于暇日。天高地迥，觉宇宙之无穷；兴尽悲来，识盈虚之有数。望长安于日下','1701350273436','1701501038634',NULL,'2023-12-04 12:03:33','2023-12-04 12:03:33',NULL),('1701691438950','嗟乎！时运不齐，命途多舛。冯唐易老，李广难封。屈贾谊于长沙，非无圣主；窜梁鸿于海曲，岂乏明时？所赖君子见机，达人知命。老当益壮，宁移白首之心？穷且益坚，不坠青云之志。酌贪泉而觉爽，处涸辙以犹欢。北海虽赊，扶摇可接；东隅已逝，桑榆非晚。孟尝高洁，空余报国之情；阮籍猖狂，岂效穷途之哭','1701179513883','1701501038634',NULL,'2023-12-04 12:03:58','2023-12-04 12:03:58',NULL),('1701696838210','射牛斗之墟；人杰地灵，徐孺下陈蕃之榻。雄州雾列，俊采星驰。台隍枕夷夏之交，宾主尽东南之美。都督阎公之雅望，棨戟遥临；宇文新州之懿范，襜帷暂驻。十旬休假，胜友如云；千里逢迎，高朋满座。腾蛟起','1701179513883','1701438826139',NULL,'2023-12-04 13:33:58','2023-12-04 13:33:58',NULL),('1701781948477','时维九月，序属三秋。潦水尽而寒潭清，烟光凝而暮山紫。俨骖騑于上路，访风景于崇阿。临帝子之长洲，得天人之旧馆。层','1701176517959','1701350566667',NULL,'2023-12-05 13:12:28','2023-12-05 13:12:28',NULL),('1701781957809','绣闼，俯雕甍，山原旷其盈视，川泽纡其骇瞩。闾阎扑地，钟鸣鼎食之家；舸舰弥津，青雀黄龙之舳。云销雨霁，彩彻区明。落霞与孤鹜齐飞，秋水共长天一色。渔舟唱晚，响穷彭蠡之滨，雁阵惊寒，声断衡阳','1701176517959','1701350566667',NULL,'2023-12-05 13:12:37','2023-12-05 13:12:37',NULL),('1701782013628','遥襟甫畅，逸兴遄飞。爽籁发而清风生，纤歌凝而白云遏。睢园绿竹，气凌彭泽之樽；邺水朱华，光照临川之笔。四美具，二难并。穷睇眄于中天，极娱游于暇日。天高地迥，觉宇宙之无穷；兴尽悲来，识盈虚之有','1695627840943','1701350566667',NULL,'2023-12-05 13:13:33','2023-12-05 13:13:33',NULL),('1701782024382','时？所赖君子见机，达人知命。老当益壮，宁移白首之心？穷且益坚，不坠青云之志。酌贪泉而觉爽，处涸辙以犹欢。北海虽赊，扶摇可接；东隅已逝，桑榆非晚。孟尝高洁，空余报国之情；阮籍猖狂，岂效','1695627840943',NULL,'1701781948477','2023-12-05 13:13:44','2023-12-05 13:13:44',NULL),('1701782066316','勃，三尺微命，一介书生。无路请缨，等终军之弱冠；有怀投笔，慕宗悫之长风。舍簪笏于百龄，奉晨昏于万里。非谢家之宝树，接孟氏之','1695627840943','1701350878244',NULL,'2023-12-05 13:14:26','2023-12-05 13:14:26',NULL),('1701782351485','襟甫畅，逸兴遄飞。爽籁发而清风生，纤歌凝而白云遏。睢园绿竹，气凌彭泽之樽；邺水朱华，光照临川之笔。四美具，二难并。穷睇眄于中天，极娱游于暇日。天高地迥，觉宇宙之无穷；兴尽悲来，识盈虚之有数。望长安于日','1695627840943','1697264013066',NULL,'2023-12-05 13:19:11','2023-12-05 13:19:11',NULL),('1702038153294','豫章故郡，洪都新府。星分翼轸，地接衡庐。襟三江而带五湖，控蛮荆而引瓯越。物华天宝，龙光射牛斗之墟；人杰地灵，徐孺下陈蕃之榻。雄州雾列，俊采星驰。台隍枕夷夏之交，宾主尽东南之美。都督阎公之雅望，棨戟遥临；宇文新州之懿范，襜帷暂驻。十旬休假，胜友如云；千里逢迎，高朋满座。腾蛟起凤，孟学士之词宗；紫电青霜，王将军之武库。家君作宰，路出名区；童子何知，躬逢胜饯','1701176517959','1697264201912',NULL,'2023-12-08 12:22:33','2023-12-08 12:22:33',NULL),('1702038177892','豫章故郡，洪都新府。星分翼轸，地接衡庐。襟三江而带五湖，控蛮荆而引瓯越。物华天宝，龙光射牛斗之墟；人杰地灵，徐孺下陈蕃之榻。雄州雾列，俊采星驰。台隍枕夷夏之交，宾主尽东南之美。都督阎公之雅望，棨戟遥临；宇文新州之懿范，襜帷暂驻。十旬休假，胜友如云；千里逢迎，高朋满座。腾蛟起凤，孟学士之词宗；紫电青霜，王将军之武库。家君作宰，路出名区；童子何知，躬逢胜饯','1701176517959','1701350878244',NULL,'2023-12-08 12:22:57','2023-12-08 12:22:57',NULL),('1702043041090','，俯雕甍，山原旷其盈视，川泽纡其骇瞩。闾阎扑地，钟鸣鼎食之家；舸舰弥津，青雀黄龙之舳。云销雨霁，彩彻区明。落霞与孤鹜齐飞，秋水共长天一色。渔舟唱晚，响穷彭蠡之滨，雁阵惊寒，声断衡阳之浦','1701179513883','1701352079463',NULL,'2023-12-08 13:44:01','2023-12-08 13:44:01',NULL),('1702044496748','灵，徐孺下陈蕃之榻。雄州雾列，俊采星驰。台隍枕夷夏之交，宾主尽东南之美。都督阎公之雅望，棨戟遥临；宇文新州之懿范，襜帷暂驻。十旬休假，胜友如云；千里逢迎，高朋满座。腾蛟起凤，孟学士之词宗；紫电青霜，王将军之武库。家君作宰，路出名区；童子何知，躬逢胜饯。','1701180369121','1697264268142',NULL,'2023-12-08 14:08:16','2023-12-08 14:08:16',NULL),('1702044524878','陈蕃之榻。雄州雾列，俊采星驰。台隍枕夷夏之交，宾主尽东南之美。都督阎公之雅望，棨戟遥临；宇文新州之懿范，襜帷暂驻。十旬休假，胜友如云；千里逢迎，高朋满座。腾蛟起凤，孟学士之词宗；','1701180369121','1697264013066',NULL,'2023-12-08 14:08:44','2023-12-08 14:08:44',NULL),('1702044537462','维九月，序属三秋。潦水尽而寒潭清，烟光凝而暮山紫。俨骖騑于上路，访风景于崇阿。临帝子之长洲，得天人之旧馆。层峦耸翠，上出重霄；飞阁流丹，下临无地。鹤汀凫渚，穷岛屿之萦回；桂殿兰宫，即冈峦之','1701180369121','1701178344369',NULL,'2023-12-08 14:08:57','2023-12-08 14:08:57',NULL),('1702044974391','太对了，华语乐坛有两个巅峰时期，第一就是上个世纪80年代末到90年代的港台音乐，第二就是进入21世纪初的大陆，特别是2004—2006这几年，从那以后，华语乐坛不管是港台还是大陆，都走向多元化，口水歌的时代，那种经典歌曲很少了','1701179513883','1702044953554',NULL,'2023-12-08 14:16:14','2023-12-08 14:16:14',NULL),('1702045025209','和我表妹唱歌，她唱女声，我唱男声，不管潘玮柏还是周杰伦，我都是唱rap[笑哭]就这么练会了嘴巴皮子，还有麻吉弟弟噼里啪啦电动王，现在放音乐，直接唱出来。不过现在的新歌曲怎么听都不会','1701179513883','1702044791168',NULL,'2023-12-08 14:17:05','2023-12-08 14:17:05',NULL),('1702102184559','，地接衡庐。襟三江而带五湖，控蛮荆而引瓯越。物华天宝，龙光射牛斗之墟；人杰地灵，徐孺下陈蕃之榻。雄州雾列，俊采星驰。台隍枕夷夏之交，宾主尽东南之美。都督阎公之雅望，棨戟遥临；宇文新州之懿范，襜帷暂驻。十旬休假，胜友如云；千里逢迎，高朋满座。腾蛟起凤，孟学士之词宗；紫电青霜，王将','1695627840943',NULL,'1702045025209','2023-12-09 06:09:44','2023-12-09 06:09:44',NULL),('1702104662399','墟；人杰地灵，徐孺下陈蕃之榻。雄州雾列，俊采星驰。台隍枕夷夏之交，宾主尽东南之美。都督阎公之雅望，棨戟遥临；宇文新州之懿范，襜帷暂驻。十旬休假，胜友如云；千里逢迎，高朋满座。腾蛟起凤，孟学','1701350273436',NULL,'1701691347400','2023-12-09 06:51:02','2023-12-09 06:51:02',NULL),('1702106016156','时维九月，序属三秋。潦水尽而寒潭清，烟光凝而暮山紫。俨骖騑于上路，访风景于崇阿。临帝子之长洲，得天','1701176517959',NULL,'1702104662399','2023-12-09 07:13:36','2023-12-09 07:13:36',NULL),('1702106649887','遥襟甫畅，逸兴遄飞。爽籁发而清风生，纤歌凝而白云遏。睢园绿竹，气凌彭泽之樽；邺水朱华，光照临川之笔。四美具，二难并。穷睇眄于中天，极娱游于暇日。天高地迥，觉宇宙之无穷；兴尽悲来，识盈虚之有数。望长安于日下，目吴会于','1701180369121','1701179759725',NULL,'2023-12-09 07:24:09','2023-12-09 07:24:09',NULL),('1702106960046','嗟乎！时运不齐，命途多舛。冯唐易老，李广难封。屈贾谊于长沙，非无圣主；窜梁鸿于海曲，岂乏明时？所赖君子见机，达人知命。老当益壮，宁移白首之心？穷且益坚，不坠青云之志。酌贪泉而觉爽，处涸辙以犹','1701180369121','1701179107076',NULL,'2023-12-09 07:29:20','2023-12-09 07:29:20',NULL),('1702108125432','披绣闼，俯雕甍，山原旷其盈视，川泽纡其骇瞩。闾阎扑地，钟鸣鼎食之家；舸舰弥津，青雀黄龙之舳。云销雨霁，彩彻区明。落霞与孤鹜齐飞，秋水共长天一色。渔舟唱晚，响穷彭蠡之滨，雁阵惊寒，声断衡阳之','1701180369121','1701352530518',NULL,'2023-12-09 07:48:45','2023-12-09 07:48:45',NULL),('1702194347900','《滕王阁序》是唐代文学家王勃创作的一篇骈文。文章由洪都的地势、人才写到宴会，写滕王阁的壮丽，眺望的广远，扣紧秋日，景色鲜明；再从宴会娱游写到人生遇合，抒发身世之感；接着写作者的遭遇并表白要自励志节，最后以应命赋诗和自谦','1702194200156','1701499667928',NULL,'2023-12-10 07:45:47','2023-12-10 07:45:47',NULL),('1702194359580','睢(suī)园绿竹，气凌彭泽之樽(zūn)；邺(yè)水朱华，光照临川之笔。四美具，二难并。穷睇眄(dì miǎn)于中天，极娱游于暇日。天高地迥(jiǒng)，觉宇宙之无穷；兴尽悲来，识盈虚之有数。望长安于日下，目吴会','1702194200156','1701501038634',NULL,'2023-12-10 07:45:59','2023-12-10 07:45:59',NULL),('1702194379734','时运不齐，命途多舛(chuǎn)。冯唐易老，李广难封。屈贾谊于长沙，非无圣主;窜梁鸿于海曲，岂乏明时?所赖君子见机，达人知命。老当益壮，宁移白首之心;穷且益坚，不坠青云之志。酌贪泉而觉爽，处涸辙(h','1702194200156','1697264201912',NULL,'2023-12-10 07:46:19','2023-12-10 07:46:19',NULL),('1702194390097','休的假日，才华出众的朋友多得如云；迎接千里而来的客人，尊贵的朋友坐满宴席。文章的辞彩如蛟龙腾空、凤凰飞起，那是文词宗主孟学士；紫电和清霜这样的宝剑，出自王将军的武库里。家父做交趾县','1702194200156','1701178696753',NULL,'2023-12-10 07:46:30','2023-12-10 07:46:30',NULL),('1702194398553','郡，现在称洪都府。它处在翼、轸二星的分管区域，与庐山和衡山接壤。以三江为衣襟，以五湖为腰带，控制楚地，连接瓯越。这里地上物产的精华，乃是天的宝物，宝剑的光气直射牛、斗二星之间；人有俊杰是','1702194200156','1701177222724',NULL,'2023-12-10 07:46:38','2023-12-10 07:46:38',NULL),('1702194436684','宾主尽东南之美。都督阎公之雅望，棨(qǐ)戟遥临；宇文新州之懿(yì)范，襜(chān)帷(wéi)暂驻。十旬休假，胜友如云；千里逢迎，高朋满座。腾蛟起凤，孟学士之词宗；紫电清霜，王将军之武库。家君作宰，路出名区','1702194200156','1702044953554',NULL,'2023-12-10 07:47:16','2023-12-10 07:47:16',NULL),('1702194447404','帝子之长洲，得天人之旧馆。层峦耸翠，上出重霄；飞阁流丹，下临无地。鹤汀(tīng)凫(fú)渚(zhǔ)，穷岛屿之萦','1702194200156','1701861942912',NULL,'2023-12-10 07:47:27','2023-12-10 07:47:27',NULL),('1702194459368','(jiē)乎！时运不齐，命途多舛(chuǎn)；冯唐易老，李广难封。屈贾谊(yì)于长沙，非无圣主；窜梁鸿于海曲，岂乏明时？所赖君子见机，达人知命。老当益壮，宁移白首之心？穷且益坚，不坠青云之志。酌贪泉而觉爽，处涸(hé)辙(zhé)以犹欢。北海虽赊(shē)，扶摇可接；东隅(yú)已逝，桑榆非晚。孟尝高洁，空余报国之情','1702194200156','1701352530518',NULL,'2023-12-10 07:47:39','2023-12-10 07:47:39',NULL),('1702194473967','呜呼！胜地不常，盛筵(yán)难再；兰亭已矣，梓(zǐ)泽丘墟。临别赠言，幸承恩于伟饯；登高作赋，是所望于群公。敢竭鄙怀，恭疏短引；一言均赋，四韵俱成。请洒潘江，各倾陆海云尔。','1702194200156','1701350878244',NULL,'2023-12-10 07:47:53','2023-12-10 07:47:53',NULL),('1702194490301','酒至半酣，阎公拿出女婿吴子章描写滕王阁的文章，在众宾客面前称赞，然后又说：“今天，有幸请到各位才子雅士，我们要挑','1702194200156','1701179107076',NULL,'2023-12-10 07:48:10','2023-12-10 07:48:10',NULL),('1702909823348','是唐代文学家王勃创作的一篇骈文。文章由洪都的地势、人才写到宴会，写滕王阁的壮丽，眺望的广远，扣紧秋日，','1701861356232','1701500752272',NULL,'2023-12-18 14:30:23','2023-12-18 14:30:23',NULL),('1702909864164','园绿竹，气凌彭泽之樽(zūn)；邺(yè)水朱华，光照临川之笔。四美具，二难并。穷睇眄(dì miǎn)于中天，极娱游于暇日。天高地迥(jiǒng)，觉宇宙之无穷；兴尽悲来，识盈虚之有数。望长安于日下，目吴会(kuài)于','1701861356232','1701178696753',NULL,'2023-12-18 14:31:04','2023-12-18 14:31:04',NULL),('1702909899029','雄伟的州城像雾一样涌起，杰出的人才像星星一样多。城池倚据在荆楚和华夏交接的地方，宴会上客人和主人都是东南一带的俊杰。声望崇高的阎都督公，打着仪仗（的高人）远道而来；德行美好的宇文新州刺史，驾着车马也在此暂时驻扎。','1701861356232','1701501038634',NULL,'2023-12-18 14:31:39','2023-12-18 14:31:39',NULL),('1702909935944','正好赶上十日一休的假日，才华出众的朋友多得如云；迎接千里而来的客人，尊贵的朋友坐满宴席。文章的辞彩如蛟龙腾空、凤凰飞起，那是文词宗主孟学士；紫电和清霜这样的宝剑，出自王将军的武库里','1701861356232','1701179107076',NULL,'2023-12-18 14:32:15','2023-12-18 14:32:15',NULL),('1702909953296','打开精美的阁门，俯瞰雕饰的屋脊，放眼远望辽阔的山原充满视野，迂回的河流湖泊使人看了惊叹。房屋排满地面','1701861356232','1697264013066',NULL,'2023-12-18 14:32:33','2023-12-18 14:32:33',NULL),('1704291618179','序属三秋。潦(lǎo)水尽而寒潭清，烟光凝而暮山紫。俨(yǎn)骖騑(cān fēi)于上路，访风景于崇阿(ē)；临帝子之长洲，得天人之旧馆。层峦耸翠，上出重霄;飞阁流丹，下临无地。鹤汀(tīng)凫(fú )渚(zhǔ)，穷岛屿之萦(yíng)回；桂殿兰宫，即冈峦之体势。披绣闼(tà)，俯雕甍(méng )，山原旷其盈视，川泽纡(yū)其骇瞩','1695627840943','1697264013066',NULL,'2024-01-03 14:20:18','2024-01-03 14:20:18',NULL),('1704291632165','洪都新府。星分翼轸(zhěn)，地接衡庐。襟三江而带五湖，控蛮荆而引瓯(ōu)越。物华天宝，龙光射牛斗之墟;人杰地灵，徐孺下陈蕃(fān)之榻。雄州雾列，俊采星驰。台隍(huáng)枕夷夏之交，宾主尽东南之美。','1695627840943','1701179107076',NULL,'2024-01-03 14:20:32','2024-01-03 14:20:32',NULL),('1704291664249','尽而寒潭清，烟光凝而暮山紫。俨(yǎn)骖騑(cān fēi)于上路，访风景于崇阿(ē)；临帝子之长洲，得天人之旧馆。层峦耸翠，上出重霄;飞阁流丹，下临无地。鹤汀(tīng)凫(fú )渚(zhǔ)，穷岛屿之萦(yíng)回','1695627840943','1701177618868',NULL,'2024-01-03 14:21:04','2024-01-03 14:21:04',NULL),('1704291675366','雁阵惊寒，声断衡阳之浦。遥襟俯畅，逸兴遄(chuán)飞。爽籁发而清风生，纤歌凝而白云遏(è)。睢(suī)园绿竹，气凌彭泽之樽(zūn)；','1695627840943','1701178344369',NULL,'2024-01-03 14:21:15','2024-01-03 14:21:15',NULL),('1704292150754','奏流水以何惭?呜呼!胜地不常，盛筵难再;兰亭已矣，梓(zǐ) 泽丘墟。临别赠言，幸承恩于伟饯;登高作赋，是所望于群公。敢竭鄙怀，恭疏短引;一言均赋，四韵俱成。请洒潘江，各倾陆海云尔','1701176517959','1703944636871',NULL,'2024-01-03 14:29:10','2024-01-03 14:29:10',NULL),('1704718832676','火遍全球','1701176517959','1703944636871',NULL,'2024-01-08 13:00:32','2024-01-08 13:00:32',NULL),('1704721178868','景色鲜明；再从宴会娱游写到人生遇合，抒发身世之感；接着写作者的遭遇并表白要自励志节，最后以应命赋诗和自谦之辞作结','1701176517959','1701179107076',NULL,'2024-01-08 13:39:38','2024-01-08 13:39:38',NULL),('1704721789324','庆历四年春，滕子京谪守巴陵郡。越明年，政通人和，百废具兴，乃重修岳阳楼，增其旧制，刻唐贤今人诗赋于其上，属予作文以记之','1701179513883','1701500752272',NULL,'2024-01-08 13:49:49','2024-01-08 13:49:49',NULL),('1704721804073','予观夫巴陵胜状，在洞庭一湖。衔远山，吞长江，浩浩汤汤，横无际涯，朝晖夕阴，气象万千，此则岳阳楼之大观也，前人之述备矣。然则北通巫峡，南极潇湘，迁客骚人，多会于此，览物之情，得无异乎','1701179513883','1702044953554',NULL,'2024-01-08 13:50:04','2024-01-08 13:50:04',NULL),('1704721817641','至若春和景明，波澜不惊，上下天光，一碧万顷，沙鸥翔集，锦鳞游泳，岸芷汀兰，郁郁青青。而或长烟一空，皓月千里，浮光跃金，','1701179513883','1703945014268',NULL,'2024-01-08 13:50:17','2024-01-08 13:50:17',NULL),('1704721833306','嗟夫！予尝求古仁人之心，或异二者之为，何哉？不以物喜，不以己悲，居庙堂之高则忧其民，处江湖之远则忧其君。是进亦忧，退亦忧。然则何时而乐耶？其必曰“先天下之忧而忧，后天下之乐而乐”乎！噫！微斯人','1701179513883','1703944636871',NULL,'2024-01-08 13:50:33','2024-01-08 13:50:33',NULL),('1704721855006','若夫淫雨霏霏，连月不开，阴风怒号，浊浪排空，日星隐曜，山岳潜形，商旅不行，樯倾楫摧，薄暮冥冥，虎啸猿啼。登斯楼也，则有去国怀乡，忧谗畏讥','1701179513883','1701861942912',NULL,'2024-01-08 13:50:55','2024-01-08 13:50:55',NULL),('1704721880423','嗟夫！予尝求古仁人之心，或异二者之为，何哉？不以物喜，不以己悲，居庙堂之高则忧其民，处江湖之远则忧其君。是进亦忧，退亦忧。然则何时而乐耶？其必曰“先天下之忧而忧，后天下之乐而乐”乎！噫！微斯人，吾谁与归','1701179513883','1701352530518',NULL,'2024-01-08 13:51:20','2024-01-08 13:51:20',NULL),('1704721897591','若夫淫雨霏霏，连月不开，阴风怒号，浊浪排空，日星隐曜，山岳潜形，商旅不行，樯倾楫摧，薄暮冥冥，虎啸猿啼','1701179513883','1701178696753',NULL,'2024-01-08 13:51:37','2024-01-08 13:51:37',NULL),('1704721907238','，皓月千里，浮光跃金，静影沉璧，渔歌互答，此乐何极！登斯楼也，则有心旷神怡，宠辱偕忘，把酒临风，其喜洋洋者矣','1701179513883','1697264201912',NULL,'2024-01-08 13:51:47','2024-01-08 13:51:47',NULL),('1704721926040','若夫淫雨霏霏，连月不开，阴风怒号，浊浪排空，日星隐曜，山岳潜形，商旅不行，樯倾楫摧，薄暮冥冥，虎啸猿啼。登斯楼也，则有去国怀乡，忧谗畏讥，满目萧然，','1701179513883','1701179759725',NULL,'2024-01-08 13:52:06','2024-01-08 13:52:06',NULL),('1704721942685','予观夫巴陵胜状，在洞庭一湖。衔远山，吞长江，浩浩汤汤，横无际涯，朝晖夕阴，气象万千，此则岳阳楼之大观也，前人之述备矣。然则北通巫峡，南极潇湘，迁客骚人，多会于此，览物之情，得无异乎','1701179513883','1701443899564',NULL,'2024-01-08 13:52:22','2024-01-08 13:52:22',NULL),('1704722008637','予观夫巴陵胜状，在洞庭一湖。衔远山，吞长江，浩浩汤汤，横无际涯，朝晖夕阴，气象万千，此则岳阳楼之大观也，前人之述备矣。然则北通巫峡，南极潇湘，迁客骚人，多会于此，览物之情，得无异乎','1701179513883','1701177222724',NULL,'2024-01-08 13:53:28','2024-01-08 13:53:28',NULL),('1704722056837','至若春和景明，波澜不惊，上下天光，一碧万顷，沙鸥翔集，锦鳞游泳，岸芷汀兰，郁郁青青。而或长烟一空，皓月千里，浮光跃金，静影沉璧，渔歌互答，此乐何极！登斯楼也，则有心旷神怡，宠辱偕忘，把酒临风','1701179513883','1697264013066',NULL,'2024-01-08 13:54:16','2024-01-08 13:54:16',NULL),('1704722421572','嗟夫！予尝求古仁人之心，或异二者之为，何哉？不以物喜，不以己悲，居庙堂之高则忧其民，处江湖之远则忧其君。是进亦忧，退亦忧。然则何时而乐耶？其必曰“先天下之忧而忧，后天下之乐而乐”乎！噫！微斯人，吾谁与归？','1701179513883','1704722402162',NULL,'2024-01-08 14:00:21','2024-01-08 14:00:21',NULL),('1704979749716','豫章故郡，洪都新府。星分翼轸，地接衡庐。襟三江而带五湖，控蛮荆而引瓯越。物华天宝，龙光射牛斗之墟；人杰地灵，徐孺下陈蕃之榻。雄州雾列，俊采星驰。台隍枕夷夏之交，宾主尽东南之美。都督阎公之雅望，棨戟遥临；宇文新州之懿范，襜帷暂驻。十旬休假，胜友如云；千里逢迎，高朋满座。腾蛟起凤，孟学士之词宗；紫电青霜，王将军之武库。家君作宰，路出名区；童子何知，躬逢胜饯','1701861356232','1703945014268',NULL,'2024-01-11 13:29:09','2024-01-11 13:29:09',NULL),('1704979774770','时维九月，序属三秋。潦水尽而寒潭清，烟光凝而暮山紫。俨骖騑于上路，访风景于崇阿。临帝子之长洲，得天人之旧馆。层峦耸翠，上出重霄；飞阁流丹，下临无地。鹤汀凫渚，穷岛屿之萦回；桂殿兰宫，即冈峦之体','1701861356232','1704722402162',NULL,'2024-01-11 13:29:34','2024-01-11 13:29:34',NULL),('1705069550168','豫章故郡，洪都新府。星分翼轸，地接衡庐。襟三江而带五湖，控蛮荆而引瓯越。物华天宝，龙光射牛斗之墟；人杰地灵，徐孺下陈蕃之榻。雄州雾列，俊采星驰。台隍枕夷夏之交，宾主尽东南之美。都督阎公之雅望，棨戟遥临；宇文新州之懿范，襜帷暂驻。十旬休假，胜友如云；千里逢迎，高朋满座。腾蛟起凤','1701861356232',NULL,'1704722421572','2024-01-12 14:25:50','2024-01-12 14:25:50',NULL),('1705069628052','时维九月，序属三秋。潦水尽而寒潭清，烟光凝而暮山紫。俨骖騑于上路，访风景于崇阿。临帝子之长洲，得天人之旧馆。层峦耸翠，上出重霄；飞阁流丹，下临无地。鹤汀凫渚，穷岛屿之萦回；桂殿兰宫，即冈峦之体','1702194200156','1704722402162',NULL,'2024-01-12 14:27:08','2024-01-12 14:27:08',NULL),('1705134670937','豫章故郡，洪都新府。星分翼轸，地接衡庐。襟三江而带五湖，控蛮荆而引瓯越。物华天宝，龙光射牛斗之墟；人杰地灵，徐孺下陈蕃之榻。雄州雾列，俊采星驰。台隍枕夷夏之交，宾主尽东南之美。都督阎公之雅望，棨戟遥临；宇文新州之懿范，襜帷暂驻。十旬休假，胜友如云；千里逢迎，高朋满座。腾蛟起凤','1702194200156','1703944636871',NULL,'2024-01-13 08:31:10','2024-01-13 08:31:10',NULL),('1705135591008','时维九月，序属三秋。潦水尽而寒潭清，烟光凝而暮山紫。俨骖騑于上路，访风景于崇阿。临帝子之长洲，得天人之旧馆。层峦耸翠，上出重霄；飞阁流丹，下临无地。鹤汀凫渚，穷岛屿之萦回；桂殿兰宫，即冈峦之体势。','1702194200156','1701443899564',NULL,'2024-01-13 08:46:31','2024-01-13 08:46:31',NULL),('1705410469536','遥襟甫畅，逸兴遄飞。爽籁发而清风生，纤歌凝而白云遏。睢园绿竹，气凌彭泽之樽；邺水朱华，光照临川之笔。四美具，二难并。穷睇眄于中天，极娱游于暇日。天高地迥，觉宇宙之无穷；兴尽悲来，识盈虚之有数。望长安于日下，目吴会于云间。地势极而南溟深，天柱高而北辰远。关山难越，谁悲失路之人；萍水相逢，尽是他乡之客。','1702194200156','1701350566667',NULL,'2024-01-16 13:07:49','2024-01-16 13:07:49',NULL),('1707534172328','是唐代文学家王勃创作的一篇骈文。文章由洪都的地势、人才写到宴会，写滕王阁的壮丽，眺望的广远，扣紧秋日，景色鲜明','1702194200156','1707533674179',NULL,'2024-02-10 03:02:52','2024-02-10 03:02:52',NULL),('1707619051007','全文表露了作者的抱负和怀才不遇的愤懑心情。文章除少数虚词以外，通篇对偶。句法以四字句、六字句为多，对得整齐；又几乎是通篇用典，用得比较自然而恰当，显得典雅而工','1702194200156','1705134899610',NULL,'2024-02-11 02:37:31','2024-02-11 02:37:31',NULL);
/*!40000 ALTER TABLE `comment` ENABLE KEYS */;
UNLOCK TABLES;

--
-- Table structure for table `dm`
--

DROP TABLE IF EXISTS `dm`;
/*!40101 SET @saved_cs_client     = @@character_set_client */;
/*!50503 SET character_set_client = utf8mb4 */;
CREATE TABLE `dm` (
  `id` char(50) CHARACTER SET utf8mb4 COLLATE utf8mb4_0900_ai_ci NOT NULL,
  `text` varchar(500) CHARACTER SET utf8mb4 COLLATE utf8mb4_0900_ai_ci DEFAULT NULL,
  `time` char(100) CHARACTER SET utf8mb4 COLLATE utf8mb4_0900_ai_ci DEFAULT NULL,
  `vId` char(50) CHARACTER SET utf8mb4 COLLATE utf8mb4_0900_ai_ci DEFAULT NULL,
  `userId` char(50) CHARACTER SET utf8mb4 COLLATE utf8mb4_0900_ai_ci DEFAULT NULL,
  `createTime` timestamp NULL DEFAULT CURRENT_TIMESTAMP,
  `updateTime` timestamp NULL DEFAULT CURRENT_TIMESTAMP ON UPDATE CURRENT_TIMESTAMP,
  PRIMARY KEY (`id`) USING BTREE,
  KEY `vId` (`vId`) USING BTREE,
  CONSTRAINT `dm_ibfk_1` FOREIGN KEY (`vId`) REFERENCES `video` (`id`) ON DELETE CASCADE ON UPDATE CASCADE
) ENGINE=InnoDB DEFAULT CHARSET=utf8mb4 COLLATE=utf8mb4_0900_ai_ci ROW_FORMAT=DYNAMIC;
/*!40101 SET character_set_client = @saved_cs_client */;

--
-- Dumping data for table `dm`
--

LOCK TABLES `dm` WRITE;
/*!40000 ALTER TABLE `dm` DISABLE KEYS */;
INSERT INTO `dm` VALUES ('1701179299023','的我的晚饭为绯闻绯闻绯闻分','00:49','1701179107076','1701176517959','2023-11-28 13:48:19','2023-11-28 13:48:19'),('1701355050542','童年啊','00:43','1701179107076','1701179513883','2023-11-30 14:37:30','2023-11-30 14:37:30'),('1702907909705','这也太好听了吧','00:11','1701352530518','1701176517959','2023-12-18 13:58:29','2023-12-18 13:58:29'),('1703397651006','dqwdqw','00:48','1701352079463','1701176517959','2023-12-24 06:00:51','2023-12-24 06:00:51'),('1703399172095','灭易车网','01:21','1701501038634','1701176517959','2023-12-24 06:26:12','2023-12-24 06:26:12'),('1703406472866','带我去打球打球打球我的','00:08','1701179107076','1701176517959','2023-12-24 08:27:52','2023-12-24 08:27:52'),('1703902884416','ddddddededededede','00:08','1701179107076','1701176517959','2023-12-30 02:21:24','2023-12-30 02:21:24'),('1703905614813','tonggnia','00:44','1701178900100','1701176517959','2023-12-30 03:06:54','2023-12-30 03:06:54'),('1703945176836','模型','00:18','1703944636871','1701176517959','2023-12-30 14:06:16','2023-12-30 14:06:16'),('1704471117646','我的童年就是名侦探柯南','00:43','1703945014268','1701176517959','2024-01-05 16:11:57','2024-01-05 16:11:57'),('1704471282582','这个就是童年女神','00:50','1703945014268','1701176517959','2024-01-05 16:14:42','2024-01-05 16:14:42'),('1704721961771','若夫淫雨霏霏，连月不开，阴风怒号，浊浪排空，日星隐曜，山岳潜形，商旅不行，樯倾楫摧，薄暮冥冥，虎啸猿啼','00:30','1701443899564','1701179513883','2024-01-08 13:52:41','2024-01-08 13:52:41'),('1706710062702','ndqodqod','00:07','1705134899610','1702194200156','2024-01-31 14:07:42','2024-01-31 14:07:42');
/*!40000 ALTER TABLE `dm` ENABLE KEYS */;
UNLOCK TABLES;

--
-- Table structure for table `file`
--

DROP TABLE IF EXISTS `file`;
/*!40101 SET @saved_cs_client     = @@character_set_client */;
/*!50503 SET character_set_client = utf8mb4 */;
CREATE TABLE `file` (
  `id` char(50) CHARACTER SET utf8mb4 COLLATE utf8mb4_0900_ai_ci DEFAULT NULL,
  `picUrl` varchar(500) CHARACTER SET utf8mb4 COLLATE utf8mb4_0900_ai_ci DEFAULT NULL,
  `vioUrl` varchar(500) CHARACTER SET utf8mb4 COLLATE utf8mb4_0900_ai_ci DEFAULT NULL,
  `originalname` varchar(500) CHARACTER SET utf8mb4 COLLATE utf8mb4_0900_ai_ci DEFAULT NULL,
  `mimetype` varchar(500) CHARACTER SET utf8mb4 COLLATE utf8mb4_0900_ai_ci DEFAULT NULL,
  `dest` varchar(500) CHARACTER SET utf8mb4 COLLATE utf8mb4_0900_ai_ci DEFAULT NULL,
  `filename` varchar(500) CHARACTER SET utf8mb4 COLLATE utf8mb4_0900_ai_ci DEFAULT NULL,
  `size` int DEFAULT NULL,
  `createTime` timestamp NULL DEFAULT CURRENT_TIMESTAMP,
  `updateTime` timestamp NULL DEFAULT CURRENT_TIMESTAMP ON UPDATE CURRENT_TIMESTAMP
) ENGINE=InnoDB DEFAULT CHARSET=utf8mb4 COLLATE=utf8mb4_0900_ai_ci ROW_FORMAT=DYNAMIC;
/*!40101 SET character_set_client = @saved_cs_client */;

--
-- Dumping data for table `file`
--

LOCK TABLES `file` WRITE;
/*!40000 ALTER TABLE `file` DISABLE KEYS */;
INSERT INTO `file` VALUES ('1697263816256','http://localhost:8888/image/1697263816256',NULL,'一吻天荒.png','image/png','./upload/image','1697263816255.png',66889,'2023-10-14 06:10:16','2023-10-14 06:10:16'),('1697263695040',NULL,'http://localhost:8888/video/d012896f0cef43f0450d805e0c355805.m3u8','一吻天荒.mp4',NULL,'./upload/video/','d012896f0cef43f0450d805e0c355805.m3u8',NULL,'2023-10-14 06:12:21','2023-10-14 06:12:21'),('1697263998697','http://localhost:8888/image/1697263998697',NULL,'一直很安静.png','image/png','./upload/image','1697263998696.png',72515,'2023-10-14 06:13:18','2023-10-14 06:13:18'),('1697263974619',NULL,'http://localhost:8888/video/5046cb6ceeaadfc491fe16bd98593f83.m3u8','一直很安静.mp4',NULL,'./upload/video/','5046cb6ceeaadfc491fe16bd98593f83.m3u8',NULL,'2023-10-14 06:13:23','2023-10-14 06:13:23'),('1697264109401','http://localhost:8888/image/1697264109401',NULL,'剑心.png','image/png','./upload/image','1697264109400.png',111205,'2023-10-14 06:15:09','2023-10-14 06:15:09'),('1697264077193',NULL,'http://localhost:8888/video/963ec619935f734d881c2c74a6ee1036.m3u8','剑心.mp4',NULL,'./upload/video/','963ec619935f734d881c2c74a6ee1036.m3u8',NULL,'2023-10-14 06:16:36','2023-10-14 06:16:36'),('1697264213803',NULL,'http://localhost:8888/video/a298b32bb40fe522f2a6b2451e9bd6c0.m3u8','特别的爱给特别的你.mp4',NULL,'./upload/video/','a298b32bb40fe522f2a6b2451e9bd6c0.m3u8',NULL,'2023-10-14 06:17:16','2023-10-14 06:17:16'),('1697264253626','http://localhost:8888/image/1697264253626',NULL,'伍思凯.png','image/png','./upload/image','1697264253625.png',35331,'2023-10-14 06:17:33','2023-10-14 06:17:33'),('1701176978421','http://localhost:8888/image/1701176978421',NULL,'11.avif','image/avif','./upload/image','1701176978419.avif',73300,'2023-11-28 13:09:38','2023-11-28 13:09:38'),('1701177150199',NULL,'http://localhost:8888/video/8a8b57f2de9fa82c8ac8afcd4ee69487.m3u8','年少的你啊.mp4',NULL,'./upload/video/','8a8b57f2de9fa82c8ac8afcd4ee69487.m3u8',NULL,'2023-11-28 13:12:49','2023-11-28 13:12:49'),('1701177207483','http://localhost:8888/image/1701177207483',NULL,'年少的你.avif','image/avif','./upload/image','1701177207480.avif',66257,'2023-11-28 13:13:27','2023-11-28 13:13:27'),('1701177418433','http://localhost:8888/image/1701177418433',NULL,'忘记时间.avif','image/avif','./upload/image','1701177418430.avif',69916,'2023-11-28 13:16:58','2023-11-28 13:16:58'),('1701177386362',NULL,'http://localhost:8888/video/6fcdf034812f5619a46f7730cecafb73.m3u8','忘记时间.mp4',NULL,'./upload/video/','6fcdf034812f5619a46f7730cecafb73.m3u8',NULL,'2023-11-28 13:20:11','2023-11-28 13:20:11'),('1701177669776','http://localhost:8888/image/1701177669776',NULL,'在你的身边.avif','image/avif','./upload/image','1701177669775.avif',79647,'2023-11-28 13:21:09','2023-11-28 13:21:09'),('1701177636964',NULL,'http://localhost:8888/video/c02c40b86b067c906de8a337d14622d9.m3u8','在你的身边.mp4',NULL,'./upload/video/','c02c40b86b067c906de8a337d14622d9.m3u8',NULL,'2023-11-28 13:21:27','2023-11-28 13:21:27'),('1701177954528','http://localhost:8888/image/1701177954528',NULL,'我记得.avif','image/avif','./upload/image','1701177954526.avif',47541,'2023-11-28 13:25:54','2023-11-28 13:25:54'),('1701177926902',NULL,'http://localhost:8888/video/09d7968cbc3b4b831ad3b9167f5c08e1.m3u8','我记得.mp4',NULL,'./upload/video/','09d7968cbc3b4b831ad3b9167f5c08e1.m3u8',NULL,'2023-11-28 13:31:28','2023-11-28 13:31:28'),('1701178566656',NULL,'http://localhost:8888/video/f02cc9a671bfe9611fa19be8a820f658.m3u8','视频童年.mp4',NULL,'./upload/video/','f02cc9a671bfe9611fa19be8a820f658.m3u8',NULL,'2023-11-28 13:36:34','2023-11-28 13:36:34'),('1701178685634','http://localhost:8888/image/1701178685634',NULL,'童年.avif','image/avif','./upload/image','1701178685631.avif',113958,'2023-11-28 13:38:05','2023-11-28 13:38:05'),('1701178888088','http://localhost:8888/image/1701178888088',NULL,'太阳温暖天边彩霞.avif','image/avif','./upload/image','1701178888075.avif',83308,'2023-11-28 13:41:28','2023-11-28 13:41:28'),('1701178873732',NULL,'http://localhost:8888/video/9f4d2490867461d1908f57a5f2301dbd.m3u8','太阳温暖天边彩霞.mp4',NULL,'./upload/video/','9f4d2490867461d1908f57a5f2301dbd.m3u8',NULL,'2023-11-28 13:41:38','2023-11-28 13:41:38'),('1701179022954',NULL,'http://localhost:8888/video/a511744dbc49166d1dddb20809e30111.m3u8','七龙珠.mp4',NULL,'./upload/video/','a511744dbc49166d1dddb20809e30111.m3u8',NULL,'2023-11-28 13:43:59','2023-11-28 13:43:59'),('1701179098427','http://localhost:8888/image/1701179098427',NULL,'longzhu.avif','image/avif','./upload/image','1701179098425.avif',85450,'2023-11-28 13:44:58','2023-11-28 13:44:58'),('1701179662618',NULL,'http://localhost:8888/video/4d126f04fd75f8eff83864ba32234733.m3u8','love.mp4',NULL,'./upload/video/','4d126f04fd75f8eff83864ba32234733.m3u8',NULL,'2023-11-28 13:54:30','2023-11-28 13:54:30'),('1701179731576',NULL,'http://localhost:8888/video/4d126f04fd75f8eff83864ba32234733.m3u8','love.mp4',NULL,'./upload/video/','4d126f04fd75f8eff83864ba32234733.m3u8',NULL,'2023-11-28 13:55:39','2023-11-28 13:55:39'),('1701179744831','http://localhost:8888/image/1701179744831',NULL,'youui.avif','image/avif','./upload/image','1701179744830.avif',57851,'2023-11-28 13:55:44','2023-11-28 13:55:44'),('1701350521631',NULL,'http://localhost:8888/video/63e08ffdc9bc4e6ba36eddea049bd437.m3u8','黑粉.mp4',NULL,'./upload/video/','63e08ffdc9bc4e6ba36eddea049bd437.m3u8',NULL,'2023-11-30 13:22:26','2023-11-30 13:22:26'),('1701350551208','http://localhost:8888/image/1701350551208',NULL,'黑粉.avif','image/avif','./upload/image','1701350551204.avif',74753,'2023-11-30 13:22:31','2023-11-30 13:22:31'),('1701350713639','http://localhost:8888/image/1701350713639',NULL,'泰拉.webp','image/webp','./upload/image','1701350713638.webp',118557,'2023-11-30 13:25:13','2023-11-30 13:25:13'),('1701350698315',NULL,'http://localhost:8888/video/e86ea9249ad38d249e2b81434d020708.m3u8','泰拉.mp4',NULL,'./upload/video/','e86ea9249ad38d249e2b81434d020708.m3u8',NULL,'2023-11-30 13:27:35','2023-11-30 13:27:35'),('1701352020462',NULL,'http://localhost:8888/video/d521d3bb48de78a531c6e9e7a421996b.m3u8','水中花.mp4',NULL,'./upload/video/','d521d3bb48de78a531c6e9e7a421996b.m3u8',NULL,'2023-11-30 13:47:22','2023-11-30 13:47:22'),('1701352060276','http://localhost:8888/image/1701352060276',NULL,'水中花.avif','image/avif','./upload/image','1701352060274.avif',72426,'2023-11-30 13:47:40','2023-11-30 13:47:40'),('1701352307339','http://localhost:8888/image/1701352307339',NULL,'bean.avif','image/avif','./upload/image','1701352307337.avif',74549,'2023-11-30 13:51:47','2023-11-30 13:51:47'),('1701352294327',NULL,'http://localhost:8888/video/c595bf33e7e8596d2843fc3be7153bb2.m3u8','bean.mp4',NULL,'./upload/video/','c595bf33e7e8596d2843fc3be7153bb2.m3u8',NULL,'2023-11-30 13:54:56','2023-11-30 13:54:56'),('1701353093185','http://localhost:8888/image/1701353093185',NULL,'cc.webp','image/webp','./upload/image','1701353093182.webp',97254,'2023-11-30 14:04:53','2023-11-30 14:04:53'),('1701353255824','http://localhost:8888/image/1701353255824',NULL,'cluo.avif','image/avif','./upload/image','1701353255823.avif',67263,'2023-11-30 14:07:35','2023-11-30 14:07:35'),('1701353225861',NULL,'http://localhost:8888/video/946a0cbaddeb666e16d0dcff0cbacb4d.m3u8','c罗.mp4',NULL,'./upload/video/','946a0cbaddeb666e16d0dcff0cbacb4d.m3u8',NULL,'2023-11-30 14:21:11','2023-11-30 14:21:11'),('1701438630579','http://localhost:8888/image/1701438630579',NULL,'sports.webp','image/webp','./upload/image','1701438630571.webp',300360,'2023-12-01 13:50:30','2023-12-01 13:50:30'),('1701438987004',NULL,'http://localhost:8888/video/9f4d2490867461d1908f57a5f2301dbd.m3u8','太阳温暖天边彩霞.mp4',NULL,'./upload/video/','9f4d2490867461d1908f57a5f2301dbd.m3u8',NULL,'2023-12-01 13:57:01','2023-12-01 13:57:01'),('1701443241463','http://localhost:8888/image/1701443241463',NULL,'水中花.avif','image/avif','./upload/image','1701443241460.avif',67749,'2023-12-01 15:07:21','2023-12-01 15:07:21'),('1701443348128','http://localhost:8888/image/1701443348128',NULL,'longzhu.avif','image/avif','./upload/image','1701443348125.avif',69135,'2023-12-01 15:09:08','2023-12-01 15:09:08'),('1701443840217',NULL,'http://localhost:8888/video/26e38007ca1f51e67669e2a7b7c988a1.m3u8','tomboy.mp4',NULL,'./upload/video/','26e38007ca1f51e67669e2a7b7c988a1.m3u8',NULL,'2023-12-01 15:17:42','2023-12-01 15:17:42'),('1701443884052','http://localhost:8888/image/1701443884052',NULL,'tmoboy.avif','image/avif','./upload/image','1701443884049.avif',105350,'2023-12-01 15:18:04','2023-12-01 15:18:04'),('1701444064212','http://localhost:8888/image/1701444064212',NULL,'gidle.avif','image/avif','./upload/image','1701444064211.avif',87291,'2023-12-01 15:21:04','2023-12-01 15:21:04'),('1701444248199','http://localhost:8888/image/1701444248199',NULL,'木偶奇遇记.webp','image/webp','./upload/image','1701444248196.webp',213271,'2023-12-01 15:24:08','2023-12-01 15:24:08'),('1701444637905','http://localhost:8888/image/1701444637905',NULL,'taile.jpeg','image/jpeg','./upload/image','1701444637900.jpeg',243576,'2023-12-01 15:30:37','2023-12-01 15:30:37'),('1701499439780','http://localhost:8888/image/1701499439780',NULL,'i want you know.avif','image/avif','./upload/image','1701499439779.avif',48418,'2023-12-02 06:43:59','2023-12-02 06:43:59'),('1701499377618',NULL,'http://localhost:8888/video/1e53f90db2d50313a7fa702d0981ac86.m3u8','i want you know.mp4',NULL,'./upload/video/','1e53f90db2d50313a7fa702d0981ac86.m3u8',NULL,'2023-12-02 06:47:07','2023-12-02 06:47:07'),('1701500677070',NULL,'http://localhost:8888/video/660940d9291f5644e230d0319726f12b.m3u8','没有什么不同.mp4',NULL,'./upload/video/','660940d9291f5644e230d0319726f12b.m3u8',NULL,'2023-12-02 07:04:54','2023-12-02 07:04:54'),('1701500719128','http://localhost:8888/image/1701500719128',NULL,'没有什么不同.avif','image/avif','./upload/image','1701500719126.avif',64353,'2023-12-02 07:05:19','2023-12-02 07:05:19'),('1701500975191','http://localhost:8888/image/1701500975191',NULL,'危险派对.avif','image/avif','./upload/image','1701500975190.avif',84886,'2023-12-02 07:09:35','2023-12-02 07:09:35'),('1701500946997',NULL,'http://localhost:8888/video/1c2e4496f9fdbb4463a6dc6ce7aeb98d.m3u8','危险派对.mp4',NULL,'./upload/video/','1c2e4496f9fdbb4463a6dc6ce7aeb98d.m3u8',NULL,'2023-12-02 07:10:34','2023-12-02 07:10:34'),('1701506474083','http://localhost:8888/image/1701506474083',NULL,'小夜刀.webp','image/webp','./upload/image','1701506474078.webp',176702,'2023-12-02 08:41:14','2023-12-02 08:41:14'),('1701514632547','http://localhost:8888/image/1701514632547',NULL,'yezi.avif','image/avif','./upload/image','1701514632542.avif',187596,'2023-12-02 10:57:12','2023-12-02 10:57:12'),('1701583174764','http://localhost:8888/image/1701583174764',NULL,'动听音乐.avif','image/avif','./upload/image','1701583174758.avif',73693,'2023-12-03 05:59:34','2023-12-03 05:59:34'),('1701778536984','http://localhost:8888/image/1701778536984',NULL,'gg.jpeg','image/jpeg','./upload/image','1701778536977.jpeg',259227,'2023-12-05 12:15:36','2023-12-05 12:15:36'),('1701861623895','http://localhost:8888/image/1701861623895',NULL,'lemon.avif','image/avif','./upload/image','1701861623894.avif',64639,'2023-12-06 11:20:23','2023-12-06 11:20:23'),('1701861586772',NULL,'http://localhost:8888/video/132cd6815b669a709880476c0b6c814c.m3u8','lemon.mp4',NULL,'./upload/video/','132cd6815b669a709880476c0b6c814c.m3u8',NULL,'2023-12-06 11:21:30','2023-12-06 11:21:30'),('1702044756180','http://localhost:8888/image/1702044756180',NULL,'你看你拉住我的模样.avif','image/avif','./upload/image','1702044756179.avif',70837,'2023-12-08 14:12:36','2023-12-08 14:12:36'),('1702044731893',NULL,'http://localhost:8888/video/348a86e13cd9e8ea5e3672ec6c55ddd8.m3u8','你看你拉住我的模样.mp4',NULL,'./upload/video/','348a86e13cd9e8ea5e3672ec6c55ddd8.m3u8',NULL,'2023-12-08 14:13:08','2023-12-08 14:13:08'),('1702044856206',NULL,'http://localhost:8888/video/eaf811887d7c5949e81364937fb55c75.m3u8','425912862-1-16.mp4',NULL,'./upload/video/','eaf811887d7c5949e81364937fb55c75.m3u8',NULL,'2023-12-08 14:14:40','2023-12-08 14:14:40'),('1702044926462','http://localhost:8888/image/1702044926462',NULL,'我想更懂你.avif','image/avif','./upload/image','1702044926460.avif',37638,'2023-12-08 14:15:26','2023-12-08 14:15:26'),('1702045175780','http://localhost:8888/image/1702045175780',NULL,'特朗普.webp','image/webp','./upload/image','1702045175777.webp',97881,'2023-12-08 14:19:35','2023-12-08 14:19:35'),('1702110229320','http://localhost:8888/image/1702110229320',NULL,'game.avif','image/avif','./upload/image','1702110229314.avif',333685,'2023-12-09 08:23:49','2023-12-09 08:23:49'),('1702110321253','http://localhost:8888/image/1702110321253',NULL,'游戏.png','image/png','./upload/channel/avatar','1702110321248.png',7049,'2023-12-09 08:25:21','2023-12-09 08:25:21'),('1702193779239','http://localhost:8888/image/1702193779239',NULL,'稻香.avif','image/avif','./upload/image','1702193779235.avif',66127,'2023-12-10 07:36:19','2023-12-10 07:36:19'),('1702194622785','http://localhost:8888/image/1702194622785',NULL,'华语民谣.jpeg','image/jpeg','./upload/image','1702194622781.jpeg',72320,'2023-12-10 07:50:22','2023-12-10 07:50:22'),('1702194680533','http://localhost:8888/image/1702194680533',NULL,'宝藏乐队.jpeg','image/jpeg','./upload/image','1702194680531.jpeg',72914,'2023-12-10 07:51:20','2023-12-10 07:51:20'),('1702194746216','http://localhost:8888/image/1702194746216',NULL,'假日.jpeg','image/jpeg','./upload/image','1702194746215.jpeg',72624,'2023-12-10 07:52:26','2023-12-10 07:52:26'),('1703160979189','http://localhost:8888/image/1703160979189',NULL,'anni.jpeg','image/jpeg','./upload/image','1703160979185.jpeg',74771,'2023-12-21 12:16:19','2023-12-21 12:16:19'),('1703161764873','http://localhost:8888/image/1703161764873',NULL,'anni.jpeg','image/jpeg','./upload/image','1703161764868.jpeg',75468,'2023-12-21 12:29:24','2023-12-21 12:29:24'),('1703162315730','http://localhost:8888/image/1703162315730',NULL,'水中花.avif','image/avif','./upload/image','1703162315727.avif',69001,'2023-12-21 12:38:35','2023-12-21 12:38:35'),('1703944578393',NULL,'http://localhost:8888/video/6892f6494c235e7b5ebcfd29d03c978f.m3u8','科目三.mp4',NULL,'./upload/video/','6892f6494c235e7b5ebcfd29d03c978f.m3u8',NULL,'2023-12-30 13:56:42','2023-12-30 13:56:42'),('1703944616421','http://localhost:8888/image/1703944616421',NULL,'科目三.avif','image/avif','./upload/image','1703944616419.avif',85688,'2023-12-30 13:56:56','2023-12-30 13:56:56'),('1703944959397',NULL,'http://localhost:8888/video/0718294d1c07ee39c7ebb9cb93b0f958.m3u8','柯南.mp4',NULL,'./upload/video/','0718294d1c07ee39c7ebb9cb93b0f958.m3u8',NULL,'2023-12-30 14:03:00','2023-12-30 14:03:00'),('1703944996745','http://localhost:8888/image/1703944996745',NULL,'柯南.avif','image/avif','./upload/image','1703944996742.avif',80315,'2023-12-30 14:03:16','2023-12-30 14:03:16'),('1704108666108','http://localhost:8888/image/1704108666108',NULL,'特种兵.avif','image/avif','./upload/image','1704108666107.avif',103506,'2024-01-01 11:31:06','2024-01-01 11:31:06'),('1704108646363',NULL,'http://localhost:8888/video/1310c56319096fe69484ccd9d5af0fd8.m3u8','特种斌.mp4',NULL,'./upload/video/','1310c56319096fe69484ccd9d5af0fd8.m3u8',NULL,'2024-01-01 11:32:43','2024-01-01 11:32:43'),('1704520570975','http://localhost:8888/image/1704520570975',NULL,'童年.avif','image/avif','./upload/image','1704520570969.avif',106724,'2024-01-06 05:56:10','2024-01-06 05:56:10'),('1704722276029','http://localhost:8888/image/1704722276029',NULL,'queencard.avif','image/avif','./upload/image','1704722276028.avif',86782,'2024-01-08 13:57:56','2024-01-08 13:57:56'),('1704722261323',NULL,'http://localhost:8888/video/7c69383c22315dc5b070c7e6a6dc37bd.m3u8','queencard.mp4',NULL,'./upload/video/','7c69383c22315dc5b070c7e6a6dc37bd.m3u8',NULL,'2024-01-08 13:59:57','2024-01-08 13:59:57'),('1705063142538','http://localhost:8888/image/1705063142538',NULL,'宝藏乐队.jpeg','image/jpeg','./upload/image','1705063142536.jpeg',54169,'2024-01-12 12:39:02','2024-01-12 12:39:02'),('1705063766329','http://localhost:8888/image/1705063766329',NULL,'稻香.avif','image/avif','./upload/image','1705063766323.avif',274771,'2024-01-12 12:49:26','2024-01-12 12:49:26'),('1705063916977','http://localhost:8888/image/1705063916977',NULL,'sports.webp','image/webp','./upload/image','1705063916970.webp',582691,'2024-01-12 12:51:56','2024-01-12 12:51:56'),('1705067298818','http://localhost:8888/image/1705067298818',NULL,'宝藏乐队.jpeg','image/jpeg','./upload/image','1705067298815.jpeg',16171,'2024-01-12 13:48:18','2024-01-12 13:48:18'),('1705067865608','http://localhost:8888/image/1705067865608',NULL,'queencard.avif','image/avif','./upload/image','1705067865605.avif',155778,'2024-01-12 13:57:45','2024-01-12 13:57:45'),('1705068011694','http://localhost:8888/image/1705068011694',NULL,'yezi.avif','image/avif','./upload/image','1705068011692.avif',314934,'2024-01-12 14:00:11','2024-01-12 14:00:11'),('1705134747334','http://localhost:8888/image/1705134747334',NULL,'微微.avif','image/avif','./upload/image','1705134747331.avif',73625,'2024-01-13 08:32:27','2024-01-13 08:32:27'),('1705134703302',NULL,'http://localhost:8888/video/d7dc9b48e140c7e0e6b5c15642b6019f.m3u8','微微.mp4',NULL,'./upload/video/','d7dc9b48e140c7e0e6b5c15642b6019f.m3u8',NULL,'2024-01-13 08:34:58','2024-01-13 08:34:58'),('1705135138655','http://localhost:8888/image/1705135138655',NULL,'稻香.avif','image/avif','./upload/image','1705135138653.avif',128423,'2024-01-13 08:38:58','2024-01-13 08:38:58'),('1706704934557','http://localhost:8888/image/1706704934557',NULL,'OIP-C.jpeg','image/jpeg','./upload/image','1706704934553.jpeg',56401,'2024-01-31 12:42:14','2024-01-31 12:42:14'),('1707533508007',NULL,'http://localhost:8888/video/fdc3dc7e5080087f57a7c3850de43b77.m3u8','As If It\'s Your Last.mp4',NULL,'./upload/video/','fdc3dc7e5080087f57a7c3850de43b77.m3u8',NULL,'2024-02-10 02:52:19','2024-02-10 02:52:19'),('1707533640654','http://localhost:8888/image/1707533640654',NULL,'As If It\'s Your Last.avif','image/avif','./upload/image','1707533640653.avif',114606,'2024-02-10 02:54:00','2024-02-10 02:54:00'),('1707533622741',NULL,'http://localhost:8888/video/fdc3dc7e5080087f57a7c3850de43b77.m3u8','As If It\'s Your Last.mp4',NULL,'./upload/video/','fdc3dc7e5080087f57a7c3850de43b77.m3u8',NULL,'2024-02-10 02:54:13','2024-02-10 02:54:13'),('1707534366244',NULL,'http://localhost:8888/video/5ed1c8d935611c28113fae71889813f7.m3u8','blank pink.mp4',NULL,'./upload/video/','5ed1c8d935611c28113fae71889813f7.m3u8',NULL,'2024-02-10 03:06:30','2024-02-10 03:06:30'),('1707534404965','http://localhost:8888/image/1707534404965',NULL,'blankpink.avif','image/avif','./upload/image','1707534404963.avif',115906,'2024-02-10 03:06:44','2024-02-10 03:06:44'),('1707656122707','http://localhost:8888/image/1707656122707',NULL,'我曾经也想一了百了.avif','image/avif','./upload/image','1707656122705.avif',64008,'2024-02-11 12:55:22','2024-02-11 12:55:22'),('1707656105282',NULL,'http://localhost:8888/video/43a91643903c15f3a161c14efb54ca6f.m3u8','我曾经也想一了百了.mp4',NULL,'./upload/video/','43a91643903c15f3a161c14efb54ca6f.m3u8',NULL,'2024-02-11 13:01:18','2024-02-11 13:01:18'),('1707659578034',NULL,'http://localhost:8888/video/d35a8a62677777d868dccd2e74252814.m3u8','本草纲目.mp4',NULL,'./upload/video/','d35a8a62677777d868dccd2e74252814.m3u8',NULL,'2024-02-11 13:53:04','2024-02-11 13:53:04'),('1707659632857','http://localhost:8888/image/1707659632857',NULL,'本草纲目.avif','image/avif','./upload/image','1707659632856.avif',94876,'2024-02-11 13:53:52','2024-02-11 13:53:52'),('1707743016413',NULL,'http://localhost:8888/video/b85c34206f36da1d42dfb889dec7f9a7.m3u8','山楂树.mp4',NULL,'./upload/video/','b85c34206f36da1d42dfb889dec7f9a7.m3u8',NULL,'2024-02-12 13:04:05','2024-02-12 13:04:05'),('1707743050333','http://localhost:8888/image/1707743050333',NULL,'山楂树.avif','image/avif','./upload/image','1707743050331.avif',82055,'2024-02-12 13:04:10','2024-02-12 13:04:10'),('1707743208960','http://localhost:8888/image/1707743208960',NULL,'Love Me Like You Do.avif','image/avif','./upload/image','1707743208959.avif',55158,'2024-02-12 13:06:48','2024-02-12 13:06:48'),('1707743189679',NULL,'http://localhost:8888/video/362e1451a10531bc6de87a205035d183.m3u8','Love Me Like You Do.mp4',NULL,'./upload/video/','362e1451a10531bc6de87a205035d183.m3u8',NULL,'2024-02-12 13:09:42','2024-02-12 13:09:42'),('1707743587201',NULL,'http://localhost:8888/video/43e7c67a56eb5c4fce2491197f9be920.m3u8','wolf.mp4',NULL,'./upload/video/','43e7c67a56eb5c4fce2491197f9be920.m3u8',NULL,'2024-02-12 13:13:18','2024-02-12 13:13:18'),('1707743614275','http://localhost:8888/image/1707743614275',NULL,'wolf.avif','image/avif','./upload/image','1707743614272.avif',83518,'2024-02-12 13:13:34','2024-02-12 13:13:34');
/*!40000 ALTER TABLE `file` ENABLE KEYS */;
UNLOCK TABLES;

--
-- Table structure for table `history`
--

DROP TABLE IF EXISTS `history`;
/*!40101 SET @saved_cs_client     = @@character_set_client */;
/*!50503 SET character_set_client = utf8mb4 */;
CREATE TABLE `history` (
  `id` char(50) CHARACTER SET utf8mb4 COLLATE utf8mb4_0900_ai_ci NOT NULL DEFAULT '0',
  `vId` char(50) CHARACTER SET utf8mb4 COLLATE utf8mb4_0900_ai_ci DEFAULT NULL,
  `userId` char(50) CHARACTER SET utf8mb4 COLLATE utf8mb4_0900_ai_ci DEFAULT NULL,
  `count` int DEFAULT '0',
  `createTime` timestamp NULL DEFAULT CURRENT_TIMESTAMP ON UPDATE CURRENT_TIMESTAMP,
  PRIMARY KEY (`id`) USING BTREE,
  KEY `vId` (`vId`) USING BTREE,
  KEY `history_ibfk_2` (`userId`) USING BTREE,
  CONSTRAINT `history_ibfk_1` FOREIGN KEY (`vId`) REFERENCES `video` (`id`) ON DELETE CASCADE ON UPDATE CASCADE,
  CONSTRAINT `history_ibfk_2` FOREIGN KEY (`userId`) REFERENCES `user` (`userId`) ON DELETE CASCADE ON UPDATE CASCADE
) ENGINE=InnoDB DEFAULT CHARSET=utf8mb4 COLLATE=utf8mb4_0900_ai_ci ROW_FORMAT=DYNAMIC;
/*!40101 SET character_set_client = @saved_cs_client */;

--
-- Dumping data for table `history`
--

LOCK TABLES `history` WRITE;
/*!40000 ALTER TABLE `history` DISABLE KEYS */;
INSERT INTO `history` VALUES ('1701177236612','1701177222724','1701176517959',25,'2024-01-05 16:10:12'),('1701178700889','1701178696753','1701176517959',9,'2023-12-30 03:26:52'),('1701178912770','1701178900100','1701176517959',84,'2024-01-14 13:09:59'),('1701179175924','1697263947397','1701176517959',12,'2024-02-12 08:18:43'),('1701179186729','1697264268142','1701176517959',14,'2024-01-08 13:11:34'),('1701179198953','1701177764743','1701176517959',18,'2024-01-08 13:11:00'),('1701179207468','1701179107076','1701176517959',70,'2024-01-08 13:39:15'),('1701179250921','1701177618868','1701176517959',11,'2024-01-05 16:10:02'),('1701179337788','1701178344369','1701176517959',11,'2024-01-08 13:10:56'),('1701179802652','1701179759725','1701179513883',70,'2024-01-11 13:07:05'),('1701179898266','1701177222724','1701179513883',4,'2024-01-11 12:22:26'),('1701179903817','1697264201912','1701179513883',1,'2024-01-08 13:51:38'),('1701179907757','1701178696753','1701179513883',4,'2024-01-08 13:51:27'),('1701350194045','1701178900100','1701179513883',3,'2024-01-11 12:30:28'),('1701350569549','1701350566667','1701350273436',3,'2024-02-10 02:36:22'),('1701350881433','1701350878244','1701350273436',0,'2023-11-30 13:28:01'),('1701350889962','1701179759725','1701350273436',2,'2023-12-09 06:45:12'),('1701350918838','1701177222724','1701350273436',0,'2023-11-30 13:28:38'),('1701350924247','1701178696753','1701350273436',0,'2023-11-30 13:28:44'),('1701350952353','1701179107076','1701350273436',1,'2023-11-30 13:29:12'),('1701350973667','1701177764743','1701350273436',0,'2023-11-30 13:29:33'),('1701351008533','1697263947397','1701350273436',0,'2023-11-30 13:30:08'),('1701351016914','1701178900100','1701350273436',1,'2023-11-30 13:40:17'),('1701351271818','1697264268142','1701350273436',0,'2023-11-30 13:34:31'),('1701351555918','1697264013066','1701350273436',2,'2024-02-10 02:42:32'),('1701351608073','1701177618868','1701350273436',0,'2023-11-30 13:40:08'),('1701352082663','1701352079463','1701350273436',3,'2023-12-09 06:41:20'),('1701352533795','1701352530518','1701350273436',3,'2024-02-10 02:45:09'),('1701355034696','1701179107076','1701179513883',2,'2024-01-11 11:43:26'),('1701437336537','1701352530518','1701179513883',9,'2024-01-10 14:01:26'),('1701438342809','1701350566667','1701180412726',0,'2023-12-01 13:45:42'),('1701438649832','1701179759725','1701180412726',0,'2023-12-01 13:50:49'),('1701438690518','1701350878244','1701180412726',0,'2023-12-01 13:51:30'),('1701438695959','1701179107076','1701180412726',1,'2023-12-01 14:25:52'),('1701439222577','1701352530518','1701180412726',1,'2023-12-01 14:00:23'),('1701439789381','1701177618868','1701180412726',0,'2023-12-01 14:09:49'),('1701443121901','1701352079463','1701180412726',0,'2023-12-01 15:05:21'),('1701444659129','1701352530518','1701180385005',3,'2023-12-14 11:59:09'),('1701498811485','1701443899564','1701180369121',52,'2023-12-09 08:11:10'),('1701499055367','1701179759725','1701180369121',5,'2023-12-09 07:23:57'),('1701499080259','1701352530518','1701180369121',30,'2023-12-09 07:58:56'),('1701499678645','1701178696753','1701180369121',0,'2023-12-02 06:47:58'),('1701499684849','1701178900100','1701180369121',5,'2023-12-08 14:06:37'),('1701499817225','1697264268142','1701180369121',1,'2023-12-08 14:07:54'),('1701499818201','1697264013066','1701180369121',9,'2023-12-08 14:09:25'),('1701500756016','1701500752272','1701180369121',6,'2023-12-09 08:00:37'),('1701506276930','1701350566667','1701180369121',2,'2023-12-08 13:55:47'),('1701506495392','1701499667928','1701180369121',4,'2024-02-08 13:10:14'),('1701507406476','1701501038634','1701180369121',11,'2023-12-09 07:22:07'),('1701510699983','1701177222724','1701180369121',16,'2023-12-09 08:00:54'),('1701511033332','1701352079463','1701180369121',4,'2023-12-09 07:47:51'),('1701511044512','1697263947397','1701180369121',0,'2023-12-02 09:57:24'),('1701512351620','1701177764743','1701180369121',10,'2023-12-02 10:52:10'),('1701691364393','1701501038634','1701176517959',41,'2024-01-08 13:22:06'),('1701691407745','1701501038634','1701350273436',2,'2023-12-09 06:45:15'),('1701691435871','1701501038634','1701179513883',3,'2024-01-11 11:17:02'),('1701696813061','1701438826139','1701179513883',0,'2023-12-04 13:33:33'),('1701697356319','1701177764743','1701179513883',0,'2023-12-04 13:42:36'),('1701697413328','1697264013066','1701179513883',21,'2024-01-11 13:05:28'),('1701697427265','1701177618868','1701179513883',1,'2024-01-11 12:53:28'),('1701697554698','1701350878244','1701179513883',3,'2024-01-10 14:04:17'),('1701697569165','1701350566667','1701179513883',2,'2024-01-11 11:54:48'),('1701777480521','1701179759725','1701176517959',63,'2024-02-12 07:27:26'),('1701780106653','1701499667928','1701176517959',46,'2024-01-14 12:57:48'),('1701780216018','1701352530518','1701176517959',58,'2024-01-14 12:58:17'),('1701781783055','1701500752272','1701176517959',15,'2024-01-08 13:13:28'),('1701781920809','1701350566667','1701176517959',25,'2024-02-12 08:18:54'),('1701861947379','1701861942912','1701861356232',4,'2023-12-18 14:30:25'),('1701861956889','1701352530518','1701861356232',9,'2024-01-12 14:21:41'),('1701869118677','1697264013066','1701176517959',8,'2024-01-05 16:09:52'),('1701869202255','1701499667928','1701861356232',2,'2023-12-18 14:29:37'),('1701869216587','1701178696753','1701861356232',4,'2023-12-18 14:30:55'),('1701869293718','1701178900100','1701861356232',5,'2024-01-12 11:44:28'),('1701869312512','1701179107076','1701861356232',9,'2024-01-12 14:23:33'),('1701869336332','1701177764743','1701861356232',0,'2023-12-06 13:28:56'),('1701869345353','1697263947397','1701861356232',5,'2023-12-09 06:39:30'),('1701869370166','1697264013066','1701861356232',2,'2023-12-18 14:32:18'),('1701869649968','1701177222724','1701861356232',0,'2023-12-06 13:34:09'),('1701870515035','1701179759725','1701861356232',7,'2024-01-11 13:25:54'),('1702034307741','1701501038634','1701861356232',5,'2023-12-18 14:31:26'),('1702037860739','1701443899564','1701176517959',27,'2024-01-05 16:09:12'),('1702038126735','1697264201912','1701176517959',6,'2024-01-05 16:09:58'),('1702038170538','1701350878244','1701176517959',25,'2024-01-06 08:21:24'),('1702038797812','1701352079463','1701176517959',68,'2024-01-08 12:32:25'),('1702038916870','1701438826139','1701176517959',9,'2024-01-05 16:09:30'),('1702039094879','1701861942912','1701176517959',36,'2024-01-14 13:09:24'),('1702043019559','1701352079463','1701179513883',7,'2024-01-11 13:12:40'),('1702044309093','1701177618868','1701180369121',3,'2023-12-08 14:07:49'),('1702044393217','1697264201912','1701180369121',2,'2023-12-09 07:22:49'),('1702044527792','1701178344369','1701180369121',0,'2023-12-08 14:08:47'),('1702044594390','1701179107076','1701180369121',3,'2023-12-09 07:46:22'),('1702044957286','1702044953554','1701179513883',2,'2024-01-08 13:49:51'),('1702044999212','1702044791168','1701179513883',11,'2024-01-11 12:10:37'),('1702045353353','1701861942912','1701179513883',7,'2024-01-11 11:16:50'),('1702102708432','1701438826139','1701861356232',3,'2023-12-09 06:30:38'),('1702103406971','1701443899564','1701861356232',2,'2024-01-11 13:25:45'),('1702103441843','1697264201912','1701861356232',0,'2023-12-09 06:30:41'),('1702103503598','1702044791168','1701861356232',9,'2024-01-12 11:43:22'),('1702103510748','1697264268142','1701861356232',1,'2023-12-09 06:39:15'),('1702103613892','1701178344369','1701861356232',1,'2023-12-09 06:36:36'),('1702104053493','1701861942912','1701350273436',2,'2023-12-09 06:41:04'),('1702104056833','1701500752272','1701350273436',1,'2023-12-09 06:41:17'),('1702104076151','1702044953554','1701350273436',0,'2023-12-09 06:41:16'),('1702108049673','1702044953554','1701180369121',11,'2023-12-09 07:58:46'),('1702108326731','1701861942912','1701180369121',1,'2023-12-09 07:52:19'),('1702110760330','1702044953554','1701176517959',43,'2024-01-08 13:43:49'),('1702110763074','1702044791168','1701176517959',91,'2024-01-05 16:09:00'),('1702194327755','1701499667928','1702194200156',2,'2024-02-08 13:09:43'),('1702194355888','1701501038634','1702194200156',0,'2023-12-10 07:45:55'),('1702194371061','1697264201912','1702194200156',2,'2024-01-31 14:03:37'),('1702194380572','1701178696753','1702194200156',2,'2024-01-16 13:29:03'),('1702194391318','1701177222724','1702194200156',1,'2024-02-11 03:36:09'),('1702194417461','1702044953554','1702194200156',9,'2024-01-31 14:02:02'),('1702194439702','1701861942912','1702194200156',8,'2024-02-11 03:30:54'),('1702194449204','1701352530518','1702194200156',9,'2024-02-10 12:04:58'),('1702194463680','1701350878244','1702194200156',4,'2024-01-31 14:03:32'),('1702194480262','1701179107076','1702194200156',7,'2024-02-13 05:35:31'),('1702195005702','1702044791168','1701180385005',3,'2023-12-10 08:00:03'),('1702195021158','1701499667928','1701180385005',9,'2023-12-17 06:19:35'),('1702195038798','1701178696753','1701180385005',1,'2023-12-10 07:58:57'),('1702195050057','1701179759725','1701180385005',6,'2023-12-17 06:19:49'),('1702195117964','1701177222724','1701180385005',0,'2023-12-10 07:58:37'),('1702195244816','1701179107076','1701180385005',4,'2023-12-17 06:19:54'),('1702195602113','1701350566667','1701180385005',3,'2023-12-14 12:12:26'),('1702554849988','1702044953554','1701180385005',1,'2023-12-14 11:54:10'),('1702555366007','1701352079463','1701180385005',0,'2023-12-14 12:02:46'),('1702555645416','1701500752272','1701180385005',0,'2023-12-14 12:07:25'),('1702793979065','1701443899564','1701180385005',1,'2023-12-17 06:19:39'),('1702794000467','1701350878244','1701180385005',1,'2023-12-17 06:20:00'),('1702794008081','1697263947397','1701180385005',1,'2023-12-17 06:20:08'),('1702909783286','1702044953554','1701861356232',1,'2023-12-18 14:29:43'),('1702909790300','1701500752272','1701861356232',0,'2023-12-18 14:29:50'),('1703942744324','1701179759725','1702193969526',2,'2024-02-12 11:55:15'),('1703942953262','1701352530518','1702193969526',1,'2023-12-30 13:29:13'),('1703944663051','1703944636871','1701176517959',86,'2024-02-12 08:18:06'),('1703945114883','1703945014268','1701176517959',23,'2024-02-12 06:54:24'),('1704721743762','1701500752272','1701179513883',3,'2024-01-08 13:51:00'),('1704721807850','1703945014268','1701179513883',9,'2024-01-11 12:12:57'),('1704721821506','1703944636871','1701179513883',6,'2024-01-11 12:31:36'),('1704721932439','1701443899564','1701179513883',5,'2024-01-11 12:12:16'),('1704722405395','1704722402162','1701179513883',10,'2024-01-11 12:18:33'),('1704972640231','1701499667928','1701179513883',7,'2024-01-11 13:20:20'),('1704976350781','1697264268142','1701179513883',0,'2024-01-11 12:32:30'),('1704979677965','1701350878244','1701861356232',1,'2024-01-11 13:27:57'),('1704979729133','1703945014268','1701861356232',3,'2024-01-12 11:43:17'),('1704979763306','1704722402162','1701861356232',8,'2024-01-12 14:24:58'),('1705069278985','1701352079463','1701861356232',1,'2024-01-12 14:21:40'),('1705069361051','1701350566667','1701861356232',1,'2024-01-12 14:22:41'),('1705069624751','1704722402162','1702194200156',61,'2024-02-11 03:23:29'),('1705069642840','1701352079463','1702194200156',2,'2024-02-11 03:25:58'),('1705126273822','1701350566667','1702194200156',20,'2024-02-11 02:41:34'),('1705126273824','1701350566667','1702194200156',20,'2024-02-11 02:41:34'),('1705134635935','1703944636871','1702194200156',14,'2024-02-10 03:10:33'),('1705134977660','1705134899610','1702194200156',58,'2024-02-11 02:41:38'),('1705135091013','1702044791168','1702194200156',12,'2024-01-30 11:42:18'),('1705135551855','1701443899564','1702194200156',1,'2024-01-13 08:45:51'),('1705236323484','1704722402162','1701176517959',7,'2024-02-12 09:24:35'),('1705236323485','1704722402162','1701176517959',7,'2024-02-12 09:24:35'),('1705236874452','1705134899610','1701176517959',14,'2024-02-12 08:04:56'),('1705326712162','1701179759725','1702194200156',8,'2024-02-10 11:42:42'),('1705409854585','1697264013066','1702194200156',9,'2024-02-11 13:07:48'),('1705410206149','1701178344369','1702194200156',0,'2024-01-16 13:03:26'),('1705410220106','1697264268142','1702194200156',2,'2024-02-08 12:20:38'),('1705410540922','1703945014268','1702194200156',11,'2024-02-11 03:19:49'),('1705410966224','1697263947397','1702194200156',3,'2024-02-11 13:09:26'),('1707441075895','1705134899610','1701180369121',1,'2024-02-11 14:35:51'),('1707532541500','1704722402162','1701350273436',1,'2024-02-10 02:35:41'),('1707533677420','1707533674179','1702194200156',15,'2024-02-11 13:06:03'),('1707534437560','1707534418370','1702194200156',17,'2024-02-11 13:06:00'),('1707656734050','1707656515548','1702194200156',3,'2024-02-11 13:08:02'),('1707656984309','1697263947397','a84e95ba-4585-4f79-9041-d3a1ffce5df3',0,'2024-02-11 13:09:44'),('1707659670312','1707659651443','1701180369121',1,'2024-02-11 13:54:30'),('1707659705667','1707534418370','1701180369121',3,'2024-02-11 14:35:54'),('1707723278511','1707656515548','1701176517959',1,'2024-02-12 07:34:38'),('1707738808836','1703944636871','1702193969526',2,'2024-02-12 11:53:35'),('1707738841051','1704722402162','1702193969526',2,'2024-02-12 11:54:41'),('1707738930098','1707659651443','1702193969526',1,'2024-02-12 11:55:30'),('1707738975151','1707533674179','1702193969526',1,'2024-02-12 11:56:15'),('1707802582538','1707743405945','1702194200156',0,'2024-02-13 05:36:22'),('1707808885951','1707743634495','1695627840943',3,'2024-02-13 07:22:52'),('1707808889281','1707743405945','1695627840943',1,'2024-02-13 07:21:29'),('1707808895979','1707743066504','1695627840943',0,'2024-02-13 07:21:35'),('1707808899465','1707659651443','1695627840943',1,'2024-02-13 07:21:39'),('1707808902671','1707656515548','1695627840943',3,'2024-02-13 07:22:48'),('1707808906432','1707533674179','1695627840943',2,'2024-02-13 07:23:00'),('1707808919622','1703944636871','1695627840943',1,'2024-02-13 07:21:59'),('1707808987976','1701861942912','1695627840943',1,'2024-02-13 07:23:07'),('1707808991840','1702044791168','1695627840943',0,'2024-02-13 07:23:11'),('1707808996315','1703945014268','1695627840943',1,'2024-02-13 07:23:16'),('1707809000224','1701443899564','1695627840943',1,'2024-02-13 07:23:20'),('1707809004307','1701350566667','1695627840943',1,'2024-02-13 07:23:24'),('1707809011818','1701178900100','1695627840943',1,'2024-02-13 07:23:31'),('1707809020216','1697263947397','1695627840943',2,'2024-02-13 07:38:54'),('1707810073175','1701179107076','1695627840943',1,'2024-02-13 07:41:13');
/*!40000 ALTER TABLE `history` ENABLE KEYS */;
UNLOCK TABLES;

--
-- Table structure for table `later`
--

DROP TABLE IF EXISTS `later`;
/*!40101 SET @saved_cs_client     = @@character_set_client */;
/*!50503 SET character_set_client = utf8mb4 */;
CREATE TABLE `later` (
  `id` char(50) CHARACTER SET utf8mb4 COLLATE utf8mb4_0900_ai_ci NOT NULL,
  `vId` char(50) CHARACTER SET utf8mb4 COLLATE utf8mb4_0900_ai_ci NOT NULL,
  `userId` char(50) CHARACTER SET utf8mb4 COLLATE utf8mb4_0900_ai_ci NOT NULL,
  `createTime` timestamp NULL DEFAULT CURRENT_TIMESTAMP,
  `updateTime` timestamp NULL DEFAULT CURRENT_TIMESTAMP ON UPDATE CURRENT_TIMESTAMP,
  PRIMARY KEY (`vId`,`userId`) USING BTREE,
  KEY `later_ibfk_2` (`userId`) USING BTREE,
  CONSTRAINT `later_ibfk_1` FOREIGN KEY (`vId`) REFERENCES `video` (`id`) ON DELETE CASCADE ON UPDATE CASCADE,
  CONSTRAINT `later_ibfk_2` FOREIGN KEY (`userId`) REFERENCES `user` (`userId`) ON DELETE CASCADE ON UPDATE CASCADE
) ENGINE=InnoDB DEFAULT CHARSET=utf8mb4 COLLATE=utf8mb4_0900_ai_ci ROW_FORMAT=DYNAMIC;
/*!40101 SET character_set_client = @saved_cs_client */;

--
-- Dumping data for table `later`
--

LOCK TABLES `later` WRITE;
/*!40000 ALTER TABLE `later` DISABLE KEYS */;
INSERT INTO `later` VALUES ('1701583629393','1701179759725','1695627840943','2023-12-03 06:07:09','2023-12-03 06:07:09'),('1701179790839','1701179759725','1701179513883','2023-11-28 13:56:30','2023-11-28 13:56:30'),('1701583623994','1701352079463','1695627840943','2023-12-03 06:07:03','2023-12-03 06:07:03'),('1701697538382','1701352079463','1701179513883','2023-12-04 13:45:38','2023-12-04 13:45:38'),('1701583622028','1701352530518','1695627840943','2023-12-03 06:07:02','2023-12-03 06:07:02'),('1701697534768','1701352530518','1701179513883','2023-12-04 13:45:34','2023-12-04 13:45:34'),('1701583619625','1701438826139','1695627840943','2023-12-03 06:06:59','2023-12-03 06:06:59'),('1701525294831','1701499667928','1695627840943','2023-12-02 13:54:54','2023-12-02 13:54:54'),('1701525234719','1701500752272','1695627840943','2023-12-02 13:53:54','2023-12-02 13:53:54'),('1701522984250','1701501038634','1695627840943','2023-12-02 13:16:24','2023-12-02 13:16:24'),('1701513586046','1701501038634','1701180369121','2023-12-02 10:39:46','2023-12-02 10:39:46'),('1703907097596','1702044953554','1695627840943','2023-12-30 03:31:37','2023-12-30 03:31:37'),('1702908330050','1702044953554','1701176517959','2023-12-18 14:05:30','2023-12-18 14:05:30'),('1702110088437','1702044953554','1701180369121','2023-12-09 08:21:28','2023-12-09 08:21:28'),('1705135834178','1703945014268','1702194200156','2024-01-13 08:50:34','2024-01-13 08:50:34'),('1707802719913','1707743405945','1702194200156','2024-02-13 05:38:39','2024-02-13 05:38:39');
/*!40000 ALTER TABLE `later` ENABLE KEYS */;
UNLOCK TABLES;

--
-- Table structure for table `log`
--

DROP TABLE IF EXISTS `log`;
/*!40101 SET @saved_cs_client     = @@character_set_client */;
/*!50503 SET character_set_client = utf8mb4 */;
CREATE TABLE `log` (
  `id` char(50) NOT NULL,
  `userId` char(50) DEFAULT NULL,
  `createTime` timestamp NULL DEFAULT CURRENT_TIMESTAMP,
  `updateTime` timestamp NULL DEFAULT CURRENT_TIMESTAMP ON UPDATE CURRENT_TIMESTAMP,
  PRIMARY KEY (`id`),
  KEY `userId` (`userId`),
  CONSTRAINT `log_ibfk_1` FOREIGN KEY (`userId`) REFERENCES `user` (`userId`) ON DELETE CASCADE ON UPDATE CASCADE
) ENGINE=InnoDB DEFAULT CHARSET=utf8mb4 COLLATE=utf8mb4_0900_ai_ci;
/*!40101 SET character_set_client = @saved_cs_client */;

--
-- Dumping data for table `log`
--

LOCK TABLES `log` WRITE;
/*!40000 ALTER TABLE `log` DISABLE KEYS */;
INSERT INTO `log` VALUES ('1707621555515','1702193969526','2024-02-11 03:19:15','2024-02-11 03:19:15'),('1707621575552','1702194200156','2024-02-11 03:19:35','2024-02-11 03:19:35'),('1707621689139','1702193969526','2024-02-10 03:20:20','2024-02-10 03:20:43'),('1707621755518','1702193969526','2024-02-09 03:22:13','2024-02-09 03:22:18'),('1707621795129','1702193969526','2024-02-11 03:23:15','2024-02-11 03:23:15'),('1707622278300','1695627840943','2024-02-11 03:31:18','2024-02-11 03:31:18'),('1707636137549','1702193969526','2024-02-11 07:22:17','2024-02-11 07:22:17'),('1707637177314','1702193969526','2024-02-11 07:39:37','2024-02-11 07:39:37'),('1707637281636','1702193969526','2024-02-11 07:41:21','2024-02-11 07:41:21'),('1707637351663','1702193969526','2024-02-11 07:42:31','2024-02-11 07:42:31'),('1707637439208','1702193969526','2024-02-11 07:43:59','2024-02-11 07:43:59'),('1707637479240','1702193969526','2024-02-11 07:44:39','2024-02-11 07:44:39'),('1707637563748','1702193969526','2024-02-11 07:46:03','2024-02-11 07:46:03'),('1707640378912','1695627840943','2024-02-11 08:32:58','2024-02-11 08:32:58'),('1707645202918','1702193969526','2024-02-11 09:53:22','2024-02-11 09:53:22'),('1707645317234','1702193969526','2024-02-11 09:55:17','2024-02-11 09:55:17'),('1707645390037','1702193969526','2024-02-11 09:56:30','2024-02-11 09:56:30'),('1707646128538','1702193969526','2024-02-11 10:08:48','2024-02-11 10:08:48'),('1707646554502','1702193969526','2024-02-11 10:15:54','2024-02-11 10:15:54'),('1707646596046','1702193969526','2024-02-11 10:16:36','2024-02-11 10:16:36'),('1707646745904','1702193969526','2024-02-11 10:19:05','2024-02-11 10:19:05'),('1707646776254','1702193969526','2024-02-11 10:19:36','2024-02-11 10:19:36'),('1707647306157','1702193969526','2024-02-11 10:28:26','2024-02-11 10:28:26'),('1707652365219','1695627840943','2024-02-11 11:52:45','2024-02-11 11:52:45'),('1707652697774','1702193969526','2024-02-11 11:58:17','2024-02-11 11:58:17'),('1707655914530','1695627840943','2024-02-11 12:51:54','2024-02-11 12:51:54'),('1707656731910','1702194200156','2024-02-11 13:05:31','2024-02-11 13:05:31'),('1707656981958','a84e95ba-4585-4f79-9041-d3a1ffce5df3','2024-02-11 13:09:41','2024-02-11 13:09:41'),('1707659396669','1701180369121','2024-02-11 13:49:56','2024-02-11 13:49:56'),('1707718256622','1702193969526','2024-02-12 06:10:56','2024-02-12 06:10:56'),('1707718408397','1695627840943','2024-02-12 06:13:28','2024-02-12 06:13:28'),('1707720728850','1701176517959','2024-02-12 06:52:08','2024-02-12 06:52:08'),('1707726042766','1701176517959','2024-02-12 08:20:42','2024-02-12 08:20:42'),('1707726393101','1701176517959','2024-02-12 08:26:33','2024-02-12 08:26:33'),('1707729747414','1695627840943','2024-02-12 09:22:27','2024-02-12 09:22:27'),('1707729873404','1701176517959','2024-02-12 09:24:33','2024-02-12 09:24:33'),('1707738659307','1695627840943','2024-02-12 11:50:59','2024-02-12 11:50:59'),('1707738726433','1702193969526','2024-02-12 11:52:06','2024-02-12 11:52:06'),('1707738799206','1702193969526','2024-02-12 11:53:19','2024-02-12 11:53:19'),('1707739007445','1702193969526','2024-02-12 11:56:47','2024-02-12 11:56:47'),('1707739025809','1695627840943','2024-02-12 11:57:05','2024-02-12 11:57:05'),('1707742736428','1701861356232','2024-02-12 12:58:56','2024-02-12 12:58:56'),('1707788633175','1695627840943','2024-02-13 01:43:53','2024-02-13 01:43:53'),('1707790634512','1695627840943','2024-02-13 02:17:14','2024-02-13 02:17:14'),('1707802376411','1701179513883','2024-02-13 05:32:56','2024-02-13 05:32:56'),('1707802410506','1702194200156','2024-02-13 05:33:30','2024-02-13 05:33:30'),('1707803557567','1701180385005','2024-02-13 05:52:37','2024-02-13 05:52:37'),('1707804076055','1701180412726','2024-02-13 06:01:16','2024-02-13 06:01:16'),('1707805129207','1701180385005','2024-02-13 06:18:49','2024-02-13 06:18:49'),('1707805220188','1695627840943','2024-02-13 06:20:20','2024-02-13 06:20:20'),('1707805235358','1701180385005','2024-02-13 06:20:35','2024-02-13 06:20:35'),('1707805997511','1695627840943','2024-02-13 06:33:17','2024-02-13 06:33:17');
/*!40000 ALTER TABLE `log` ENABLE KEYS */;
UNLOCK TABLES;

--
-- Table structure for table `moment`
--

DROP TABLE IF EXISTS `moment`;
/*!40101 SET @saved_cs_client     = @@character_set_client */;
/*!50503 SET character_set_client = utf8mb4 */;
CREATE TABLE `moment` (
  `id` char(50) CHARACTER SET utf8mb4 COLLATE utf8mb4_0900_ai_ci NOT NULL,
  `title` varchar(255) CHARACTER SET utf8mb4 COLLATE utf8mb4_0900_ai_ci DEFAULT NULL,
  `content` text CHARACTER SET utf8mb4 COLLATE utf8mb4_0900_ai_ci,
  `vid` char(50) CHARACTER SET utf8mb4 COLLATE utf8mb4_0900_ai_ci DEFAULT NULL,
  `userId` char(50) CHARACTER SET utf8mb4 COLLATE utf8mb4_0900_ai_ci DEFAULT NULL,
  `cId` char(50) CHARACTER SET utf8mb4 COLLATE utf8mb4_0900_ai_ci DEFAULT NULL,
  `createTime` timestamp NULL DEFAULT CURRENT_TIMESTAMP,
  `updateTime` timestamp NULL DEFAULT CURRENT_TIMESTAMP ON UPDATE CURRENT_TIMESTAMP,
  PRIMARY KEY (`id`) USING BTREE,
  UNIQUE KEY `title` (`title`) USING BTREE,
  KEY `vid` (`vid`) USING BTREE,
  KEY `userId` (`userId`) USING BTREE,
  KEY `cId` (`cId`) USING BTREE,
  CONSTRAINT `moment_ibfk_1` FOREIGN KEY (`vid`) REFERENCES `video` (`id`) ON DELETE CASCADE ON UPDATE CASCADE,
  CONSTRAINT `moment_ibfk_2` FOREIGN KEY (`userId`) REFERENCES `user` (`userId`) ON DELETE CASCADE ON UPDATE CASCADE,
  CONSTRAINT `moment_ibfk_3` FOREIGN KEY (`cId`) REFERENCES `channel` (`id`) ON DELETE CASCADE ON UPDATE CASCADE
) ENGINE=InnoDB DEFAULT CHARSET=utf8mb4 COLLATE=utf8mb4_0900_ai_ci ROW_FORMAT=DYNAMIC;
/*!40101 SET character_set_client = @saved_cs_client */;

--
-- Dumping data for table `moment`
--

LOCK TABLES `moment` WRITE;
/*!40000 ALTER TABLE `moment` DISABLE KEYS */;
INSERT INTO `moment` VALUES ('1701506544767','酷爱烂片的藤本树为何好评如潮？看完这部动画，我逐渐理解一切！','仍记得《电锯人》动画播出时，人们为其是否具有“电影感”吵得不可开交的场面。上季度《僵尸百分百》具有惊艳电影感的第一话播出时，导演中山龙也再次被拉出来鞭 作者：バカ星人baka https://www.bilibili.com/read/cv27731577/?from=category_0 出处：bilibili','1701352079463','1701180369121','1701180369127','2023-12-02 08:42:24','2023-12-02 08:42:24'),('1701778633813','Gidle和Twice的可爱互动 后辈可以摸摸我的翅膀吗？','Cr,pann\n\n当时是第34届金唱片颁奖典礼现场\n\nGidle们出演了，twice也出演了。\n\n两个组合同台了！\n像是是TWICE和Gidle女娃们大型联谊的现场。\n\n前后辈们们聚在一起巩固友谊,真是可爱 \n\n定延也太可爱了,Gidle真的很可爱蜂蜜柚子Milk htt','1701179107076','1701176517959','1000000000001','2023-12-05 12:17:13','2023-12-05 12:17:13'),('1702045265002','【BlackVelvet】Hole cards 底牌【Black Pink x Red Velvet】','“人类在月球的一小步”几天之后，两队都在各自的练习室里忙着各自的既定日程，她们都清楚，现在必须让一切都显得正常，至少是“显得”。\n\n但是，很多事情都是不由自主的。 作者：klauszao https://www.bilibili.com/read/cv4075434/?from=search&spm_id_from=333.337.0.0 出处：bilibili','1701179759725','1701179513883','9999999999999','2023-12-08 14:21:05','2023-12-08 14:21:05'),('1704542746453','城市的吃是对v说。','欠我的钱我都期待期待期待。','1703944636871','1701176517959','1000000000001','2024-01-06 12:05:46','2024-01-06 12:05:46'),('1704542779949','你后天能体验今天依然有华人同胞','去分我发为分发我发我发v他人吧热个人个人过greg兵哥哥歌歌歌歌歌歌饿饿饿饿饿饿饿饿饿的的。','1703945014268','1701176517959','1000000000001','2024-01-06 12:06:19','2024-01-06 12:06:19'),('1704542815984','弗格尼尼会给你同样你也能体验的是v是v','的钱我都期待期待期待期待去玩1212。','1702044791168','1701176517959','1000000000001','2024-01-06 12:06:55','2024-01-06 12:06:55'),('1704542874390','11111111111111刺猬刺猬','1111111111111111111\nvfdvdvfdvfdvdvwdwqdwdfdsvdddniinxsxsxsxsxcdcdccdwdwniooihihikkkkkknnnnnndwdwdwdddddddqqwwwsasasxcecewc】cwecwe陈','1701179107076','1701176517959','1000000000001','2024-01-06 12:07:54','2024-01-06 12:07:54'),('1704542912706','的得分','你好哈哈哈哈爹我到家诶我i哦复合物服务范围哦的晚饭；为','1701177222724','1701176517959','1000000000001','2024-01-06 12:08:32','2024-01-06 12:08:32'),('1704542958023','哦哦片哦哦片哦哦片哦哦片哦哦片哦哦片哦哦片','UI UI UI UI UI UI UI UI UI UI UI uu uu uu uu u的文档我的求婚发为分发我发人跑去发货发切片父亲和复发反复跟旁人片9个v我把u饿','1701499667928','1701176517959','1000000000001','2024-01-06 12:09:18','2024-01-06 12:09:18'),('1704542988823','发发i结尾发为分发为佛；的钱我的钱','发为发wifjwifwefjwfowefwfihw；饿吃服务；服务号合肥去分；获取分发和我去分；qfq发为哦发i好歌','1701178696753','1701176517959','1000000000001','2024-01-06 12:09:48','2024-01-06 12:09:48'),('1707207660708','测试标题','测试内容','1703945014268','1702193969526','1702193969536','2024-02-06 08:21:00','2024-02-06 08:21:00'),('1707208031926','我又在测试','呃呃呃呃呃呃','1701178900100','1702193969526','1702193969536','2024-02-06 08:27:11','2024-02-06 08:27:11'),('1707208195608','dwifwfwf1','的企鹅的味道2','1704722402162','1702193969526','1702193969536','2024-02-06 08:29:55','2024-02-06 08:47:37'),('1707803892957','dqw[pfkwofwe[kfef','fwf[pqfkp[fkewf]wef','1707743066504','1701180385005','1701180385007','2024-02-13 05:58:12','2024-02-13 05:58:12'),('1707804094961','v呃v呃v呃v呃v','否午饭晚饭','1707656515548','1701180412726','1701180412727','2024-02-13 06:01:34','2024-02-13 06:01:34');
/*!40000 ALTER TABLE `moment` ENABLE KEYS */;
UNLOCK TABLES;

--
-- Table structure for table `notify`
--

DROP TABLE IF EXISTS `notify`;
/*!40101 SET @saved_cs_client     = @@character_set_client */;
/*!50503 SET character_set_client = utf8mb4 */;
CREATE TABLE `notify` (
  `id` char(50) CHARACTER SET utf8mb4 COLLATE utf8mb4_0900_ai_ci NOT NULL,
  `content` text CHARACTER SET utf8mb4 COLLATE utf8mb4_0900_ai_ci,
  `userId` char(50) CHARACTER SET utf8mb4 COLLATE utf8mb4_0900_ai_ci DEFAULT NULL,
  `operation` char(50) CHARACTER SET utf8mb4 COLLATE utf8mb4_0900_ai_ci DEFAULT NULL,
  `isRead` int DEFAULT '0',
  `createTime` timestamp NULL DEFAULT CURRENT_TIMESTAMP,
  `updateTime` timestamp NULL DEFAULT CURRENT_TIMESTAMP ON UPDATE CURRENT_TIMESTAMP,
  `type` varchar(50) DEFAULT NULL,
  `aliaId` char(50) DEFAULT NULL,
  PRIMARY KEY (`id`) USING BTREE
) ENGINE=InnoDB DEFAULT CHARSET=utf8mb4 COLLATE=utf8mb4_0900_ai_ci ROW_FORMAT=DYNAMIC;
/*!40101 SET character_set_client = @saved_cs_client */;

--
-- Dumping data for table `notify`
--

LOCK TABLES `notify` WRITE;
/*!40000 ALTER TABLE `notify` DISABLE KEYS */;
INSERT INTO `notify` VALUES ('1707656515569','发布了','1701176517959','1695627840943',0,'2024-02-11 13:01:55','2024-02-12 12:46:04','upload','1707656515548'),('1707656515570','发布了','1701180369121','1695627840943',0,'2024-02-11 13:01:55','2024-02-12 12:46:04','upload','1707656515548'),('1707656515572','发布了','1702194200156','1695627840943',0,'2024-02-11 13:01:55','2024-02-12 12:46:04','upload','1707656515548'),('1707656599196','点赞了',NULL,'1695627840943',1,'2024-02-11 13:03:19','2024-02-12 13:40:34','thumb-vId','1707656515548'),('1707656736270','点赞了',NULL,'1702194200156',1,'2024-02-11 13:05:36','2024-02-12 13:40:57','thumb-vId','1707656515548'),('1707656778501','点赞了',NULL,'1702194200156',0,'2024-02-11 13:06:18','2024-02-11 13:06:18','thumb-commentId','1704291618179'),('1707656986631','关注了','1695627840943','a84e95ba-4585-4f79-9041-d3a1ffce5df3',0,'2024-02-11 13:09:46','2024-02-11 13:09:46','sub',NULL),('1707659651457','发布了','1695627840943','1701180369121',1,'2024-02-11 13:54:11','2024-02-12 13:46:20','upload','1707659651443'),('1707659651459','发布了','1701176517959','1701180369121',0,'2024-02-11 13:54:11','2024-02-11 13:54:11','upload','1707659651443'),('1707659651460','发布了','1701861356232','1701180369121',0,'2024-02-11 13:54:11','2024-02-11 13:54:11','upload','1707659651443'),('1707662156308','点赞了',NULL,'1701180369121',0,'2024-02-11 14:35:56','2024-02-12 12:46:04','thumb-vId','1707534418370'),('1707743066523','发布了','1701176517959','1695627840943',0,'2024-02-12 13:04:26','2024-02-12 13:04:26','upload','1707743066504'),('1707743066524','发布了','1701180369121','1695627840943',0,'2024-02-12 13:04:26','2024-02-12 13:04:26','upload','1707743066504'),('1707743066526','发布了','1702194200156','1695627840943',0,'2024-02-12 13:04:26','2024-02-12 13:04:26','upload','1707743066504'),('1707743066528','发布了','a84e95ba-4585-4f79-9041-d3a1ffce5df3','1695627840943',0,'2024-02-12 13:04:26','2024-02-12 13:04:26','upload','1707743066504'),('1707743405960','发布了','1701179513883','1701861356232',0,'2024-02-12 13:10:05','2024-02-12 13:10:05','upload','1707743405945'),('1707743405962','发布了','1701350273436','1701861356232',0,'2024-02-12 13:10:05','2024-02-12 13:10:05','upload','1707743405945'),('1707743405963','发布了','1695627840943','1701861356232',0,'2024-02-12 13:10:05','2024-02-12 13:10:05','upload','1707743405945'),('1707743405965','发布了','1701176517959','1701861356232',0,'2024-02-12 13:10:05','2024-02-12 13:10:05','upload','1707743405945'),('1707743634505','发布了','1701179513883','1701861356232',0,'2024-02-12 13:13:54','2024-02-12 13:13:54','upload','1707743634495'),('1707743634507','发布了','1701350273436','1701861356232',0,'2024-02-12 13:13:54','2024-02-12 13:13:54','upload','1707743634495'),('1707743634510','发布了','1695627840943','1701861356232',0,'2024-02-12 13:13:54','2024-02-12 13:13:54','upload','1707743634495'),('1707743634513','发布了','1701176517959','1701861356232',0,'2024-02-12 13:13:54','2024-02-12 13:13:54','upload','1707743634495'),('1707746758365','点赞了',NULL,'1695627840943',0,'2024-02-12 14:05:58','2024-02-12 14:05:58','thumb-vId','1701350566667'),('1707789926899','点赞了',NULL,'1695627840943',0,'2024-02-13 02:05:26','2024-02-13 02:05:26','thumb-mId','1704542874390'),('1707792736447','点赞了',NULL,'1695627840943',0,'2024-02-13 02:52:16','2024-02-13 02:52:16','thumb-mId','1704542815984'),('1707792749141','点赞了',NULL,'1695627840943',0,'2024-02-13 02:52:29','2024-02-13 02:52:29','thumb-mId','1704542779949'),('1707792771079','点赞了',NULL,'1695627840943',0,'2024-02-13 02:52:51','2024-02-13 02:52:51','thumb-mId','1704542746453'),('1707793073325','点赞了',NULL,'1695627840943',0,'2024-02-13 02:57:53','2024-02-13 02:57:53','thumb-vId','1707659651443'),('1707793754836','点赞了',NULL,'1695627840943',0,'2024-02-13 03:09:14','2024-02-13 03:09:14','thumb-mId','1704542988823'),('1707802383875','点赞了',NULL,'1701179513883',0,'2024-02-13 05:33:03','2024-02-13 05:33:03','thumb-mId','1704542988823'),('1707802385521','点赞了',NULL,'1701179513883',0,'2024-02-13 05:33:05','2024-02-13 05:33:05','thumb-mId','1704542958023'),('1707802387473','点赞了',NULL,'1701179513883',0,'2024-02-13 05:33:07','2024-02-13 05:33:07','thumb-mId','1704542912706'),('1707802392522','点赞了',NULL,'1701179513883',0,'2024-02-13 05:33:12','2024-02-13 05:33:12','thumb-mId','1704542874390'),('1707802394905','点赞了',NULL,'1701179513883',0,'2024-02-13 05:33:14','2024-02-13 05:33:14','thumb-mId','1704542815984'),('1707802416689','点赞了',NULL,'1702194200156',0,'2024-02-13 05:33:36','2024-02-13 05:33:36','thumb-mId','1704542988823'),('1707802418175','点赞了',NULL,'1702194200156',0,'2024-02-13 05:33:38','2024-02-13 05:33:38','thumb-mId','1704542958023'),('1707802419655','点赞了',NULL,'1702194200156',0,'2024-02-13 05:33:39','2024-02-13 05:33:39','thumb-mId','1704542912706'),('1707802421106','点赞了',NULL,'1702194200156',0,'2024-02-13 05:33:41','2024-02-13 05:33:41','thumb-mId','1704542874390'),('1707802422309','点赞了',NULL,'1702194200156',0,'2024-02-13 05:33:42','2024-02-13 05:33:42','thumb-mId','1704542815984'),('1707803899342','点赞了',NULL,'1701180385005',0,'2024-02-13 05:58:19','2024-02-13 05:58:19','thumb-mId','1707803892957'),('1707805107408','关注了','b5c475f8-2849-4de5-adc3-39a0764605ce','1701180412726',0,'2024-02-13 06:18:27','2024-02-13 06:18:27','sub',NULL),('1707805157303','关注了','3ebc842f-287e-492c-bc52-df91d3247805','1701180385005',0,'2024-02-13 06:19:17','2024-02-13 06:19:17','sub',NULL),('1707805193039','关注了','a84e95ba-4585-4f79-9041-d3a1ffce5df3','1701180385005',0,'2024-02-13 06:19:53','2024-02-13 06:19:53','sub',NULL),('1707806086094','关注了','1701180385005','1695627840943',0,'2024-02-13 06:34:46','2024-02-13 06:34:46','sub',NULL),('1707806175325','关注了','b5c475f8-2849-4de5-adc3-39a0764605ce','1695627840943',0,'2024-02-13 06:36:15','2024-02-13 06:36:15','sub',NULL),('1707806178640','关注了','1702193969526','1695627840943',0,'2024-02-13 06:36:18','2024-02-13 06:36:18','sub',NULL),('1707808102135','关注了','1701180412726','1695627840943',0,'2024-02-13 07:08:22','2024-02-13 07:08:22','sub',NULL),('1707808302305','点赞了',NULL,'1695627840943',0,'2024-02-13 07:11:42','2024-02-13 07:11:42','thumb-vId','1701179759725');
/*!40000 ALTER TABLE `notify` ENABLE KEYS */;
UNLOCK TABLES;

--
-- Table structure for table `playlist`
--

DROP TABLE IF EXISTS `playlist`;
/*!40101 SET @saved_cs_client     = @@character_set_client */;
/*!50503 SET character_set_client = utf8mb4 */;
CREATE TABLE `playlist` (
  `id` char(50) CHARACTER SET utf8mb4 COLLATE utf8mb4_0900_ai_ci NOT NULL DEFAULT '1',
  `name` varchar(200) CHARACTER SET utf8mb4 COLLATE utf8mb4_0900_ai_ci DEFAULT NULL,
  `isPublic` int DEFAULT '1',
  `description` text CHARACTER SET utf8mb4 COLLATE utf8mb4_0900_ai_ci,
  `userId` char(50) CHARACTER SET utf8mb4 COLLATE utf8mb4_0900_ai_ci DEFAULT NULL,
  `createTime` timestamp NULL DEFAULT CURRENT_TIMESTAMP,
  `updateTime` timestamp NULL DEFAULT CURRENT_TIMESTAMP ON UPDATE CURRENT_TIMESTAMP,
  PRIMARY KEY (`id`) USING BTREE,
  UNIQUE KEY `name` (`name`) USING BTREE,
  KEY `userId` (`userId`) USING BTREE,
  CONSTRAINT `playlist_ibfk_1` FOREIGN KEY (`userId`) REFERENCES `user` (`userId`) ON DELETE CASCADE ON UPDATE CASCADE
) ENGINE=InnoDB DEFAULT CHARSET=utf8mb4 COLLATE=utf8mb4_0900_ai_ci ROW_FORMAT=DYNAMIC;
/*!40101 SET character_set_client = @saved_cs_client */;

--
-- Dumping data for table `playlist`
--

LOCK TABLES `playlist` WRITE;
/*!40000 ALTER TABLE `playlist` DISABLE KEYS */;
INSERT INTO `playlist` VALUES ('1701176764479','我的喜欢',0,'我的喜欢','1701176517959','2023-11-28 13:06:04','2023-11-28 13:06:04'),('1701179783428','最爱的video',0,'最爱的video','1701179513883','2023-11-28 13:56:23','2023-11-28 13:56:23'),('1701354908763','足坛经典-贺炜',0,'克里斯体验罗纳尔多','1701180412726','2023-11-30 14:35:08','2024-01-29 11:48:33'),('1701526109282','小夜生活曲目',1,'小夜生活曲目','1695627840943','2023-12-02 14:08:29','2023-12-02 14:08:29'),('1701526425636','摇滚世界',0,'摇滚世界','1695627840943','2023-12-02 14:13:45','2023-12-02 14:13:45'),('1701526442834','树叶落了',1,'树叶落了','1695627840943','2023-12-02 14:14:02','2023-12-02 14:14:02'),('1701777540566','童年你别走',1,'童年你别走','1701176517959','2023-12-05 11:59:00','2023-12-05 11:59:00'),('1701777550528','每一次点开',1,'每一次点开','1701176517959','2023-12-05 11:59:10','2023-12-05 11:59:10'),('1701777559880','足球爱好者',1,'足球爱好者','1701176517959','2023-12-05 11:59:19','2023-12-05 11:59:19'),('1701777568662','民谣经典',1,'民谣经典','1701176517959','2023-12-05 11:59:28','2023-12-05 11:59:28'),('1701777837132','曾经的回忆',0,'曾经的回忆','1701176517959','2023-12-05 12:03:57','2023-12-05 12:03:57'),('1701777850967','gidle我爱你们,曾经校园必听的歌曲，最爱米妮，同样叶舒华，宋雨琦，田小娟，赵美延，最爱',1,'gidle我爱你们','1701176517959','2023-12-05 12:04:10','2023-12-05 12:07:07'),('1702043680959','致命陶醉',0,'致命陶醉','1701180369121','2023-12-08 13:54:40','2023-12-08 13:54:40'),('1702043693525','这个就是爱情',0,'这个就是爱情','1701180369121','2023-12-08 13:54:53','2023-12-08 13:54:53'),('1702045082143','听悲伤的歌',0,'听悲伤的歌','1701179513883','2023-12-08 14:18:02','2023-12-08 14:18:02'),('1702110359025','时下流行',0,'时下流行','1701180404316','2023-12-09 08:25:59','2023-12-09 08:25:59'),('1702110407757','电子竞技',0,'电子竞技','1701180404316','2023-12-09 08:26:47','2023-12-09 08:26:47'),('1704979645306','夜猫子读书',1,'夜猫子读书','1701861356232','2024-01-11 13:27:25','2024-01-11 13:27:25'),('1704979707368','深夜回忆',1,'深夜回忆','1701861356232','2024-01-11 13:28:27','2024-01-11 13:28:27'),('1705134628232','我真的爱他',1,'我真的爱他','1702194200156','2024-01-13 08:30:28','2024-01-13 08:30:28'),('1705411728458','今晚夜无眠',0,'今晚夜无眠','1702194200156','2024-01-16 13:28:48','2024-01-29 12:09:01'),('1706710045453','太棒了',0,'太棒了','1702194200156','2024-01-31 14:07:25','2024-01-31 14:07:25');
/*!40000 ALTER TABLE `playlist` ENABLE KEYS */;
UNLOCK TABLES;

--
-- Table structure for table `playlist_video`
--

DROP TABLE IF EXISTS `playlist_video`;
/*!40101 SET @saved_cs_client     = @@character_set_client */;
/*!50503 SET character_set_client = utf8mb4 */;
CREATE TABLE `playlist_video` (
  `pId` char(50) CHARACTER SET utf8mb4 COLLATE utf8mb4_0900_ai_ci NOT NULL,
  `vId` char(50) CHARACTER SET utf8mb4 COLLATE utf8mb4_0900_ai_ci NOT NULL,
  `createTime` timestamp NULL DEFAULT CURRENT_TIMESTAMP,
  `updateTime` timestamp NULL DEFAULT CURRENT_TIMESTAMP ON UPDATE CURRENT_TIMESTAMP,
  PRIMARY KEY (`pId`,`vId`) USING BTREE,
  KEY `vId` (`vId`) USING BTREE,
  CONSTRAINT `playlist_video_ibfk_1` FOREIGN KEY (`pId`) REFERENCES `playlist` (`id`) ON DELETE CASCADE ON UPDATE CASCADE,
  CONSTRAINT `playlist_video_ibfk_2` FOREIGN KEY (`vId`) REFERENCES `video` (`id`) ON DELETE CASCADE ON UPDATE CASCADE
) ENGINE=InnoDB DEFAULT CHARSET=utf8mb4 COLLATE=utf8mb4_0900_ai_ci ROW_FORMAT=DYNAMIC;
/*!40101 SET character_set_client = @saved_cs_client */;

--
-- Dumping data for table `playlist_video`
--

LOCK TABLES `playlist_video` WRITE;
/*!40000 ALTER TABLE `playlist_video` DISABLE KEYS */;
INSERT INTO `playlist_video` VALUES ('1701176764479','1697263947397','2023-12-19 13:05:41','2023-12-19 13:05:41'),('1701176764479','1697264013066','2023-12-19 13:05:53','2023-12-19 13:05:53'),('1701176764479','1701177618868','2023-12-19 13:06:18','2023-12-19 13:06:18'),('1701176764479','1701178344369','2023-12-19 13:06:08','2023-12-19 13:06:08'),('1701176764479','1701178900100','2023-11-28 13:41:40','2023-11-28 13:41:40'),('1701176764479','1701179107076','2023-12-19 13:05:36','2023-12-19 13:05:36'),('1701176764479','1701179759725','2023-11-28 13:56:36','2023-12-02 06:34:56'),('1701176764479','1701352079463','2023-12-02 06:34:29','2023-12-02 06:34:29'),('1701176764479','1701352530518','2023-12-01 14:56:32','2023-12-01 14:57:27'),('1701176764479','1701861942912','2023-12-19 13:05:10','2023-12-19 13:05:10'),('1701176764479','1702044791168','2023-12-19 13:05:05','2023-12-19 13:05:05'),('1701176764479','1702044953554','2023-12-19 13:05:28','2023-12-19 13:05:28'),('1701179783428','1697263947397','2023-12-02 06:37:17','2023-12-02 06:37:17'),('1701179783428','1697264013066','2023-12-02 06:37:08','2023-12-02 06:37:08'),('1701179783428','1697264201912','2023-12-02 06:37:00','2023-12-02 06:37:00'),('1701179783428','1697264268142','2023-12-02 06:36:52','2023-12-02 06:36:52'),('1701179783428','1701177222724','2023-11-28 13:13:42','2023-12-02 06:36:36'),('1701179783428','1701177618868','2023-11-28 13:20:18','2023-12-02 06:36:27'),('1701179783428','1701178696753','2023-11-28 13:38:16','2023-12-02 06:35:20'),('1701179783428','1701350566667','2023-12-02 06:34:49','2023-12-02 06:34:49'),('1701179783428','1701352079463','2023-12-08 13:53:52','2023-12-08 13:53:52'),('1701179783428','1701352530518','2023-12-08 14:21:22','2023-12-08 14:21:22'),('1701179783428','1702044791168','2023-12-08 14:13:11','2023-12-08 14:13:11'),('1701179783428','1702044953554','2023-12-08 14:15:53','2023-12-08 14:15:53'),('1701354908763','1701177764743','2023-11-28 13:22:44','2023-12-02 06:36:19'),('1701354908763','1701178344369','2023-11-28 13:32:24','2023-12-02 06:35:34'),('1701354908763','1701179107076','2023-11-28 13:45:07','2023-12-02 06:35:03'),('1701354908763','1701350878244','2023-12-02 06:34:41','2023-12-02 06:34:41'),('1701354908763','1701438826139','2023-12-02 06:34:22','2023-12-02 06:34:22'),('1701526109282','1701179107076','2024-01-03 14:20:44','2024-01-03 14:20:44'),('1701526109282','1701501038634','2023-12-02 14:14:08','2023-12-02 14:14:08'),('1701526425636','1701501038634','2023-12-02 14:14:09','2023-12-02 14:14:09'),('1701526425636','1707743066504','2024-02-12 13:04:26','2024-02-12 13:04:26'),('1701526442834','1697264201912','2023-12-30 03:30:38','2023-12-30 03:30:38'),('1701526442834','1701350566667','2023-12-03 06:42:56','2023-12-03 06:42:56'),('1701526442834','1701500752272','2023-12-05 13:18:48','2023-12-05 13:18:48'),('1701526442834','1707656515548','2024-02-11 13:01:55','2024-02-11 13:01:55'),('1701777540566','1701352079463','2023-12-05 12:09:08','2023-12-05 12:09:08'),('1701777550528','1701177764743','2023-12-30 03:25:39','2023-12-30 03:25:39'),('1701777550528','1701178900100','2023-12-09 08:35:02','2023-12-09 08:35:02'),('1701777550528','1701352079463','2023-12-05 12:09:07','2023-12-05 12:09:07'),('1701777550528','1701499667928','2023-12-09 08:33:30','2023-12-09 08:33:30'),('1701777550528','1703944636871','2023-12-30 13:57:16','2023-12-30 13:57:16'),('1701777550528','1703945014268','2023-12-30 14:03:34','2023-12-30 14:03:34'),('1701777568662','1701179759725','2023-12-05 12:09:13','2023-12-05 12:09:13'),('1701777568662','1701499667928','2023-12-05 12:09:02','2023-12-05 12:09:02'),('1701777837132','1701499667928','2023-12-05 12:09:01','2023-12-05 12:09:01'),('1702043680959','1701177222724','2023-12-08 13:58:26','2023-12-08 13:58:26'),('1702043680959','1701178900100','2023-12-08 13:56:11','2023-12-08 13:56:11'),('1702043680959','1701350566667','2023-12-08 13:55:49','2023-12-08 13:55:49'),('1702043693525','1701177222724','2023-12-08 13:58:27','2023-12-08 13:58:27'),('1702043693525','1701179759725','2023-12-08 13:56:21','2023-12-08 13:56:21'),('1702043693525','1701352530518','2023-12-08 13:55:02','2023-12-08 13:55:02'),('1702043693525','1701501038634','2023-12-09 07:22:26','2023-12-09 07:22:26'),('1702043693525','1702044791168','2023-12-09 08:21:36','2023-12-09 08:21:36'),('1702043693525','1707659651443','2024-02-11 13:54:11','2024-02-11 13:54:11'),('1702045082143','1702044791168','2023-12-08 14:18:03','2023-12-08 14:18:03'),('1702045082143','1704722402162','2024-01-08 14:00:02','2024-01-08 14:00:02'),('1704979645306','1701350878244','2024-01-11 13:27:51','2024-01-11 13:27:51'),('1704979645306','1703944636871','2024-01-11 13:27:42','2024-01-11 13:27:42'),('1704979645306','1703945014268','2024-01-11 13:27:36','2024-01-11 13:27:36'),('1704979645306','1704722402162','2024-01-11 13:27:26','2024-01-11 13:27:26'),('1704979645306','1707743405945','2024-02-12 13:10:05','2024-02-12 13:10:05'),('1704979645306','1707743634495','2024-02-12 13:13:54','2024-02-12 13:13:54'),('1704979707368','1701177618868','2024-01-11 13:28:37','2024-01-11 13:28:37'),('1704979707368','1703945014268','2024-01-11 13:28:29','2024-01-11 13:28:29'),('1705134628232','1703944636871','2024-01-13 08:30:29','2024-01-13 08:30:29'),('1705134628232','1705134899610','2024-01-13 08:34:59','2024-01-13 08:34:59'),('1705134628232','1707534418370','2024-02-10 03:06:58','2024-02-10 03:06:58'),('1705411728458','1705134899610','2024-01-16 13:28:50','2024-01-16 13:28:50'),('1706710045453','1705134899610','2024-01-31 14:07:27','2024-01-31 14:07:27'),('1706710045453','1707533674179','2024-02-10 02:54:34','2024-02-10 02:54:34'),('1706710045453','1707743405945','2024-02-13 05:38:45','2024-02-13 05:38:45');
/*!40000 ALTER TABLE `playlist_video` ENABLE KEYS */;
UNLOCK TABLES;

--
-- Table structure for table `sub_playlist`
--

DROP TABLE IF EXISTS `sub_playlist`;
/*!40101 SET @saved_cs_client     = @@character_set_client */;
/*!50503 SET character_set_client = utf8mb4 */;
CREATE TABLE `sub_playlist` (
  `userId` char(50) DEFAULT NULL,
  `playlistId` char(50) DEFAULT NULL,
  `createTime` timestamp NULL DEFAULT CURRENT_TIMESTAMP,
  `updateTime` timestamp NULL DEFAULT CURRENT_TIMESTAMP ON UPDATE CURRENT_TIMESTAMP,
  KEY `userId` (`userId`),
  KEY `playlistId` (`playlistId`),
  CONSTRAINT `sub_playlist_ibfk_1` FOREIGN KEY (`userId`) REFERENCES `user` (`userId`) ON DELETE CASCADE ON UPDATE CASCADE,
  CONSTRAINT `sub_playlist_ibfk_2` FOREIGN KEY (`playlistId`) REFERENCES `playlist` (`id`) ON DELETE CASCADE ON UPDATE CASCADE
) ENGINE=InnoDB DEFAULT CHARSET=utf8mb4 COLLATE=utf8mb4_0900_ai_ci;
/*!40101 SET character_set_client = @saved_cs_client */;

--
-- Dumping data for table `sub_playlist`
--

LOCK TABLES `sub_playlist` WRITE;
/*!40000 ALTER TABLE `sub_playlist` DISABLE KEYS */;
INSERT INTO `sub_playlist` VALUES ('1701179513883','1701777568662','2024-01-11 13:20:18','2024-01-11 13:20:18'),('1701179513883','1701777559880','2024-01-11 13:20:34','2024-01-11 13:20:34'),('1702194200156','1701176764479','2024-01-13 08:39:24','2024-01-13 08:39:24'),('1702194200156','1701777837132','2024-01-31 13:59:38','2024-01-31 13:59:38'),('1701176517959','1705411728458','2024-02-12 07:27:00','2024-02-12 07:27:00'),('1701176517959','1705134628232','2024-02-12 07:27:16','2024-02-12 07:27:16'),('1701176517959','1702045082143','2024-02-12 07:27:31','2024-02-12 07:27:31');
/*!40000 ALTER TABLE `sub_playlist` ENABLE KEYS */;
UNLOCK TABLES;

--
-- Table structure for table `subscriber`
--

DROP TABLE IF EXISTS `subscriber`;
/*!40101 SET @saved_cs_client     = @@character_set_client */;
/*!50503 SET character_set_client = utf8mb4 */;
CREATE TABLE `subscriber` (
  `id` char(50) CHARACTER SET utf8mb4 COLLATE utf8mb4_0900_ai_ci NOT NULL,
  `userId` char(50) CHARACTER SET utf8mb4 COLLATE utf8mb4_0900_ai_ci DEFAULT NULL,
  `upId` char(50) CHARACTER SET utf8mb4 COLLATE utf8mb4_0900_ai_ci DEFAULT NULL,
  `createTime` timestamp NULL DEFAULT CURRENT_TIMESTAMP,
  `updateTime` timestamp NULL DEFAULT CURRENT_TIMESTAMP ON UPDATE CURRENT_TIMESTAMP,
  PRIMARY KEY (`id`) USING BTREE,
  KEY `userId` (`userId`) USING BTREE,
  KEY `upId` (`upId`) USING BTREE,
  CONSTRAINT `subscriber_ibfk_1` FOREIGN KEY (`userId`) REFERENCES `user` (`userId`) ON DELETE CASCADE ON UPDATE CASCADE,
  CONSTRAINT `subscriber_ibfk_2` FOREIGN KEY (`upId`) REFERENCES `user` (`userId`) ON DELETE CASCADE ON UPDATE CASCADE
) ENGINE=InnoDB DEFAULT CHARSET=utf8mb4 COLLATE=utf8mb4_0900_ai_ci ROW_FORMAT=DYNAMIC;
/*!40101 SET character_set_client = @saved_cs_client */;

--
-- Dumping data for table `subscriber`
--

LOCK TABLES `subscriber` WRITE;
/*!40000 ALTER TABLE `subscriber` DISABLE KEYS */;
INSERT INTO `subscriber` VALUES ('1701585705657','1695627840943','1701179513883','2023-12-03 06:41:45','2023-12-03 06:41:45'),('1701697428877','1701179513883','1701176517959','2023-12-04 13:43:48','2023-12-04 13:43:48'),('1701697560706','1701179513883','1701350273436','2023-12-04 13:46:00','2023-12-04 13:46:00'),('1701777481344','1701176517959','1701179513883','2023-12-05 11:58:01','2023-12-05 11:58:01'),('1701778197303','1701176517959','1701180369121','2023-12-05 12:09:57','2023-12-05 12:09:57'),('1701783015622','1695627840943','1701176517959','2023-12-05 13:30:15','2023-12-05 13:30:15'),('1702038157648','1701176517959','1695627840943','2023-12-08 12:22:37','2023-12-08 12:22:37'),('1702043819347','1701180369121','1695627840943','2023-12-08 13:56:59','2023-12-08 13:56:59'),('1702045366728','1701179513883','1701861356232','2023-12-08 14:22:46','2023-12-08 14:22:46'),('1702103967456','1701861356232','1701176517959','2023-12-09 06:39:27','2023-12-09 06:39:27'),('1702103993573','1701861356232','1701180369121','2023-12-09 06:39:53','2023-12-09 06:39:53'),('1702104074764','1701350273436','1701861356232','2023-12-09 06:41:14','2023-12-09 06:41:14'),('1702106923369','1701180369121','1701179513883','2023-12-09 07:28:43','2023-12-09 07:28:43'),('1702109859167','1701180369121','1701176517959','2023-12-09 08:17:39','2023-12-09 08:17:39'),('1703941435035','1695627840943','1701861356232','2023-12-30 13:03:55','2023-12-30 13:03:55'),('1703943087031','1702193969526','1701350273436','2023-12-30 13:31:27','2023-12-30 13:31:27'),('1703943334342','1701176517959','1701861356232','2023-12-30 13:35:34','2023-12-30 13:35:34'),('1705069401490','1701861356232','1701350273436','2024-01-12 14:23:21','2024-01-12 14:23:21'),('1705135205934','1702194200156','1701176517959','2024-01-13 08:40:05','2024-01-13 08:40:05'),('1705135594778','1702194200156','1695627840943','2024-01-13 08:46:34','2024-01-13 08:46:34'),('1707656986629','a84e95ba-4585-4f79-9041-d3a1ffce5df3','1695627840943','2024-02-11 13:09:46','2024-02-11 13:09:46'),('1707805107405','1701180412726','b5c475f8-2849-4de5-adc3-39a0764605ce','2024-02-13 06:18:27','2024-02-13 06:18:27'),('1707805157301','1701180385005','3ebc842f-287e-492c-bc52-df91d3247805','2024-02-13 06:19:17','2024-02-13 06:19:17'),('1707805193036','1701180385005','a84e95ba-4585-4f79-9041-d3a1ffce5df3','2024-02-13 06:19:53','2024-02-13 06:19:53'),('1707806086090','1695627840943','1701180385005','2024-02-13 06:34:46','2024-02-13 06:34:46'),('1707806175321','1695627840943','b5c475f8-2849-4de5-adc3-39a0764605ce','2024-02-13 06:36:15','2024-02-13 06:36:15'),('1707806178636','1695627840943','1702193969526','2024-02-13 06:36:18','2024-02-13 06:36:18'),('1707808102131','1695627840943','1701180412726','2024-02-13 07:08:22','2024-02-13 07:08:22');
/*!40000 ALTER TABLE `subscriber` ENABLE KEYS */;
UNLOCK TABLES;

--
-- Table structure for table `tag`
--

DROP TABLE IF EXISTS `tag`;
/*!40101 SET @saved_cs_client     = @@character_set_client */;
/*!50503 SET character_set_client = utf8mb4 */;
CREATE TABLE `tag` (
  `id` char(50) CHARACTER SET utf8mb4 COLLATE utf8mb4_0900_ai_ci NOT NULL,
  `name` varchar(200) CHARACTER SET utf8mb4 COLLATE utf8mb4_0900_ai_ci DEFAULT NULL,
  `createTime` timestamp NULL DEFAULT CURRENT_TIMESTAMP,
  `updateTime` timestamp NULL DEFAULT CURRENT_TIMESTAMP ON UPDATE CURRENT_TIMESTAMP,
  PRIMARY KEY (`id`) USING BTREE,
  UNIQUE KEY `name` (`name`) USING BTREE
) ENGINE=InnoDB DEFAULT CHARSET=utf8mb4 COLLATE=utf8mb4_0900_ai_ci ROW_FORMAT=DYNAMIC;
/*!40101 SET character_set_client = @saved_cs_client */;

--
-- Dumping data for table `tag`
--

LOCK TABLES `tag` WRITE;
/*!40000 ALTER TABLE `tag` DISABLE KEYS */;
INSERT INTO `tag` VALUES ('1682755867637','动漫','2023-04-29 08:11:07','2023-04-29 08:11:07'),('1682755880310','音乐','2023-04-29 08:11:20','2023-04-29 08:11:20'),('1682755885049','学习','2023-04-29 08:11:25','2023-04-29 08:11:25'),('1682755889783','运动','2023-04-29 08:11:29','2023-04-29 08:11:29'),('1682755895463','NBA','2023-04-29 08:11:35','2023-04-29 08:11:35'),('1682755912772','日常','2023-04-29 08:11:52','2023-04-29 08:11:52'),('1682755917498','短视频','2023-04-29 08:11:57','2023-04-29 08:11:57'),('1682755922162','校园','2023-04-29 08:12:02','2023-04-29 08:12:02'),('1682756910209','童年','2023-04-29 08:28:30','2023-04-29 08:28:30'),('1704527741845','宇宙奥秘','2024-01-06 07:55:41','2024-01-06 07:55:41'),('1704527759099','未解之谜','2024-01-06 07:55:59','2024-01-06 07:55:59'),('1704528298730','FIFA国际足联','2024-01-06 08:04:58','2024-01-06 08:08:13');
/*!40000 ALTER TABLE `tag` ENABLE KEYS */;
UNLOCK TABLES;

--
-- Table structure for table `tag_video`
--

DROP TABLE IF EXISTS `tag_video`;
/*!40101 SET @saved_cs_client     = @@character_set_client */;
/*!50503 SET character_set_client = utf8mb4 */;
CREATE TABLE `tag_video` (
  `tId` char(50) CHARACTER SET utf8mb4 COLLATE utf8mb4_0900_ai_ci NOT NULL,
  `vId` char(50) CHARACTER SET utf8mb4 COLLATE utf8mb4_0900_ai_ci NOT NULL,
  `createTime` timestamp NULL DEFAULT CURRENT_TIMESTAMP,
  `updateTime` timestamp NULL DEFAULT CURRENT_TIMESTAMP ON UPDATE CURRENT_TIMESTAMP,
  PRIMARY KEY (`tId`,`vId`) USING BTREE,
  KEY `vId` (`vId`) USING BTREE,
  CONSTRAINT `tag_video_ibfk_1` FOREIGN KEY (`tId`) REFERENCES `tag` (`id`) ON DELETE CASCADE ON UPDATE CASCADE,
  CONSTRAINT `tag_video_ibfk_2` FOREIGN KEY (`vId`) REFERENCES `video` (`id`) ON DELETE CASCADE ON UPDATE CASCADE
) ENGINE=InnoDB DEFAULT CHARSET=utf8mb4 COLLATE=utf8mb4_0900_ai_ci ROW_FORMAT=DYNAMIC;
/*!40101 SET character_set_client = @saved_cs_client */;

--
-- Dumping data for table `tag_video`
--

LOCK TABLES `tag_video` WRITE;
/*!40000 ALTER TABLE `tag_video` DISABLE KEYS */;
INSERT INTO `tag_video` VALUES ('1682755867637','1701861942912','2023-12-06 11:25:42','2023-12-06 11:25:42'),('1682755867637','1703945014268','2023-12-30 14:03:34','2023-12-30 14:03:34'),('1682755867637','1707743405945','2024-02-12 13:10:05','2024-02-12 13:10:05'),('1682755880310','1697264013066','2023-12-02 06:37:08','2023-12-02 06:37:08'),('1682755880310','1701178900100','2023-12-02 06:35:10','2023-12-02 06:35:10'),('1682755880310','1701179107076','2023-12-02 06:35:03','2023-12-02 06:35:03'),('1682755880310','1701352079463','2023-12-02 06:34:29','2023-12-02 06:34:29'),('1682755880310','1701352530518','2023-12-01 14:57:27','2023-12-01 14:57:27'),('1682755880310','1701443899564','2023-12-01 15:18:19','2023-12-01 15:18:19'),('1682755880310','1701499667928','2023-12-02 06:47:47','2023-12-02 06:47:47'),('1682755880310','1701500752272','2023-12-02 07:05:52','2023-12-02 07:05:52'),('1682755880310','1701861942912','2023-12-06 11:25:42','2023-12-06 11:25:42'),('1682755880310','1702044791168','2023-12-08 14:13:11','2023-12-08 14:13:11'),('1682755880310','1704722402162','2024-01-08 14:00:02','2024-01-08 14:00:02'),('1682755880310','1705134899610','2024-01-13 08:34:59','2024-01-13 08:34:59'),('1682755880310','1707656515548','2024-02-11 13:01:55','2024-02-11 13:01:55'),('1682755880310','1707659651443','2024-02-11 13:54:11','2024-02-11 13:54:11'),('1682755880310','1707743066504','2024-02-12 13:04:26','2024-02-12 13:04:26'),('1682755880310','1707743405945','2024-02-12 13:10:05','2024-02-12 13:10:05'),('1682755880310','1707743634495','2024-02-12 13:13:54','2024-02-12 13:13:54'),('1682755885049','1697263947397','2023-12-02 06:37:17','2023-12-02 06:37:17'),('1682755885049','1697264201912','2023-12-02 06:37:00','2023-12-02 06:37:00'),('1682755885049','1697264268142','2023-12-02 06:36:52','2023-12-02 06:36:52'),('1682755885049','1701177618868','2023-12-02 06:36:27','2023-12-02 06:36:27'),('1682755885049','1701178696753','2023-12-02 06:35:20','2023-12-02 06:35:20'),('1682755885049','1701178900100','2023-12-02 06:35:10','2023-12-02 06:35:10'),('1682755885049','1701179759725','2023-12-02 06:34:56','2023-12-02 06:34:56'),('1682755885049','1701350566667','2023-12-02 06:34:49','2023-12-02 06:34:49'),('1682755885049','1701352079463','2023-12-02 06:34:29','2023-12-02 06:34:29'),('1682755885049','1701352530518','2023-12-01 14:57:27','2023-12-01 14:57:27'),('1682755885049','1701438826139','2023-12-02 06:34:22','2023-12-02 06:34:22'),('1682755885049','1707743066504','2024-02-12 13:04:26','2024-02-12 13:04:26'),('1682755889783','1697263947397','2023-12-02 06:37:17','2023-12-02 06:37:17'),('1682755889783','1697264013066','2023-12-02 06:37:08','2023-12-02 06:37:08'),('1682755889783','1701177222724','2023-12-02 06:36:36','2023-12-02 06:36:36'),('1682755889783','1701177764743','2023-12-02 06:36:19','2023-12-02 06:36:19'),('1682755889783','1701178344369','2023-12-02 06:35:34','2023-12-02 06:35:34'),('1682755889783','1701178900100','2023-12-02 06:35:10','2023-12-02 06:35:10'),('1682755889783','1701179107076','2023-12-02 06:35:03','2023-12-02 06:35:03'),('1682755889783','1701179759725','2023-12-02 06:34:56','2023-12-02 06:34:56'),('1682755889783','1701350566667','2023-12-02 06:34:49','2023-12-02 06:34:49'),('1682755889783','1701350878244','2023-12-02 06:34:41','2023-12-02 06:34:41'),('1682755889783','1701352079463','2023-12-02 06:34:29','2023-12-02 06:34:29'),('1682755889783','1701438826139','2023-12-02 06:34:22','2023-12-02 06:34:22'),('1682755889783','1701499667928','2023-12-02 06:47:47','2023-12-02 06:47:47'),('1682755889783','1701500752272','2023-12-02 07:05:52','2023-12-02 07:05:52'),('1682755889783','1704722402162','2024-01-08 14:00:02','2024-01-08 14:00:02'),('1682755895463','1697263947397','2023-12-02 06:37:17','2023-12-02 06:37:17'),('1682755895463','1697264201912','2023-12-02 06:37:00','2023-12-02 06:37:00'),('1682755895463','1697264268142','2023-12-02 06:36:52','2023-12-02 06:36:52'),('1682755895463','1701177222724','2023-12-02 06:36:36','2023-12-02 06:36:36'),('1682755895463','1701178344369','2023-12-02 06:35:34','2023-12-02 06:35:34'),('1682755895463','1701178696753','2023-12-02 06:35:20','2023-12-02 06:35:20'),('1682755895463','1701179107076','2023-12-02 06:35:03','2023-12-02 06:35:03'),('1682755895463','1701179759725','2023-12-02 06:34:56','2023-12-02 06:34:56'),('1682755895463','1701350566667','2023-12-02 06:34:49','2023-12-02 06:34:49'),('1682755895463','1701350878244','2023-12-02 06:34:41','2023-12-02 06:34:41'),('1682755895463','1701438826139','2023-12-02 06:34:22','2023-12-02 06:34:22'),('1682755895463','1701501038634','2023-12-02 07:10:38','2023-12-02 07:10:38'),('1682755912772','1697264013066','2023-12-02 06:37:08','2023-12-02 06:37:08'),('1682755912772','1697264201912','2023-12-02 06:37:00','2023-12-02 06:37:00'),('1682755912772','1697264268142','2023-12-02 06:36:52','2023-12-02 06:36:52'),('1682755912772','1701177618868','2023-12-02 06:36:27','2023-12-02 06:36:27'),('1682755912772','1701177764743','2023-12-02 06:36:19','2023-12-02 06:36:19'),('1682755912772','1701178344369','2023-12-02 06:35:34','2023-12-02 06:35:34'),('1682755912772','1701178696753','2023-12-02 06:35:20','2023-12-02 06:35:20'),('1682755912772','1701179107076','2023-12-02 06:35:03','2023-12-02 06:35:03'),('1682755912772','1701350878244','2023-12-02 06:34:41','2023-12-02 06:34:41'),('1682755912772','1704722402162','2024-01-08 14:00:02','2024-01-08 14:00:02'),('1682755917498','1701177618868','2023-12-02 06:36:27','2023-12-02 06:36:27'),('1682755917498','1701177764743','2023-12-02 06:36:19','2023-12-02 06:36:19'),('1682755917498','1701350878244','2023-12-02 06:34:41','2023-12-02 06:34:41'),('1682755917498','1701501038634','2023-12-02 07:10:38','2023-12-02 07:10:38'),('1682755917498','1702044791168','2023-12-08 14:13:11','2023-12-08 14:13:11'),('1682755917498','1703944636871','2023-12-30 13:57:16','2023-12-30 13:57:16'),('1682755917498','1705134899610','2024-01-13 08:34:59','2024-01-13 08:34:59'),('1682755917498','1707656515548','2024-02-11 13:01:55','2024-02-11 13:01:55'),('1682755917498','1707659651443','2024-02-11 13:54:11','2024-02-11 13:54:11'),('1682755917498','1707743405945','2024-02-12 13:10:05','2024-02-12 13:10:05'),('1682755922162','1701178696753','2023-12-02 06:35:20','2023-12-02 06:35:20'),('1682755922162','1701501038634','2023-12-02 07:10:38','2023-12-02 07:10:38'),('1682755922162','1702044953554','2023-12-08 14:15:53','2023-12-08 14:15:53'),('1682755922162','1703945014268','2023-12-30 14:03:34','2023-12-30 14:03:34'),('1682755922162','1707533674179','2024-02-10 02:54:34','2024-02-10 02:54:34'),('1682755922162','1707534418370','2024-02-10 03:06:58','2024-02-10 03:06:58'),('1682755922162','1707743066504','2024-02-12 13:04:26','2024-02-12 13:04:26'),('1682756910209','1701178696753','2023-12-02 06:35:20','2023-12-02 06:35:20'),('1682756910209','1701443899564','2023-12-01 15:18:19','2023-12-01 15:18:19'),('1682756910209','1702044953554','2023-12-08 14:15:53','2023-12-08 14:15:53'),('1682756910209','1707534418370','2024-02-10 03:06:58','2024-02-10 03:06:58'),('1682756910209','1707656515548','2024-02-11 13:01:55','2024-02-11 13:01:55'),('1704527741845','1707533674179','2024-02-10 02:54:34','2024-02-10 02:54:34');
/*!40000 ALTER TABLE `tag_video` ENABLE KEYS */;
UNLOCK TABLES;

--
-- Table structure for table `thumb`
--

DROP TABLE IF EXISTS `thumb`;
/*!40101 SET @saved_cs_client     = @@character_set_client */;
/*!50503 SET character_set_client = utf8mb4 */;
CREATE TABLE `thumb` (
  `id` char(50) CHARACTER SET utf8mb4 COLLATE utf8mb4_0900_ai_ci NOT NULL,
  `userId` char(50) CHARACTER SET utf8mb4 COLLATE utf8mb4_0900_ai_ci DEFAULT NULL,
  `commentId` char(50) CHARACTER SET utf8mb4 COLLATE utf8mb4_0900_ai_ci DEFAULT NULL,
  `vId` char(50) CHARACTER SET utf8mb4 COLLATE utf8mb4_0900_ai_ci DEFAULT NULL,
  `createTime` timestamp NULL DEFAULT CURRENT_TIMESTAMP,
  `updateTime` timestamp NULL DEFAULT CURRENT_TIMESTAMP ON UPDATE CURRENT_TIMESTAMP,
  `tread` int DEFAULT NULL,
  `mId` char(50) DEFAULT NULL,
  PRIMARY KEY (`id`) USING BTREE,
  KEY `userId` (`userId`) USING BTREE,
  KEY `vId` (`vId`) USING BTREE,
  KEY `commentId` (`commentId`) USING BTREE,
  CONSTRAINT `thumb_ibfk_1` FOREIGN KEY (`userId`) REFERENCES `user` (`userId`) ON DELETE CASCADE ON UPDATE CASCADE,
  CONSTRAINT `thumb_ibfk_2` FOREIGN KEY (`vId`) REFERENCES `video` (`id`) ON DELETE CASCADE ON UPDATE CASCADE,
  CONSTRAINT `thumb_ibfk_3` FOREIGN KEY (`commentId`) REFERENCES `comment` (`id`) ON DELETE CASCADE ON UPDATE CASCADE
) ENGINE=InnoDB DEFAULT CHARSET=utf8mb4 COLLATE=utf8mb4_0900_ai_ci ROW_FORMAT=DYNAMIC;
/*!40101 SET character_set_client = @saved_cs_client */;

--
-- Dumping data for table `thumb`
--

LOCK TABLES `thumb` WRITE;
/*!40000 ALTER TABLE `thumb` DISABLE KEYS */;
INSERT INTO `thumb` VALUES ('1702103506203','1701861356232',NULL,'1702044791168','2023-12-09 06:31:46','2023-12-09 06:31:46',0,NULL),('1702103903426','1701861356232',NULL,'1697263947397','2023-12-09 06:38:23','2023-12-09 06:38:23',0,NULL),('1702103909257','1701861356232',NULL,'1701178900100','2023-12-09 06:38:29','2023-12-09 06:38:29',0,NULL),('1702103916208','1701861356232',NULL,'1701179107076','2023-12-09 06:38:36','2023-12-09 06:38:36',0,NULL),('1702104091244','1701350273436',NULL,'1701352079463','2023-12-09 06:41:31','2023-12-09 06:41:31',0,NULL),('1702104834340','1701350273436','1701691368100',NULL,'2023-12-09 06:53:54','2023-12-09 06:53:54',0,NULL),('1702105192254','1701176517959','1701691392634',NULL,'2023-12-09 06:59:52','2023-12-09 06:59:52',0,NULL),('1702105469942','1701176517959','1701691438950',NULL,'2023-12-09 07:04:29','2023-12-09 07:04:29',0,NULL),('1702105536011','1701176517959','1701691413315',NULL,'2023-12-09 07:05:36','2023-12-09 07:05:36',1,NULL),('1702105775735','1701176517959','1701691368100',NULL,'2023-12-09 07:09:35','2023-12-09 07:09:35',1,NULL),('1702105825004','1701176517959','1701691347400',NULL,'2023-12-09 07:10:25','2023-12-09 07:10:25',1,NULL),('1702105869119','1701176517959','1702104662399',NULL,'2023-12-09 07:11:09','2023-12-09 07:11:09',0,NULL),('1702106235888','1701176517959','1702106016156',NULL,'2023-12-09 07:17:15','2023-12-09 07:17:15',0,NULL),('1702106513797','1701180369121','1702104662399',NULL,'2023-12-09 07:21:53','2023-12-09 07:21:53',1,NULL),('1702106515675','1701180369121','1702106016156',NULL,'2023-12-09 07:21:55','2023-12-09 07:21:55',0,NULL),('1702106519643','1701180369121','1701691392634',NULL,'2023-12-09 07:21:59','2023-12-09 07:21:59',0,NULL),('1702106522090','1701180369121','1701691413315',NULL,'2023-12-09 07:22:02','2023-12-09 07:22:02',0,NULL),('1702106523791','1701180369121','1701691438950',NULL,'2023-12-09 07:22:03','2023-12-09 07:22:03',0,NULL),('1702106539433','1701180369121','1701691347400',NULL,'2023-12-09 07:22:19','2023-12-09 07:22:19',0,NULL),('1702106543410','1701180369121',NULL,'1701501038634','2023-12-09 07:22:23','2023-12-09 07:22:23',0,NULL),('1702106558456','1701180369121',NULL,'1701179759725','2023-12-09 07:22:38','2023-12-09 07:22:38',0,NULL),('1702106560489','1701180369121',NULL,'1701443899564','2023-12-09 07:22:40','2023-12-09 07:22:40',0,NULL),('1702106562173','1701180369121',NULL,'1697264201912','2023-12-09 07:22:42','2023-12-09 07:22:42',0,NULL),('1702106563905','1701180369121','1702038153294',NULL,'2023-12-09 07:22:43','2023-12-09 07:22:43',0,NULL),('1702106652354','1701180369121','1702106649887',NULL,'2023-12-09 07:24:12','2023-12-09 07:24:12',0,NULL),('1702106974998','1701180369121','1701179216503',NULL,'2023-12-09 07:29:34','2023-12-09 07:29:34',0,NULL),('1702106976164','1701180369121','1702106960046',NULL,'2023-12-09 07:29:36','2023-12-09 07:29:36',0,NULL),('1702108115872','1701180369121',NULL,'1701352530518','2023-12-09 07:48:35','2023-12-09 07:48:35',0,NULL),('1702110805634','1701176517959',NULL,'1701499667928','2023-12-09 08:33:25','2023-12-09 08:33:25',0,NULL),('1702110875796','1701176517959',NULL,'1701179759725','2023-12-09 08:34:35','2023-12-09 08:34:35',0,NULL),('1702110878299','1701176517959',NULL,'1701177222724','2023-12-09 08:34:38','2023-12-09 08:34:38',0,NULL),('1702110880278','1701176517959',NULL,'1697264013066','2023-12-09 08:34:40','2023-12-09 08:34:40',0,NULL),('1702110883544','1701176517959',NULL,'1702044791168','2023-12-09 08:34:43','2023-12-09 08:34:43',0,NULL),('1702110899347','1701176517959',NULL,'1701178900100','2023-12-09 08:34:59','2023-12-09 08:34:59',0,NULL),('1702110909880','1701176517959','1701179229638',NULL,'2023-12-09 08:35:09','2023-12-09 08:35:09',0,NULL),('1702110911011','1701176517959','1701179241652',NULL,'2023-12-09 08:35:11','2023-12-09 08:35:11',0,NULL),('1702110913879','1701176517959','1701351620471',NULL,'2023-12-09 08:35:13','2023-12-09 08:35:13',0,NULL),('1702110921297','1701176517959',NULL,'1697264268142','2023-12-09 08:35:21','2023-12-09 08:35:21',0,NULL),('1702110923313','1701176517959','1701179195002',NULL,'2023-12-09 08:35:23','2023-12-09 08:35:23',0,NULL),('1702110924143','1701176517959','1701179426141',NULL,'2023-12-09 08:35:24','2023-12-09 08:35:24',0,NULL),('1702110924976','1701176517959','1702044496748',NULL,'2023-12-09 08:35:24','2023-12-09 08:35:24',0,NULL),('1702111075727','1701176517959',NULL,'1701177764743','2023-12-09 08:37:55','2023-12-09 08:37:55',0,NULL),('1702111076959','1701176517959','1701179205822',NULL,'2023-12-09 08:37:56','2023-12-09 08:37:56',0,NULL),('1702195247904','1701180385005',NULL,'1701179107076','2023-12-10 08:00:47','2023-12-10 08:00:47',0,NULL),('1702718503503','1701180385005',NULL,'1701352530518','2023-12-16 09:21:43','2023-12-16 09:21:43',0,NULL),('1702794011729','1701180385005','1701179184841',NULL,'2023-12-17 06:20:11','2023-12-17 06:20:11',0,NULL),('1702908296773','1701176517959',NULL,'1701179107076','2023-12-18 14:04:56','2023-12-18 14:04:56',0,NULL),('1702909689141','1701176517959','1702194398553',NULL,'2023-12-18 14:28:09','2023-12-18 14:28:09',0,NULL),('1702909691851','1701176517959',NULL,'1697264201912','2023-12-18 14:28:11','2023-12-18 14:28:11',0,NULL),('1702909693985','1701176517959',NULL,'1701443899564','2023-12-18 14:28:13','2023-12-18 14:28:13',0,NULL),('1702909707555','1701176517959',NULL,'1701178696753','2023-12-18 14:28:27','2023-12-18 14:28:27',0,NULL),('1702909709298','1701176517959','1702194390097',NULL,'2023-12-18 14:28:29','2023-12-18 14:28:29',0,NULL),('1702909717587','1701176517959','1702045025209',NULL,'2023-12-18 14:28:37','2023-12-18 14:28:37',0,NULL),('1702909720350','1701176517959','1702102184559',NULL,'2023-12-18 14:28:40','2023-12-18 14:28:40',0,NULL),('1702909725314','1701176517959',NULL,'1701500752272','2023-12-18 14:28:45','2023-12-18 14:28:45',0,NULL),('1702909727584','1701176517959',NULL,'1701861942912','2023-12-18 14:28:47','2023-12-18 14:28:47',0,NULL),('1702909734881','1701176517959',NULL,'1701352079463','2023-12-18 14:28:54','2023-12-18 14:28:54',0,NULL),('1702909736017','1701176517959','1702043041090',NULL,'2023-12-18 14:28:56','2023-12-18 14:28:56',0,NULL),('1702909779083','1701861356232',NULL,'1701499667928','2023-12-18 14:29:39','2023-12-18 14:29:39',0,NULL),('1702909780400','1701861356232','1702194347900',NULL,'2023-12-18 14:29:40','2023-12-18 14:29:40',0,NULL),('1702909785684','1701861356232',NULL,'1702044953554','2023-12-18 14:29:45','2023-12-18 14:29:45',0,NULL),('1702909787832','1701861356232','1702044974391',NULL,'2023-12-18 14:29:47','2023-12-18 14:29:47',0,NULL),('1702909789046','1701861356232','1702194436684',NULL,'2023-12-18 14:29:49','2023-12-18 14:29:49',0,NULL),('1702909792184','1701861356232',NULL,'1701500752272','2023-12-18 14:29:52','2023-12-18 14:29:52',0,NULL),('1702909828016','1701861356232',NULL,'1701861942912','2023-12-18 14:30:28','2023-12-18 14:30:28',0,NULL),('1702909830250','1701861356232','1702194447404',NULL,'2023-12-18 14:30:30','2023-12-18 14:30:30',0,NULL),('1702909866064','1701861356232','1702909864164',NULL,'2023-12-18 14:31:06','2023-12-18 14:31:06',0,NULL),('1702909866896','1701861356232','1702194390097',NULL,'2023-12-18 14:31:06','2023-12-18 14:31:06',0,NULL),('1702909908782','1701861356232','1701691347400',NULL,'2023-12-18 14:31:48','2023-12-18 14:31:48',0,NULL),('1702909909663','1701861356232','1701691368100',NULL,'2023-12-18 14:31:49','2023-12-18 14:31:49',0,NULL),('1702909910546','1701861356232','1701691392634',NULL,'2023-12-18 14:31:50','2023-12-18 14:31:50',0,NULL),('1702909911531','1701861356232','1701691413315',NULL,'2023-12-18 14:31:51','2023-12-18 14:31:51',0,NULL),('1702909912580','1701861356232','1701691438950',NULL,'2023-12-18 14:31:52','2023-12-18 14:31:52',0,NULL),('1702909913816','1701861356232','1702194359580',NULL,'2023-12-18 14:31:53','2023-12-18 14:31:53',0,NULL),('1702909915231','1701861356232','1702909899029',NULL,'2023-12-18 14:31:55','2023-12-18 14:31:55',0,NULL),('1702909922363','1701861356232','1701179216503',NULL,'2023-12-18 14:32:02','2023-12-18 14:32:02',0,NULL),('1702909923297','1701861356232','1702106960046',NULL,'2023-12-18 14:32:03','2023-12-18 14:32:03',0,NULL),('1702909924813','1701861356232','1702194490301',NULL,'2023-12-18 14:32:04','2023-12-18 14:32:04',0,NULL),('1702909940748','1701861356232',NULL,'1697264013066','2023-12-18 14:32:20','2023-12-18 14:32:20',0,NULL),('1702909942897','1701861356232','1701782351485',NULL,'2023-12-18 14:32:22','2023-12-18 14:32:22',0,NULL),('1702909943661','1701861356232','1701351606634',NULL,'2023-12-18 14:32:23','2023-12-18 14:32:23',0,NULL),('1702909944628','1701861356232','1702044524878',NULL,'2023-12-18 14:32:24','2023-12-18 14:32:24',0,NULL),('1702910001863','1701861356232','1702102184559',NULL,'2023-12-18 14:33:21','2023-12-18 14:33:21',0,NULL),('1702910003460','1701861356232','1702045025209',NULL,'2023-12-18 14:33:23','2023-12-18 14:33:23',0,NULL),('1703905974320','1701176517959',NULL,'1697263947397','2023-12-30 03:12:54','2023-12-30 03:12:54',0,NULL),('1703906044365','1701176517959',NULL,'1701352530518','2023-12-30 03:14:04','2023-12-30 03:14:04',0,NULL),('1703906051469','1701176517959','1702108125432',NULL,'2023-12-30 03:14:11','2023-12-30 03:14:11',0,NULL),('1703906119537','1701176517959',NULL,'1702044953554','2023-12-30 03:15:19','2023-12-30 03:15:19',0,NULL),('1703906839445','1695627840943',NULL,'1701179107076','2023-12-30 03:27:19','2023-12-30 03:27:19',0,NULL),('1703906889161','1695627840943',NULL,'1701352530518','2023-12-30 03:28:09','2023-12-30 03:28:09',0,NULL),('1703907035524','1695627840943',NULL,'1697264201912','2023-12-30 03:30:35','2023-12-30 03:30:35',0,NULL),('1703907136776','1695627840943','1701179229638',NULL,'2023-12-30 03:32:16','2023-12-30 03:32:16',0,NULL),('1703907137944','1695627840943','1701179241652',NULL,'2023-12-30 03:32:17','2023-12-30 03:32:17',0,NULL),('1703907140378','1695627840943','1701351620471',NULL,'2023-12-30 03:32:20','2023-12-30 03:32:20',0,NULL),('1703907143543','1695627840943',NULL,'1701178900100','2023-12-30 03:32:23','2023-12-30 03:32:23',0,NULL),('1703941774441','1695627840943',NULL,'1701443899564','2023-12-30 13:09:34','2023-12-30 13:09:34',0,NULL),('1703942113654','1695627840943','1701691368100',NULL,'2023-12-30 13:15:13','2023-12-30 13:15:13',1,NULL),('1703942465531','1695627840943','1701691413315',NULL,'2023-12-30 13:21:05','2023-12-30 13:21:05',0,NULL),('1703943063504','1702193969526',NULL,'1701352530518','2023-12-30 13:31:03','2023-12-30 13:31:03',0,NULL),('1703943094933','1702193969526','1702108125432',NULL,'2023-12-30 13:31:34','2023-12-30 13:31:34',0,NULL),('1703943095876','1702193969526','1702194459368',NULL,'2023-12-30 13:31:35','2023-12-30 13:31:35',0,NULL),('1704291418417','1695627840943',NULL,'1702044953554','2024-01-03 14:16:58','2024-01-03 14:16:58',0,NULL),('1704291422114','1695627840943',NULL,'1701500752272','2024-01-03 14:17:02','2024-01-03 14:17:02',0,NULL),('1704291636948','1695627840943','1702106960046',NULL,'2024-01-03 14:20:36','2024-01-03 14:20:36',0,NULL),('1704291638065','1695627840943','1701179216503',NULL,'2024-01-03 14:20:38','2024-01-03 14:20:38',0,NULL),('1704291678252','1695627840943',NULL,'1701178344369','2024-01-03 14:21:18','2024-01-03 14:21:18',0,NULL),('1704292050889','1701176517959',NULL,'1701350566667','2024-01-03 14:27:30','2024-01-03 14:27:30',0,NULL),('1704292054554','1701176517959','1701782024382',NULL,'2024-01-03 14:27:34','2024-01-03 14:27:34',0,NULL),('1704292058838','1701176517959','1701781948477',NULL,'2024-01-03 14:27:38','2024-01-03 14:27:38',0,NULL),('1704292060135','1701176517959','1701781957809',NULL,'2024-01-03 14:27:40','2024-01-03 14:27:40',0,NULL),('1704292061067','1701176517959','1701782013628',NULL,'2024-01-03 14:27:41','2024-01-03 14:27:41',0,NULL),('1704292152605','1701176517959','1704292150754',NULL,'2024-01-03 14:29:12','2024-01-03 14:29:12',0,NULL),('1704461348487','1701176517959',NULL,'1701177618868','2024-01-05 13:29:08','2024-01-05 13:29:08',0,NULL),('1704461372098','1701176517959',NULL,'1703944636871','2024-01-05 13:29:32','2024-01-05 13:29:32',0,NULL),('1704471087761','1701176517959',NULL,'1703945014268','2024-01-05 16:11:27','2024-01-05 16:11:27',0,NULL),('1704722014943','1701179513883',NULL,'1701177222724','2024-01-08 13:53:34','2024-01-08 13:53:34',0,NULL),('1704722424776','1701179513883',NULL,'1704722402162','2024-01-08 14:00:24','2024-01-08 14:00:24',0,NULL),('1704979346892','1695627840943',NULL,'1703944636871','2024-01-11 13:22:26','2024-01-11 13:22:26',0,NULL),('1704979377556','1695627840943','1702044537462',NULL,'2024-01-11 13:22:57','2024-01-11 13:22:57',0,NULL),('1704979378454','1695627840943','1704291675366',NULL,'2024-01-11 13:22:58','2024-01-11 13:22:58',0,NULL),('1704979386686','1695627840943',NULL,'1702044791168','2024-01-11 13:23:06','2024-01-11 13:23:06',0,NULL),('1704979417188','1695627840943',NULL,'1701177618868','2024-01-11 13:23:37','2024-01-11 13:23:37',0,NULL),('1704979498092','1695627840943',NULL,'1704722402162','2024-01-11 13:24:58','2024-01-11 13:24:58',0,NULL),('1704979500440','1695627840943','1704722421572',NULL,'2024-01-11 13:25:00','2024-01-11 13:25:00',0,NULL),('1704979516116','1695627840943','1702108125432',NULL,'2024-01-11 13:25:16','2024-01-11 13:25:16',0,NULL),('1704979517104','1695627840943','1702194459368',NULL,'2024-01-11 13:25:17','2024-01-11 13:25:17',0,NULL),('1704979517922','1695627840943','1704721880423',NULL,'2024-01-11 13:25:17','2024-01-11 13:25:17',0,NULL),('1704979535217','1701861356232','1702108125432',NULL,'2024-01-11 13:25:35','2024-01-11 13:25:35',0,NULL),('1704979536119','1701861356232','1702194459368',NULL,'2024-01-11 13:25:36','2024-01-11 13:25:36',0,NULL),('1704979537252','1701861356232','1704721880423',NULL,'2024-01-11 13:25:37','2024-01-11 13:25:37',0,NULL),('1704979751371','1701861356232',NULL,'1703945014268','2024-01-11 13:29:11','2024-01-11 13:29:11',0,NULL),('1704979754083','1701861356232','1704721817641',NULL,'2024-01-11 13:29:14','2024-01-11 13:29:14',0,NULL),('1704979754884','1701861356232','1704979749716',NULL,'2024-01-11 13:29:14','2024-01-11 13:29:14',0,NULL),('1704979762502','1701861356232',NULL,'1701352530518','2024-01-11 13:29:22','2024-01-11 13:29:22',0,NULL),('1704979764826','1701861356232',NULL,'1704722402162','2024-01-11 13:29:24','2024-01-11 13:29:24',0,NULL),('1704979776684','1701861356232','1704722421572',NULL,'2024-01-11 13:29:36','2024-01-11 13:29:36',0,NULL),('1704979777668','1701861356232','1704979774770',NULL,'2024-01-11 13:29:37','2024-01-11 13:29:37',0,NULL),('1705134643836','1702194200156',NULL,'1703944636871','2024-01-13 08:30:43','2024-01-13 08:30:43',0,NULL),('1705134673407','1702194200156','1704292150754',NULL,'2024-01-13 08:31:13','2024-01-13 08:31:13',0,NULL),('1705134674200','1702194200156','1704718832676',NULL,'2024-01-13 08:31:14','2024-01-13 08:31:14',0,NULL),('1705134675284','1702194200156','1704721833306',NULL,'2024-01-13 08:31:15','2024-01-13 08:31:15',0,NULL),('1705134676270','1702194200156','1705134670937',NULL,'2024-01-13 08:31:16','2024-01-13 08:31:16',0,NULL),('1705135209651','1702194200156',NULL,'1701179107076','2024-01-13 08:40:09','2024-01-13 08:40:09',0,NULL),('1705135211588','1702194200156','1701179216503',NULL,'2024-01-13 08:40:11','2024-01-13 08:40:11',0,NULL),('1705135212533','1702194200156','1702106960046',NULL,'2024-01-13 08:40:12','2024-01-13 08:40:12',0,NULL),('1705135213451','1702194200156','1702194490301',NULL,'2024-01-13 08:40:13','2024-01-13 08:40:13',0,NULL),('1705135214532','1702194200156','1702909935944',NULL,'2024-01-13 08:40:14','2024-01-13 08:40:14',0,NULL),('1705135216767','1702194200156','1704291632165',NULL,'2024-01-13 08:40:16','2024-01-13 08:40:16',0,NULL),('1705135218436','1702194200156','1704721178868',NULL,'2024-01-13 08:40:18','2024-01-13 08:40:18',0,NULL),('1705135561254','1702194200156',NULL,'1701443899564','2024-01-13 08:46:01','2024-01-13 08:46:01',0,NULL),('1705135563228','1702194200156','1704721942685',NULL,'2024-01-13 08:46:03','2024-01-13 08:46:03',0,NULL),('1705237083480','1701176517959',NULL,'1704722402162','2024-01-14 12:58:03','2024-01-14 12:58:03',0,NULL),('1705409690407','1702194200156',NULL,'1705134899610','2024-01-16 12:54:50','2024-01-16 12:54:50',0,NULL),('1705410210874','1702194200156',NULL,'1701178344369','2024-01-16 13:03:30','2024-01-16 13:03:30',0,NULL),('1705410435023','1702194200156',NULL,'1701350566667','2024-01-16 13:07:15','2024-01-16 13:07:15',0,NULL),('1705410696731','1702194200156',NULL,'1704722402162','2024-01-16 13:11:36','2024-01-16 13:11:36',0,NULL),('1705410968457','1702194200156',NULL,'1697263947397','2024-01-16 13:16:08','2024-01-16 13:16:08',0,NULL),('1706709340839','1702194200156','1701781948477',NULL,'2024-01-31 13:55:40','2024-01-31 13:55:40',0,NULL),('1706709342144','1702194200156','1701781957809',NULL,'2024-01-31 13:55:42','2024-01-31 13:55:42',0,NULL),('1706709343243','1702194200156','1701782013628',NULL,'2024-01-31 13:55:43','2024-01-31 13:55:43',0,NULL),('1706709498584','1702194200156',NULL,'1697264013066','2024-01-31 13:58:18','2024-01-31 13:58:18',0,NULL),('1706709507049','1702194200156','1702909953296',NULL,'2024-01-31 13:58:27','2024-01-31 13:58:27',0,NULL),('1706709746278','1702194200156',NULL,'1702044953554','2024-01-31 14:02:26','2024-01-31 14:02:26',0,NULL),('1706709847984','1702194200156',NULL,'1701500752272','2024-01-31 14:04:07','2024-01-31 14:04:07',0,NULL),('1706709851581','1702194200156',NULL,'1701499667928','2024-01-31 14:04:11','2024-01-31 14:04:11',0,NULL),('1706709978937','1702194200156','1702043041090',NULL,'2024-01-31 14:06:18','2024-01-31 14:06:18',0,NULL),('1707532547394','1701350273436',NULL,'1704722402162','2024-02-10 02:35:47','2024-02-10 02:35:47',0,NULL),('1707534148562','1702194200156',NULL,'1707533674179','2024-02-10 03:02:28','2024-02-10 03:02:28',0,NULL),('1707656599194','1695627840943',NULL,'1707656515548','2024-02-11 13:03:19','2024-02-11 13:03:19',0,NULL),('1707656736268','1702194200156',NULL,'1707656515548','2024-02-11 13:05:36','2024-02-11 13:05:36',0,NULL),('1707656778500','1702194200156','1704291618179',NULL,'2024-02-11 13:06:18','2024-02-11 13:06:18',0,NULL),('1707662156305','1701180369121',NULL,'1707534418370','2024-02-11 14:35:56','2024-02-11 14:35:56',0,NULL),('1707746758364','1695627840943',NULL,'1701350566667','2024-02-12 14:05:58','2024-02-12 14:05:58',0,NULL),('1707789926897','1695627840943',NULL,NULL,'2024-02-13 02:05:26','2024-02-13 02:05:26',0,'1704542874390'),('1707790142449','1695627840943',NULL,NULL,'2024-02-13 02:09:02','2024-02-13 02:09:02',1,'1704543028742'),('1707792678644','1695627840943',NULL,NULL,'2024-02-13 02:51:18','2024-02-13 02:51:18',1,'1704542958023'),('1707792687199','1695627840943',NULL,NULL,'2024-02-13 02:51:27','2024-02-13 02:51:27',1,'1704542912706'),('1707792736443','1695627840943',NULL,NULL,'2024-02-13 02:52:16','2024-02-13 02:52:16',0,'1704542815984'),('1707792749139','1695627840943',NULL,NULL,'2024-02-13 02:52:29','2024-02-13 02:52:29',0,'1704542779949'),('1707792771077','1695627840943',NULL,NULL,'2024-02-13 02:52:51','2024-02-13 02:52:51',0,'1704542746453'),('1707793073323','1695627840943',NULL,'1707659651443','2024-02-13 02:57:53','2024-02-13 02:57:53',0,NULL),('1707793754833','1695627840943',NULL,NULL,'2024-02-13 03:09:14','2024-02-13 03:09:14',0,'1704542988823'),('1707802383872','1701179513883',NULL,NULL,'2024-02-13 05:33:03','2024-02-13 05:33:03',0,'1704542988823'),('1707802385518','1701179513883',NULL,NULL,'2024-02-13 05:33:05','2024-02-13 05:33:05',0,'1704542958023'),('1707802387470','1701179513883',NULL,NULL,'2024-02-13 05:33:07','2024-02-13 05:33:07',0,'1704542912706'),('1707802392519','1701179513883',NULL,NULL,'2024-02-13 05:33:12','2024-02-13 05:33:12',0,'1704542874390'),('1707802394903','1701179513883',NULL,NULL,'2024-02-13 05:33:14','2024-02-13 05:33:14',0,'1704542815984'),('1707802416686','1702194200156',NULL,NULL,'2024-02-13 05:33:36','2024-02-13 05:33:36',0,'1704542988823'),('1707802418172','1702194200156',NULL,NULL,'2024-02-13 05:33:38','2024-02-13 05:33:38',0,'1704542958023'),('1707802419653','1702194200156',NULL,NULL,'2024-02-13 05:33:39','2024-02-13 05:33:39',0,'1704542912706'),('1707802421104','1702194200156',NULL,NULL,'2024-02-13 05:33:41','2024-02-13 05:33:41',0,'1704542874390'),('1707802422307','1702194200156',NULL,NULL,'2024-02-13 05:33:42','2024-02-13 05:33:42',0,'1704542815984'),('1707803899340','1701180385005',NULL,NULL,'2024-02-13 05:58:19','2024-02-13 05:58:19',0,'1707803892957'),('1707808302302','1695627840943',NULL,'1701179759725','2024-02-13 07:11:42','2024-02-13 07:11:42',0,NULL);
/*!40000 ALTER TABLE `thumb` ENABLE KEYS */;
UNLOCK TABLES;

--
-- Table structure for table `user`
--

DROP TABLE IF EXISTS `user`;
/*!40101 SET @saved_cs_client     = @@character_set_client */;
/*!50503 SET character_set_client = utf8mb4 */;
CREATE TABLE `user` (
  `userId` char(50) CHARACTER SET utf8mb4 COLLATE utf8mb4_0900_ai_ci NOT NULL DEFAULT '1',
  `userName` varchar(500) CHARACTER SET utf8mb4 COLLATE utf8mb4_0900_ai_ci DEFAULT NULL,
  `password` char(100) CHARACTER SET utf8mb4 COLLATE utf8mb4_0900_ai_ci DEFAULT NULL,
  `avatarUrl` varchar(500) CHARACTER SET utf8mb4 COLLATE utf8mb4_0900_ai_ci DEFAULT NULL,
  `createTime` timestamp NULL DEFAULT CURRENT_TIMESTAMP,
  `updateTime` timestamp NULL DEFAULT CURRENT_TIMESTAMP ON UPDATE CURRENT_TIMESTAMP,
  `originalname` varchar(500) CHARACTER SET utf8mb4 COLLATE utf8mb4_0900_ai_ci DEFAULT NULL,
  `mimetype` varchar(500) CHARACTER SET utf8mb4 COLLATE utf8mb4_0900_ai_ci DEFAULT NULL,
  `dest` varchar(500) CHARACTER SET utf8mb4 COLLATE utf8mb4_0900_ai_ci DEFAULT NULL,
  `filename` varchar(500) CHARACTER SET utf8mb4 COLLATE utf8mb4_0900_ai_ci DEFAULT NULL,
  `size` varchar(100) CHARACTER SET utf8mb4 COLLATE utf8mb4_0900_ai_ci DEFAULT NULL,
  `history` int DEFAULT '1',
  `isExplore` int DEFAULT '0',
  PRIMARY KEY (`userId`) USING BTREE,
  UNIQUE KEY `userName` (`userName`) USING BTREE
) ENGINE=InnoDB DEFAULT CHARSET=utf8mb4 COLLATE=utf8mb4_0900_ai_ci ROW_FORMAT=DYNAMIC;
/*!40101 SET character_set_client = @saved_cs_client */;

--
-- Dumping data for table `user`
--

LOCK TABLES `user` WRITE;
/*!40000 ALTER TABLE `user` DISABLE KEYS */;
INSERT INTO `user` VALUES ('1695627840943','叶子','123','http://localhost:8888/user/avatar/1695627840943','2023-09-25 07:44:00','2023-09-25 07:44:25','anni.jpeg','image/jpeg','./upload/user/avatar','1695627865581.jpeg','75460',1,0),('1701176517959','Bug码','123','http://localhost:8888/user/avatar/1701176517959','2023-11-28 13:01:57','2023-11-28 13:02:39','OIP-C.jpeg','image/jpeg','./upload/user/avatar','1701176559684.jpeg','66886',1,0),('1701179513883','特朗普','123','http://localhost:8888/user/avatar/1701179513883','2023-11-28 13:51:53','2023-11-28 13:52:24','avatar.jpg','image/jpeg','./upload/user/avatar','1701179544643.jpg','56448',1,0),('1701180369121','小夜刀','123','http://localhost:8888/user/avatar/1701180369121','2023-11-28 14:06:09','2023-12-02 07:11:59','ac.jpg','image/jpeg','./upload/user/avatar','1701501119485.jpg','51375',1,0),('1701180385005','音乐','123','http://localhost:8888/user/avatar/1701180385005','2023-11-28 14:06:25','2023-12-01 15:11:55','音乐.jpeg','image/jpeg','./upload/user/avatar','1701443515639.jpeg','14636',1,1),('1701180398878','电影和节目','123','http://localhost:8888/user/avatar/1701180398878','2023-11-28 14:06:38','2023-12-01 15:23:07','movie.webp','image/webp','./upload/user/avatar','1701444187679.webp','103618',1,1),('1701180404316','游戏','123','http://localhost:8888/user/avatar/1701180404316','2023-11-28 14:06:44','2023-12-09 08:28:05','游戏.png','image/png','./upload/user/avatar','1702110485207.png','7063',1,1),('1701180408473','新闻','123','http://localhost:8888/user/avatar/1701180408473','2023-11-28 14:06:48','2023-12-09 08:29:33','新闻.jpeg','image/jpeg','./upload/user/avatar','1702110573099.jpeg','71219',1,1),('1701180412726','体育','123','http://localhost:8888/user/avatar/1701180412726','2023-11-28 14:06:52','2023-11-30 14:02:02','sport.jpeg','image/jpeg','./upload/user/avatar','1701352922838.jpeg','14799',1,1),('1701180418831','学习','123','http://localhost:8888/user/avatar/1701180418831','2023-11-28 14:06:58','2023-12-09 08:31:14','学习.jpeg','image/jpeg','./upload/user/avatar','1702110674156.jpeg','64537',1,1),('1701350273436','曹操','123','http://localhost:8888/user/avatar/1701350273436','2023-11-30 13:17:53','2023-11-30 13:18:56','曹操.jpg','image/jpeg','./upload/user/avatar','1701350336267.jpg','62593',1,0),('1701861356232','孙权','123','http://localhost:8888/user/avatar/1701861356232','2023-12-06 11:15:56','2023-12-06 11:17:25','孙权.jpeg','image/jpeg','./upload/user/avatar','1701861445812.jpeg','74207',1,0),('1702193969526','guobin','123','http://localhost:8888/user/avatar/1702193969526','2023-12-10 07:39:29','2024-02-11 09:53:20','太阳温暖天边彩霞.avif','image/avif','./upload/user/avatar','1707637786581.avif','76917',1,1),('1702194116150','lina','123','http://localhost:8888/user/avatar/1702194116150','2023-12-10 07:41:56','2024-02-11 07:10:22','奥特曼.avif','image/avif','./upload/user/avatar','1707635422638.avif','32955',1,0),('1702194200156','李娜','123','http://localhost:8888/user/avatar/1702194200156','2023-12-10 07:43:20','2023-12-10 07:45:21','jennie.jpeg','image/jpeg','./upload/user/avatar','1702194321150.jpeg','68341',1,0),('1c7f1140-1af5-4e9e-a441-50b9c27f8b58','史考兵','123','http://localhost:8888/user/avatar/1c7f1140-1af5-4e9e-a441-50b9c27f8b58','2024-02-11 06:32:10','2024-02-11 06:32:10','柯南.avif','image/avif','./upload/user/avatar','1707633128614.avif','60239',1,0),('231ba0c9-9b69-4b57-9a01-ee9b31078376','测试用户','123','http://localhost:8888/user/avatar/231ba0c9-9b69-4b57-9a01-ee9b31078376','2024-02-11 06:40:10','2024-02-11 06:40:10','小夜刀.webp','image/webp','./upload/user/avatar','1707633606598.webp','39363',1,1),('3ebc842f-287e-492c-bc52-df91d3247805','niai','123','http://localhost:8888/user/avatar/3ebc842f-287e-492c-bc52-df91d3247805','2024-01-31 13:49:49','2024-01-31 13:49:49','taile.jpeg','image/jpeg','./upload/user/avatar','1706708981918.jpeg','83376',1,1),('a84e95ba-4585-4f79-9041-d3a1ffce5df3','郭斌','123','http://localhost:8888/user/avatar/a84e95ba-4585-4f79-9041-d3a1ffce5df3','2024-01-31 13:39:59','2024-02-11 07:10:50','yezi.avif','image/avif','./upload/user/avatar','1707635450188.avif','75367',1,1),('b5c475f8-2849-4de5-adc3-39a0764605ce','过年2','123','http://localhost:8888/user/avatar/b5c475f8-2849-4de5-adc3-39a0764605ce','2024-02-11 06:48:06','2024-02-11 07:09:57','挪威森林.avif','image/avif','./upload/user/avatar','1707635397574.avif','44234',1,1),('c01cacc3-542a-4755-ba0f-17d92b13fa77','我爱','123','http://localhost:8888/user/avatar/c01cacc3-542a-4755-ba0f-17d92b13fa77','2024-01-31 13:44:25','2024-02-06 06:52:40','科目三.avif','image/avif','./upload/user/avatar','1706708661074.avif','71707',0,0);
/*!40000 ALTER TABLE `user` ENABLE KEYS */;
UNLOCK TABLES;

--
-- Table structure for table `user_block`
--

DROP TABLE IF EXISTS `user_block`;
/*!40101 SET @saved_cs_client     = @@character_set_client */;
/*!50503 SET character_set_client = utf8mb4 */;
CREATE TABLE `user_block` (
  `userId` char(50) CHARACTER SET utf8mb4 COLLATE utf8mb4_0900_ai_ci NOT NULL,
  `blockId` char(50) CHARACTER SET utf8mb4 COLLATE utf8mb4_0900_ai_ci NOT NULL,
  PRIMARY KEY (`userId`,`blockId`) USING BTREE,
  KEY `blockId` (`blockId`) USING BTREE,
  CONSTRAINT `user_block_ibfk_1` FOREIGN KEY (`userId`) REFERENCES `user` (`userId`) ON DELETE CASCADE ON UPDATE CASCADE,
  CONSTRAINT `user_block_ibfk_2` FOREIGN KEY (`blockId`) REFERENCES `block` (`id`) ON DELETE CASCADE ON UPDATE CASCADE
) ENGINE=InnoDB DEFAULT CHARSET=utf8mb4 COLLATE=utf8mb4_0900_ai_ci ROW_FORMAT=DYNAMIC;
/*!40101 SET character_set_client = @saved_cs_client */;

--
-- Dumping data for table `user_block`
--

LOCK TABLES `user_block` WRITE;
/*!40000 ALTER TABLE `user_block` DISABLE KEYS */;
INSERT INTO `user_block` VALUES ('1695627840943','1667028360697'),('1701176517959','1667028360697'),('1701179513883','1667028360697'),('1701180369121','1667028360697'),('1702194200156','1667028360697'),('1695627840943','1667028411493'),('1701176517959','1667028411493'),('1701179513883','1667028411493'),('1701180369121','1667028411493'),('1702194200156','1667028411493'),('1695627840943','1667028433872'),('1701176517959','1667028433872'),('1701179513883','1667028433872'),('1701180369121','1667028433872'),('1702194200156','1667028433872'),('1695627840943','1667028662350'),('1701176517959','1667028662350'),('1701179513883','1667028662350'),('1701180369121','1667028662350'),('1702194200156','1667028662350'),('1695627840943','1667028677380'),('1701176517959','1667028677380'),('1701179513883','1667028677380'),('1701180369121','1667028677380'),('1702194200156','1667028677380'),('1695627840943','1667028710453'),('1701176517959','1667028710453'),('1701179513883','1667028710453'),('1701180369121','1667028710453'),('1702194200156','1667028710453');
/*!40000 ALTER TABLE `user_block` ENABLE KEYS */;
UNLOCK TABLES;

--
-- Table structure for table `user_chat_queue`
--

DROP TABLE IF EXISTS `user_chat_queue`;
/*!40101 SET @saved_cs_client     = @@character_set_client */;
/*!50503 SET character_set_client = utf8mb4 */;
CREATE TABLE `user_chat_queue` (
  `id` char(50) CHARACTER SET utf8mb4 COLLATE utf8mb4_0900_ai_ci NOT NULL,
  `content` text CHARACTER SET utf8mb4 COLLATE utf8mb4_0900_ai_ci,
  `sourceUser` char(50) CHARACTER SET utf8mb4 COLLATE utf8mb4_0900_ai_ci DEFAULT NULL,
  `targetUser` char(50) CHARACTER SET utf8mb4 COLLATE utf8mb4_0900_ai_ci DEFAULT NULL,
  `createTime` timestamp NULL DEFAULT CURRENT_TIMESTAMP,
  `updateTime` timestamp NULL DEFAULT CURRENT_TIMESTAMP ON UPDATE CURRENT_TIMESTAMP,
  PRIMARY KEY (`id`) USING BTREE
) ENGINE=InnoDB DEFAULT CHARSET=utf8mb4 COLLATE=utf8mb4_0900_ai_ci ROW_FORMAT=DYNAMIC;
/*!40101 SET character_set_client = @saved_cs_client */;

--
-- Dumping data for table `user_chat_queue`
--

LOCK TABLES `user_chat_queue` WRITE;
/*!40000 ALTER TABLE `user_chat_queue` DISABLE KEYS */;
INSERT INTO `user_chat_queue` VALUES ('1701583669910','','1701180369121','1695627840943','2023-12-03 06:07:49','2023-12-03 06:07:49'),('1702044463214','','1701176517959','1701180369121','2023-12-08 14:07:43','2023-12-08 14:07:43'),('1702045456012','我最近最喜欢听那个《queen card》','1695627840943','1701179513883','2023-12-08 14:24:16','2023-12-08 14:25:13'),('1702045462504','你真是个天才，我更新喜欢tomboy','1701179513883','1695627840943','2023-12-08 14:24:22','2023-12-08 14:25:46'),('1703906979225','','1701176517959','1695627840943','2023-12-30 03:29:39','2023-12-30 03:29:39'),('1704719395505','','1701180369121','1701176517959','2024-01-08 13:09:55','2024-01-08 13:09:55'),('1705237056631','','1701179513883','1701176517959','2024-01-14 12:57:36','2024-01-14 12:57:36'),('1706709586695','','1701176517959','1702194200156','2024-01-31 13:59:46','2024-01-31 13:59:46');
/*!40000 ALTER TABLE `user_chat_queue` ENABLE KEYS */;
UNLOCK TABLES;

--
-- Table structure for table `video`
--

DROP TABLE IF EXISTS `video`;
/*!40101 SET @saved_cs_client     = @@character_set_client */;
/*!50503 SET character_set_client = utf8mb4 */;
CREATE TABLE `video` (
  `id` char(50) CHARACTER SET utf8mb4 COLLATE utf8mb4_0900_ai_ci NOT NULL,
  `name` varchar(500) CHARACTER SET utf8mb4 COLLATE utf8mb4_0900_ai_ci DEFAULT NULL,
  `userId` varchar(50) CHARACTER SET utf8mb4 COLLATE utf8mb4_0900_ai_ci DEFAULT NULL,
  `playCount` varchar(50) CHARACTER SET utf8mb4 COLLATE utf8mb4_0900_ai_ci DEFAULT '0',
  `dt` varchar(50) CHARACTER SET utf8mb4 COLLATE utf8mb4_0900_ai_ci DEFAULT NULL,
  `description` text CHARACTER SET utf8mb4 COLLATE utf8mb4_0900_ai_ci,
  `cateId` char(50) CHARACTER SET utf8mb4 COLLATE utf8mb4_0900_ai_ci DEFAULT NULL,
  `createTime` timestamp NULL DEFAULT CURRENT_TIMESTAMP,
  `updateTime` timestamp NULL DEFAULT CURRENT_TIMESTAMP ON UPDATE CURRENT_TIMESTAMP,
  `isShort` int NOT NULL COMMENT '是否为短视频',
  PRIMARY KEY (`id`) USING BTREE,
  KEY `cateId` (`cateId`) USING BTREE,
  KEY `video_ibfk_4` (`userId`) USING BTREE,
  CONSTRAINT `video_ibfk_3` FOREIGN KEY (`cateId`) REFERENCES `category` (`id`) ON DELETE CASCADE ON UPDATE CASCADE
) ENGINE=InnoDB DEFAULT CHARSET=utf8mb4 COLLATE=utf8mb4_0900_ai_ci ROW_FORMAT=DYNAMIC;
/*!40101 SET character_set_client = @saved_cs_client */;

--
-- Dumping data for table `video`
--

LOCK TABLES `video` WRITE;
/*!40000 ALTER TABLE `video` DISABLE KEYS */;
INSERT INTO `video` VALUES ('1697263947397','十年了！胡歌演唱《一吻天荒》带你回忆《轩辕剑之天之痕》','1695627840943','29','238608.027','《一吻天荒》\n作词：胡志敏、张畅\n作曲：万晨\n演唱：胡歌\n编曲：欧阳箐宇','1682755348953','2023-10-14 06:12:27','2024-02-13 07:23:41',1),('1697264013066','仙剑奇侠传：阿桑《一直很安静》神曲','1695627840943','54','247466','最近重看了一遍仙剑\n以前是喜欢灵儿，现在我更喜欢月如','1682755348953','2023-10-14 06:13:33','2024-02-11 13:07:58',1),('1697264201912','听琴声潇潇 该忘的忘不掉 红尘 困住我年少 《古剑奇谭》主题曲 《 剑心》','1695627840943','15','252400.249','紫胤真人在弟子继位就离开天墉城了，后来陵越师兄继位掌门，芙蕖师妹继位妙法长老，两个一直等屠苏，陵越收了一个眉间天生也有朱砂的弟子玉泱，这个弟子成了陵越后一任掌门的执剑长老。陵越自己给自己铸过一把渭水太极剑，卸任后在一个微雨夜后无疾而终','1682755374704','2023-10-14 06:16:41','2024-01-31 14:03:38',1),('1697264268142','特别的爱给特别的你—伍思凯 1990年十大中文金曲现场 ','1695627840943','47','305706.333','歌怎么说  好听 经典 但难度太大  一般歌手只翻唱高潮部分 结尾部分都是跳过要么降低难度随便胡弄过去  连伍思凯本人都已经唱不出结尾那种味道了','1682755348953','2023-10-14 06:17:48','2024-02-08 12:20:38',1),('1701177222724','《年少的你啊》以梦为马 不负韶华 这才是青春该有的样子','1701176517959','62','194629.388','不管他是不是裁缝，这首歌他能让我高兴，给我青春的气息，甚至给我力量，这难道不是创作歌曲最原本的初衷吗？\n我总觉得现在好多人对音乐的审美有一种莫名的畸形，好像好歌手永远都只有周杰伦陈奕迅这些老牌歌手，对于这些新生代歌曲总会用裁缝去诋毁。没错这旋律确实很像。你喜欢','1682755374704','2023-11-28 13:13:42','2024-02-11 03:36:10',0),('1701177618868','胡歌《忘记时间》经典神曲！《仙剑奇侠传三》片尾曲','1701176517959','34461','240810.333','前段时间，因为仙剑的视频原因，我也是非常非常头疼\n为了回应广大仙剑粉丝的要求，决定重新做一期仙剑\n这首胡歌的《忘记时间》是我非常喜欢的一首歌\n2022年马上就过去了，我想用这首歌来结束今年，这首歌包含了很多\n祝大家在新的一年，都能够开开心心','1682755348953','2023-11-28 13:20:18','2024-01-11 13:23:33',1),('1701177764743','在你的身边》-盛哲','1701176517959','25','262361.61','安静地又说分开\n\n没有依赖却是太多依赖\n\n寂寞的广场中央\n\n是谁的对白追赶我的空白\n\n爱就爱了不怕没来过\n\n恨就恨了我从没想过\n\n是怕独念一个人太深刻\n\n爱就爱了不怕没来过\n\n恨就恨了我从没想过\n\n到过的地方熟悉曾经的模样\n\n我以为忘了想念','1682755348953','2023-11-28 13:22:44','2024-01-08 13:11:01',0),('1701178344369','“在星空的另一端，思念从未停止！”《我记得》','1701176517959','10','322153.22','“世间是一个轮回，离开我们的人，在另一个时空，我们总会失忆着相遇！”','1682755348953','2023-11-28 13:32:24','2024-01-16 13:03:26',1),('1701178696753','童年你慢些走。我快跟上你了','1701176517959','123241','66687.007','童年你慢些走。我快跟上你了','1682755374704','2023-11-28 13:38:16','2024-01-16 13:29:03',1),('1701178900100','以为长大只是一场梦。原来童年才是。','1701176517959','108','65016.009','以为长大只是一场梦。原来童年才是。','1682755348953','2023-11-28 13:41:40','2024-02-13 07:23:36',1),('1701179107076','看过七龙珠的都多大了？ ','1701176517959','148','80500','看过七龙珠的都多大了？ ','1682755348953','2023-11-28 13:45:07','2024-02-13 07:41:13',1),('1701179759725','这么甜的歌，确定不艾特喜欢的人一起听#音乐分享#youi#脸红的思春期some#韩语歌','1701179513883','81','23500','这么甜的歌，确定不艾特喜欢的人一起听#音乐分享#youi#脸红的思春期some#韩语歌','1682755374704','2023-11-28 13:55:59','2024-02-13 07:11:34',1),('1701350566667','BLACKPINK《Lovesick Girls》超辣私服练习室！','1701350273436','125','197973.197','这次专辑四个人状态都好好，智秀比想象的更适合这次回归，妮的嗓音和肉配合的尤为反差太爱了，lisa这次rap和vocal双满足，还有妮的平刘海好好看啊不一样的感觉','1682755239801','2023-11-30 13:22:46','2024-02-13 07:23:28',1),('1701350878244','《帝 王 引 擎II》','1701350273436','53','368849.252','《帝 王 引 擎II》','1682755203328','2023-11-30 13:27:58','2024-01-31 14:03:33',1),('1701352079463','郁可唯 -《水中花》致敬谭咏麟 灵动飘渺的声音，穿梭在摇晃的芦苇间','1701350273436','94','226765.21500000003','今天整期氛围都好棒 开头左麟右李亦师亦友的故事奠定了基调 有种华语乐坛传承的味道..后辈们在大前辈面前带着敬意翻唱大前辈的歌 带着各自独属于自己的故事和理解  马..咳 湖南台你认真做不搞事情不瞎剪还是很会做好节目的啊。','1701351191589','2023-11-30 13:47:59','2024-02-11 03:25:58',1),('1701352530518','田小娟\'BEAM BEAM\'','1701350273436','164','172330.33299999998','田小娟\'BEAM BEAM\'','1701351191589','2023-11-30 13:55:30','2024-02-13 07:11:04',0),('1701438826139','c罗经典20球11','1695627840943','9','602000','C罗转会曼联！离别12载，终于荣归故里，重返老特拉福德！','1682755318948','2023-12-01 13:53:46','2024-01-05 16:09:30',1),('1701443899564','【(G)I-DLE】[M/V] - \'TOMBOY\'','1695627840943','74','197269','稍微了解一点女娃的都会知道这一路走过来都经历了什么。非三大出生，队长呆在房间里三天哭着写完出道曲才允许出道，就连logo都是自己设计。从最开始的不被看好，到一线成绩，女娃永远在创造奇迹。为什么我这么相信娃呢，因为gidle靠的从来不是公司，不是营销，甚至不是粉丝，而是自己','1682755374704','2023-12-01 15:18:19','2024-02-13 07:23:21',0),('1701499667928','Zedd&Selena Gomez-I Want You To Know(无损发烧音质4K60MV)[中英字幕]Hi-Res','1701180369121','93','246799','官方原版MV提升画质至4K60，音频为Hi-Res无损PCM24bits96kHz发烧级音质，简体中文和英文字幕，无任何水印，完美极限体验！！','1682755335314','2023-12-02 06:47:47','2024-02-13 07:05:30',1),('1701500752272','曲婉婷 - 没有什么不同','1701180369121','29','264791','知乎上有一个问题“如何评价曲婉婷？”有一个回答得到了三万五千多人的点赞，却被禁止评论，原文如下：\n不能客观公众的评价她。\n我生活于东北，我的舅舅是下岗工人，下岗以后没工作，没学历，只能去给别人送水，一桶20公斤的水，从一楼搬到6楼，3块钱，一个月1500，养老婆，养女儿。贫贱夫妻百事哀，舅妈天天嫌弃他不挣钱，家里能吃顿肉也是一件喜事。前几年我舅检查出脑梗，上午和我妈去办理住院，下午又偷偷溜回家，给我妈打电话：姐，我还是不治了，我没钱。当时我妈的眼泪就下来了。去年过年的时候，喝了点酒脑溢血走了。我妈妈说，他40多年的苦也算是吃到头了，就像新闻上一样，生病的下岗工人只能自杀，在我们这样的地方，好像脱离苦海唯一的办法只有死亡','1701351191589','2023-12-02 07:05:52','2024-01-08 13:51:00',0),('1701501038634','危险派对 - 王以太/刘至佳『左手保护你的腰 不会碰到你的背','1701180369121','39','180743.469','危险派对 - 王以太/刘至佳『左手保护你的腰 不会碰到你的背','1682755374704','2023-12-02 07:10:38','2024-01-11 11:17:04',0),('1701861942912','米津玄師『Lemon』 MV 1080P','1701861356232','71','274407.325','日剧《非自然死亡》主题曲','1701351191589','2023-12-06 11:25:42','2024-02-13 07:23:09',0),('1702044791168','《音乐MV》王招君 (你看你拉住我的模样)-任素汐','1701179513883','158','262314.5','你看时间朗朗有光照，你看我盼着你的模样，看满荒唐写纸上。\n','1682755348953','2023-12-08 14:13:11','2024-02-13 07:23:12',0),('1702044953554','潘玮柏&苏芮 - 我想更懂你','1701179513883','110','267600','一位母亲对一个叛逆儿子的期望！但是儿子不理解作为母亲的苦心，儿子也希望母亲理解他！但是事实就是这样，沟通少才造成很多的阻碍和隔阂.','1701351191589','2023-12-08 14:15:53','2024-01-31 14:02:17',0),('1703944636871','拉丁舞世界冠军的《科目三》','1701176517959','143','47577.256','觉得咱们觉得土只是因为母语羞耻而已，外国人根本听不懂这首歌，就像你偶然听到一首曲调奇异的法语歌或者德语歌，就会觉得还挺不错','1682755348953','2023-12-30 13:57:16','2024-02-13 07:22:01',0),('1703945014268','名侦探柯南主题曲《转动命运之轮》现场——坂井泉水','1701176517959','71','232917','《转动命运之轮》（《運命のルーレット廻して》）为ZARD的第25张单曲。在前作的基础上继续为动画演唱歌曲，自己第一次为《名侦探柯南》演唱歌曲。在2007年ZARD受欢迎单曲排行榜中，继续达到百万以上销量的3张作品之后，此曲获得第四名，到现在人气依然很高','1682755260010','2023-12-30 14:03:34','2024-02-13 07:23:17',0),('1704722402162','IDLE “Queencard“现场live','1701179513883','95','166762.16700000002','IDLE “Queencard“现场live','1701351191589','2024-01-08 14:00:02','2024-02-12 11:54:45',0),('1705134899610','这么甜的一首歌，快@你最爱的人一起来听吧','1702194200156','43','173546.5','甜歌《微微》','1704527598715','2024-01-13 08:34:59','2024-02-11 02:41:39',0),('1707533674179','超清60帧 BLACKPINK - As If It\'s Your Last 人气歌谣 170716','1702194200156','28','212991.833','原来不认识粉墨，偶然听到这首歌是真的好听，还有口哨内首歌，dudu啊内首歌都没吸引到我，这首歌在手机里循环了好几遍，尤其珍妮和lisa那里觉得特别好听，智秀长的是挺好看，但是更喜欢lisa这种长相的，大眼睛布灵布灵滴','1682755239801','2024-02-10 02:54:34','2024-02-13 07:23:00',0),('1707534418370','\'AS IF IT\'S YOUR LAST\' MV 粉墨官方音乐MV视频','1702194200156','21','216966.825','感觉jennie 和lisa任何时期都挺亮眼 她俩确实很有yg的sence 比其他两个有气场 舞蹈基础也强 说句客观的不管妆造如何在她们团里她俩就是最亮眼的','1682755239801','2024-02-10 03:06:58','2024-02-11 14:35:54',0),('1707656515548','中岛美嘉 -《曾经我也想过一了百了》MV','1695627840943','24','386709','中岛美嘉 -《曾经我也想过一了百了》MV','1704527598715','2024-02-11 13:01:55','2024-02-13 07:22:49',0),('1707659651443','在澳洲街头唱杰伦的中国风饶舌《本草纲目》是一种什么体验','1701180369121','10','60557','在澳洲街头唱杰伦的中国风饶舌《本草纲目》是一种什么体验','1704527598715','2024-02-11 13:54:11','2024-02-13 07:21:40',0),('1707743066504','《山楂树之恋》程佳佳【HIRES无损音质】','1695627840943','3','184596.833','我的山楂树之恋\n\n永远站在你的身边\n\n我保证我的爱不会变\n\n共享永恒时间\n\n像蝴蝶起舞翩翩\n\n每次懊恼在于相见恨晚\n\n不管相隔的距离是长\n\n或是短\n\n能在一起的时候不要快只想慢\n\n想和你有个孩子','1701351191589','2024-02-12 13:04:26','2024-02-13 07:21:37',0),('1707743405945','风靡全球的英文歌《Love Me Like You Do》，旋律动人，听到陶醉','1701861356232','4','238320','风靡全球的英文歌《Love Me Like You Do》，旋律动人，听到陶醉','1704527598715','2024-02-12 13:10:05','2024-02-13 07:21:30',0),('1707743634495','Wolves - Selena GomezWolves - Selena GomezWolves - Selena GomezWolves - Selena GomezWolves - Selena ','1701861356232','9','198101','Wolves - Selena GomezWolves - Selena GomezWolves - Selena GomezWolves - Selena GomezWolves - Selena GomezWolves - Selena GomezWolves - Selena GomezWolves - Selena GomezWolves - Selena GomezWolves - Selena GomezWolves - Selena GomezWolves - Selena GomezWolves - Selena Gomez','1682755374704','2024-02-12 13:13:54','2024-02-13 07:22:52',0);
/*!40000 ALTER TABLE `video` ENABLE KEYS */;
UNLOCK TABLES;

--
-- Table structure for table `video_carousel`
--

DROP TABLE IF EXISTS `video_carousel`;
/*!40101 SET @saved_cs_client     = @@character_set_client */;
/*!50503 SET character_set_client = utf8mb4 */;
CREATE TABLE `video_carousel` (
  `id` char(50) NOT NULL,
  `title` varchar(500) DEFAULT NULL,
  `description` varchar(500) DEFAULT NULL,
  `fileId` char(50) DEFAULT NULL,
  `videoId` char(50) DEFAULT NULL,
  `createTime` timestamp NULL DEFAULT CURRENT_TIMESTAMP,
  `updateTime` timestamp NULL DEFAULT CURRENT_TIMESTAMP ON UPDATE CURRENT_TIMESTAMP,
  PRIMARY KEY (`id`),
  KEY `videoId` (`videoId`),
  CONSTRAINT `video_carousel_ibfk_1` FOREIGN KEY (`videoId`) REFERENCES `video` (`id`) ON DELETE CASCADE ON UPDATE CASCADE
) ENGINE=InnoDB DEFAULT CHARSET=utf8mb4 COLLATE=utf8mb4_0900_ai_ci;
/*!40101 SET character_set_client = @saved_cs_client */;

--
-- Dumping data for table `video_carousel`
--

LOCK TABLES `video_carousel` WRITE;
/*!40000 ALTER TABLE `video_carousel` DISABLE KEYS */;
INSERT INTO `video_carousel` VALUES ('1705068024067','童年你别走，还记得童年的龙珠么','七龙珠，看过的人都多大了','1705068011694','1701179107076','2024-01-12 14:00:24','2024-01-12 14:00:24');
/*!40000 ALTER TABLE `video_carousel` ENABLE KEYS */;
UNLOCK TABLES;

--
-- Table structure for table `video_file`
--

DROP TABLE IF EXISTS `video_file`;
/*!40101 SET @saved_cs_client     = @@character_set_client */;
/*!50503 SET character_set_client = utf8mb4 */;
CREATE TABLE `video_file` (
  `videoId` char(50) CHARACTER SET utf8mb4 COLLATE utf8mb4_0900_ai_ci DEFAULT NULL,
  `fileId` char(50) CHARACTER SET utf8mb4 COLLATE utf8mb4_0900_ai_ci DEFAULT NULL,
  `mark` varchar(100) CHARACTER SET utf8mb4 COLLATE utf8mb4_0900_ai_ci DEFAULT NULL
) ENGINE=InnoDB DEFAULT CHARSET=utf8mb4 COLLATE=utf8mb4_0900_ai_ci ROW_FORMAT=DYNAMIC;
/*!40101 SET character_set_client = @saved_cs_client */;

--
-- Dumping data for table `video_file`
--

LOCK TABLES `video_file` WRITE;
/*!40000 ALTER TABLE `video_file` DISABLE KEYS */;
INSERT INTO `video_file` VALUES ('1697263947397','1697263816256','cover'),('1697263947397','1697263695040','source'),('1697264013066','1697263998697','cover'),('1697264013066','1697263974619','source'),('1697264201912','1697264109401','cover'),('1697264201912','1697264077193','source'),('1697264268142','1697264253626','cover'),('1697264268142','1697264213803','source'),('1701176993424','1701176978421','cover'),('1701176993424','1701176782023','source'),('1701177222724','1701177207483','cover'),('1701177222724','1701177150199','source'),('1701177618868','1701177418433','cover'),('1701177618868','1701177386362','source'),('1701177764743','1701177669776','cover'),('1701177764743','1701177636964','source'),('1701178344369','1701177954528','cover'),('1701178344369','1701177926902','source'),('1701178696753','1701178685634','cover'),('1701178696753','1701178566656','source'),('1701178900100','1701178888088','cover'),('1701178900100','1701178873732','source'),('1701179107076','1701179098427','cover'),('1701179107076','1701179022954','source'),('1701179759725','1701179744831','cover'),('1701179759725','1701179731576','source'),('1701350566667','1701350551208','cover'),('1701350566667','1701350521631','source'),('1701350878244','1701350713639','cover'),('1701350878244','1701350698315','source'),('1701352079463','1701352060276','cover'),('1701352079463','1701352020462','source'),('1701352530518','1701352307339','cover'),('1701352530518','1701352294327','source'),('2222222222221','1701353225861','source'),('2222222222221','1701353255824','cover'),('1701438285998','1701353255824','cover'),('1701438285998','1701353225861','source'),('1701438826139','1701353255824','cover'),('1701438826139','1701353225861','source'),('1701443899564','1701443884052','cover'),('1701443899564','1701443840217','source'),('1701499667928','1701499439780','cover'),('1701499667928','1701499377618','source'),('1701500752272','1701500719128','cover'),('1701500752272','1701500677070','source'),('1701501038634','1701500975191','cover'),('1701501038634','1701500946997','source'),('1701861942912','1701861623895','cover'),('1701861942912','1701861586772','source'),('1702044791168','1702044756180','cover'),('1702044791168','1702044731893','source'),('1702044953554','1702044926462','cover'),('1702044953554','1702044856206','source'),('1703944636871','1703944616421','cover'),('1703944636871','1703944578393','source'),('1703945014268','1703944996745','cover'),('1703945014268','1703944959397','source'),('1704108764606','1704108666108','cover'),('1704108764606','1704108646363','source'),('1704722402162','1704722276029','cover'),('1704722402162','1704722261323','source'),('1705134899610','1705134747334','cover'),('1705134899610','1705134703302','source'),('1707533674179','1707533640654','cover'),('1707533674179','1707533622741','source'),('1707534418370','1707534404965','cover'),('1707534418370','1707534366244','source'),('1707656515548','1707656122707','cover'),('1707656515548','1707656105282','source'),('1707659651443','1707659632857','cover'),('1707659651443','1707659578034','source'),('1707743066504','1707743050333','cover'),('1707743066504','1707743016413','source'),('1707743405945','1707743208960','cover'),('1707743405945','1707743189679','source'),('1707743634495','1707743614275','cover'),('1707743634495','1707743587201','source');
/*!40000 ALTER TABLE `video_file` ENABLE KEYS */;
UNLOCK TABLES;

--
-- Table structure for table `video_record`
--

DROP TABLE IF EXISTS `video_record`;
/*!40101 SET @saved_cs_client     = @@character_set_client */;
/*!50503 SET character_set_client = utf8mb4 */;
CREATE TABLE `video_record` (
  `vId` char(50) DEFAULT NULL,
  `userId` char(50) DEFAULT NULL,
  `createTime` date DEFAULT NULL,
  `updateTime` timestamp NULL DEFAULT CURRENT_TIMESTAMP ON UPDATE CURRENT_TIMESTAMP,
  `count` varchar(500) DEFAULT NULL,
  KEY `vId` (`vId`),
  KEY `userId` (`userId`),
  CONSTRAINT `video_record_ibfk_1` FOREIGN KEY (`vId`) REFERENCES `video` (`id`) ON DELETE CASCADE ON UPDATE CASCADE,
  CONSTRAINT `video_record_ibfk_2` FOREIGN KEY (`userId`) REFERENCES `user` (`userId`) ON DELETE CASCADE ON UPDATE CASCADE
) ENGINE=InnoDB DEFAULT CHARSET=utf8mb4 COLLATE=utf8mb4_0900_ai_ci;
/*!40101 SET character_set_client = @saved_cs_client */;

--
-- Dumping data for table `video_record`
--

LOCK TABLES `video_record` WRITE;
/*!40000 ALTER TABLE `video_record` DISABLE KEYS */;
INSERT INTO `video_record` VALUES ('1701352530518','1695627840943','2023-12-06','2023-12-06 13:15:00','2'),('1701352079463','1695627840943','2023-12-06','2023-12-06 13:15:13','2'),('1701861942912','1695627840943','2023-12-06','2023-12-06 13:15:09','1'),('1701499667928','1695627840943','2023-12-06','2023-12-06 13:15:28','1'),('1701500752272','1695627840943','2023-12-05','2023-12-06 13:17:26','3'),('1701352530518','1695627840943','2023-12-05','2023-12-06 13:17:45','6'),('1701861942912','1695627840943','2023-12-05','2023-12-06 13:17:06','1'),('1701352079463','1695627840943','2023-12-05','2023-12-06 13:17:46','7'),('1701350566667','1695627840943','2023-12-05','2023-12-06 13:17:57','1'),('1701178696753','1695627840943','2023-12-05','2023-12-06 13:18:07','1'),('1701501038634','1695627840943','2023-12-05','2023-12-06 13:18:10','1'),('1701443899564','1695627840943','2023-12-03','2023-12-06 13:19:03','2'),('1701178696753','1695627840943','2023-12-03','2023-12-06 13:18:42','1'),('1701178900100','1695627840943','2023-12-03','2023-12-06 13:19:58','1'),('1701438826139','1695627840943','2023-12-03','2023-12-06 13:23:51','1'),('1697264013066','1701176517959','2023-12-03','2023-12-06 13:25:18','1'),('1701179759725','1701176517959','2023-12-03','2023-12-06 13:26:27','2'),('1701178696753','1701176517959','2023-12-03','2023-12-06 13:26:18','1'),('1701178696753','1701861356232','2023-12-03','2023-12-06 13:27:31','2'),('1701178900100','1701861356232','2023-12-05','2023-12-06 13:28:13','1'),('1701179107076','1701861356232','2023-12-05','2023-12-06 13:28:32','1'),('1701177764743','1701861356232','2023-12-04','2023-12-06 13:28:56','1'),('1697263947397','1701861356232','2023-12-04','2023-12-06 13:29:05','1'),('1697264013066','1701861356232','2023-12-04','2023-12-06 13:29:30','1'),('1701178900100','1701861356232','2023-12-04','2023-12-06 13:33:43','1'),('1701177222724','1701861356232','2023-12-01','2023-12-06 13:34:09','1'),('1701179759725','1701861356232','2023-12-01','2023-12-06 13:49:43','2'),('1701179107076','1701861356232','2023-12-01','2023-12-06 13:49:45','1'),('1701861942912','1701861356232','2023-12-02','2023-12-07 12:06:36','1'),('1701501038634','1701861356232','2023-12-03','2023-12-08 11:18:27','1'),('1701443899564','1695627840943','2023-12-08','2023-12-08 11:28:21','2'),('1701179759725','1695627840943','2023-12-08','2023-12-08 11:28:03','1'),('1697264201912','1695627840943','2023-12-08','2023-12-08 11:28:09','1'),('1701443899564','1695627840943','2023-11-08','2023-12-08 11:34:34','1'),('1701438826139','1695627840943','2023-11-07','2023-12-08 11:34:57','1'),('1697264268142','1695627840943','2023-11-07','2023-12-08 12:13:36','1'),('1697264201912','1695627840943','2023-11-07','2023-12-08 12:13:57','1'),('1697263947397','1695627840943','2023-12-08','2023-12-08 12:14:43','1'),('1701177618868','1701176517959','2023-12-08','2023-12-08 12:57:19','2'),('1701179107076','1701176517959','2023-12-08','2023-12-08 13:30:36','5'),('1701178900100','1701176517959','2023-12-08','2023-12-08 13:28:04','10'),('1701178696753','1701176517959','2023-12-08','2023-12-08 12:15:38','1'),('1701178344369','1701176517959','2023-12-08','2023-12-08 13:27:37','4'),('1701177764743','1701176517959','2023-12-08','2023-12-08 12:57:13','2'),('1701443899564','1701176517959','2023-12-08','2023-12-08 12:17:40','1'),('1701179759725','1701176517959','2023-12-08','2023-12-08 12:23:13','2'),('1697264201912','1701176517959','2023-12-08','2023-12-08 12:22:06','1'),('1701350878244','1701176517959','2023-12-08','2023-12-08 12:22:50','1'),('1701352079463','1701176517959','2023-12-08','2023-12-08 12:33:17','1'),('1701177222724','1701176517959','2023-12-08','2023-12-08 12:33:32','1'),('1701438826139','1701176517959','2023-12-08','2023-12-08 12:35:16','1'),('1701352530518','1701176517959','2023-12-08','2023-12-08 12:35:20','1'),('1701350566667','1701176517959','2023-12-08','2023-12-08 12:35:27','1'),('1701861942912','1701176517959','2023-12-08','2023-12-08 13:26:31','3'),('1697264268142','1701176517959','2023-12-08','2023-12-08 12:57:21','3'),('1697263947397','1701176517959','2023-12-08','2023-12-08 12:57:03','1'),('1701179759725','1701179513883','2023-12-08','2023-12-08 13:43:20','1'),('1701352079463','1701179513883','2023-12-08','2023-12-08 13:50:53','5'),('1701352530518','1701180369121','2023-12-08','2023-12-08 13:55:09','2'),('1701350566667','1701180369121','2023-12-08','2023-12-08 13:55:46','1'),('1701178900100','1701180369121','2023-12-08','2023-12-08 14:06:37','2'),('1701179759725','1701180369121','2023-12-08','2023-12-08 13:56:19','1'),('1701177222724','1701180369121','2023-12-08','2023-12-08 13:58:23','1'),('1701177618868','1701180369121','2023-12-08','2023-12-08 14:07:49','2'),('1701501038634','1701180369121','2023-12-08','2023-12-08 14:06:28','1'),('1697264201912','1701180369121','2023-12-08','2023-12-08 14:06:33','1'),('1697264268142','1701180369121','2023-12-08','2023-12-08 14:07:54','1'),('1697264013066','1701180369121','2023-12-08','2023-12-08 14:09:25','2'),('1701178344369','1701180369121','2023-12-08','2023-12-08 14:08:47','1'),('1701179107076','1701180369121','2023-12-08','2023-12-08 14:09:54','1'),('1702044953554','1701179513883','2023-12-08','2023-12-08 14:15:57','1'),('1702044791168','1701179513883','2023-12-08','2023-12-08 14:16:39','1'),('1701352530518','1701179513883','2023-12-08','2023-12-08 14:21:16','1'),('1701861942912','1701179513883','2023-12-08','2023-12-08 14:22:33','1'),('1701177764743','1695627840943','2023-12-08','2023-12-08 14:30:09','1'),('1702044953554','1695627840943','2023-12-09','2023-12-09 06:14:43','2'),('1702044791168','1695627840943','2023-12-09','2023-12-09 06:01:53','1'),('1697263947397','1695627840943','2023-12-09','2023-12-09 06:13:15','1'),('1701438826139','1695627840943','2023-12-09','2023-12-09 06:17:32','1'),('1701438826139','1701176517959','2023-12-09','2023-12-09 06:17:39','1'),('1701438826139','1701861356232','2023-12-09','2023-12-09 06:30:37','2'),('1701443899564','1701861356232','2023-12-09','2023-12-09 06:40:41','2'),('1697264201912','1701861356232','2023-12-09','2023-12-09 06:30:41','1'),('1701178696753','1701861356232','2023-12-09','2023-12-09 06:30:49','1'),('1702044791168','1701861356232','2023-12-09','2023-12-09 06:38:25','6'),('1697264013066','1701861356232','2023-12-09','2023-12-09 06:31:47','1'),('1697264268142','1701861356232','2023-12-09','2023-12-09 06:39:15','2'),('1701179107076','1701861356232','2023-12-09','2023-12-09 06:38:33','4'),('1697263947397','1701861356232','2023-12-09','2023-12-09 06:39:30','5'),('1701178344369','1701861356232','2023-12-09','2023-12-09 06:36:36','2'),('1701178900100','1701861356232','2023-12-09','2023-12-09 06:39:29','3'),('1701501038634','1701861356232','2023-12-09','2023-12-09 06:40:09','2'),('1701179759725','1701861356232','2023-12-09','2023-12-09 06:40:38','2'),('1701861942912','1701350273436','2023-12-09','2023-12-09 06:41:04','2'),('1701500752272','1701350273436','2023-12-09','2023-12-09 06:41:17','2'),('1701352079463','1701350273436','2023-12-09','2023-12-09 06:41:20','2'),('1702044953554','1701350273436','2023-12-09','2023-12-09 06:41:16','1'),('1701179759725','1701350273436','2023-12-09','2023-12-09 06:45:12','1'),('1701501038634','1701350273436','2023-12-09','2023-12-09 06:45:15','1'),('1701501038634','1701176517959','2023-12-09','2023-12-09 07:09:27','6'),('1701501038634','1701180369121','2023-12-09','2023-12-09 07:22:07','3'),('1701179759725','1701180369121','2023-12-09','2023-12-09 07:23:56','2'),('1701443899564','1701180369121','2023-12-09','2023-12-09 08:11:10','3'),('1697264201912','1701180369121','2023-12-09','2023-12-09 07:22:49','2'),('1701179107076','1701180369121','2023-12-09','2023-12-09 07:46:22','2'),('1702044953554','1701180369121','2023-12-09','2023-12-09 07:58:46','8'),('1701352079463','1701180369121','2023-12-09','2023-12-09 07:47:51','1'),('1701352530518','1701180369121','2023-12-09','2023-12-09 07:58:56','4'),('1701861942912','1701180369121','2023-12-09','2023-12-09 07:52:19','2'),('1701500752272','1701180369121','2023-12-09','2023-12-09 08:00:37','2'),('1701177222724','1701180369121','2023-12-09','2023-12-09 08:00:54','1'),('1701499667928','1701180369121','2023-12-09','2023-12-09 08:21:41','1'),('1701179759725','1701176517959','2023-12-09','2023-12-09 08:38:07','3'),('1701179107076','1701176517959','2023-12-09','2023-12-09 08:31:47','1'),('1702044953554','1701176517959','2023-12-09','2023-12-09 08:32:40','1'),('1702044791168','1701176517959','2023-12-09','2023-12-09 08:34:42','2'),('1701499667928','1701176517959','2023-12-09','2023-12-09 08:33:07','1'),('1701177222724','1701176517959','2023-12-09','2023-12-09 08:34:37','1'),('1697264013066','1701176517959','2023-12-09','2023-12-09 08:34:39','1'),('1701178900100','1701176517959','2023-12-09','2023-12-09 08:34:56','1'),('1697264268142','1701176517959','2023-12-09','2023-12-09 08:35:19','1'),('1701177764743','1701176517959','2023-12-09','2023-12-09 08:37:54','1'),('1702044953554','1701176517959','2023-12-10','2023-12-10 06:49:36','2'),('1701499667928','1701176517959','2023-12-10','2023-12-10 06:10:34','1'),('1701499667928','1702194200156','2023-12-10','2023-12-10 07:45:27','1'),('1701501038634','1702194200156','2023-12-10','2023-12-10 07:45:55','1'),('1697264201912','1702194200156','2023-12-10','2023-12-10 07:46:11','1'),('1701178696753','1702194200156','2023-12-10','2023-12-10 07:46:20','1'),('1701177222724','1702194200156','2023-12-10','2023-12-10 07:46:31','1'),('1702044953554','1702194200156','2023-12-10','2023-12-10 07:46:57','1'),('1701861942912','1702194200156','2023-12-10','2023-12-10 07:47:19','1'),('1701352530518','1702194200156','2023-12-10','2023-12-10 07:47:29','1'),('1701350878244','1702194200156','2023-12-10','2023-12-10 07:47:43','1'),('1701179107076','1702194200156','2023-12-10','2023-12-10 07:48:00','1'),('1702044791168','1701180385005','2023-12-10','2023-12-10 08:00:03','2'),('1701352530518','1701180385005','2023-12-10','2023-12-10 07:56:55','1'),('1701499667928','1701180385005','2023-12-10','2023-12-10 08:06:26','2'),('1701178696753','1701180385005','2023-12-10','2023-12-10 07:58:57','2'),('1701179759725','1701180385005','2023-12-10','2023-12-10 07:57:30','1'),('1701177222724','1701180385005','2023-12-10','2023-12-10 07:58:37','1'),('1701179107076','1701180385005','2023-12-10','2023-12-10 08:05:58','2'),('1701350566667','1701180385005','2023-12-10','2023-12-10 08:06:42','1'),('1701499667928','1701180385005','2023-12-13','2023-12-13 12:49:31','1'),('1702044953554','1701180385005','2023-12-14','2023-12-14 11:54:09','1'),('1701352530518','1701180385005','2023-12-14','2023-12-14 11:59:09','1'),('1701352079463','1701180385005','2023-12-14','2023-12-14 12:02:45','1'),('1701500752272','1701180385005','2023-12-14','2023-12-14 12:07:25','1'),('1701350566667','1701180385005','2023-12-14','2023-12-14 12:12:26','1'),('1701179759725','1701180385005','2023-12-16','2023-12-16 09:49:58','1'),('1701499667928','1701180385005','2023-12-16','2023-12-16 11:11:49','1'),('1701499667928','1701180385005','2023-12-17','2023-12-17 06:19:34','1'),('1701443899564','1701180385005','2023-12-17','2023-12-17 06:19:39','1'),('1701179759725','1701180385005','2023-12-17','2023-12-17 06:19:49','1'),('1701179107076','1701180385005','2023-12-17','2023-12-17 06:19:54','1'),('1701350878244','1701180385005','2023-12-17','2023-12-17 06:20:00','1'),('1697263947397','1701180385005','2023-12-17','2023-12-17 06:20:08','1'),('1702044953554','1701176517959','2023-12-17','2023-12-17 09:56:13','3'),('1701177222724','1701176517959','2023-12-17','2023-12-17 08:10:59','1'),('1701500752272','1701176517959','2023-12-17','2023-12-17 09:56:15','2'),('1701501038634','1701176517959','2023-12-17','2023-12-17 09:56:07','3'),('1697264201912','1701176517959','2023-12-17','2023-12-17 09:56:00','1'),('1701179759725','1701176517959','2023-12-17','2023-12-17 09:56:02','1'),('1701443899564','1701176517959','2023-12-17','2023-12-17 09:56:05','1'),('1702044953554','1695627840943','2023-12-17','2023-12-17 10:39:31','1'),('1701352530518','1701176517959','2023-12-18','2023-12-18 13:58:19','1'),('1701179759725','1701176517959','2023-12-18','2023-12-18 14:27:21','2'),('1701177764743','1701176517959','2023-12-18','2023-12-18 14:04:02','1'),('1702044953554','1701176517959','2023-12-18','2023-12-18 14:20:25','2'),('1701178900100','1701176517959','2023-12-18','2023-12-18 14:09:30','1'),('1701177222724','1701176517959','2023-12-18','2023-12-18 14:27:23','1'),('1697264201912','1701176517959','2023-12-18','2023-12-18 14:28:10','1'),('1701443899564','1701176517959','2023-12-18','2023-12-18 14:28:13','1'),('1701178696753','1701176517959','2023-12-18','2023-12-18 14:28:26','1'),('1702044791168','1701176517959','2023-12-18','2023-12-18 14:28:34','1'),('1701500752272','1701176517959','2023-12-18','2023-12-18 14:28:43','1'),('1701861942912','1701176517959','2023-12-18','2023-12-18 14:28:46','1'),('1701352079463','1701176517959','2023-12-18','2023-12-18 14:28:53','1'),('1701499667928','1701861356232','2023-12-18','2023-12-18 14:29:37','1'),('1702044953554','1701861356232','2023-12-18','2023-12-18 14:29:43','1'),('1701500752272','1701861356232','2023-12-18','2023-12-18 14:29:50','1'),('1701861942912','1701861356232','2023-12-18','2023-12-18 14:30:25','1'),('1701178696753','1701861356232','2023-12-18','2023-12-18 14:30:55','1'),('1701501038634','1701861356232','2023-12-18','2023-12-18 14:31:26','1'),('1701179107076','1701861356232','2023-12-18','2023-12-18 14:32:00','1'),('1697264013066','1701861356232','2023-12-18','2023-12-18 14:32:18','1'),('1701861942912','1701176517959','2023-12-19','2023-12-19 13:05:07','1'),('1701352079463','1701176517959','2023-12-19','2023-12-19 13:05:12','1'),('1701352530518','1701176517959','2023-12-19','2023-12-19 13:05:19','1'),('1702044953554','1701176517959','2023-12-19','2023-12-19 13:05:25','1'),('1701179107076','1701176517959','2023-12-19','2023-12-19 13:05:33','1'),('1697263947397','1701176517959','2023-12-19','2023-12-19 13:05:39','1'),('1697264013066','1701176517959','2023-12-19','2023-12-19 13:05:50','1'),('1701178344369','1701176517959','2023-12-19','2023-12-19 13:06:05','1'),('1701178900100','1701176517959','2023-12-19','2023-12-19 13:06:10','1'),('1701177618868','1701176517959','2023-12-19','2023-12-19 13:06:15','1'),('1702044791168','1701176517959','2023-12-22','2023-12-22 13:25:42','1'),('1701177222724','1701176517959','2023-12-22','2023-12-22 13:31:12','1'),('1701443899564','1701176517959','2023-12-24','2023-12-24 08:06:01','10'),('1701177222724','1701176517959','2023-12-24','2023-12-24 08:25:25','4'),('1701352079463','1701176517959','2023-12-24','2023-12-24 07:43:41','36'),('1701500752272','1701176517959','2023-12-24','2023-12-24 08:21:36','2'),('1701499667928','1701176517959','2023-12-24','2023-12-24 09:39:18','11'),('1701501038634','1701176517959','2023-12-24','2023-12-24 08:05:47','7'),('1701179759725','1701176517959','2023-12-24','2023-12-24 08:24:32','15'),('1701352530518','1701176517959','2023-12-24','2023-12-24 08:22:48','9'),('1701350878244','1701176517959','2023-12-24','2023-12-24 09:39:25','6'),('1702044791168','1701176517959','2023-12-24','2023-12-24 12:43:42','43'),('1701177764743','1701176517959','2023-12-24','2023-12-24 07:30:15','3'),('1701178900100','1701176517959','2023-12-24','2023-12-24 07:27:21','29'),('1701179107076','1701176517959','2023-12-24','2023-12-24 09:38:23','6'),('1701350566667','1701176517959','2023-12-24','2023-12-24 06:56:10','9'),('1702044953554','1701176517959','2023-12-24','2023-12-24 08:26:17','5'),('1701861942912','1701176517959','2023-12-24','2023-12-24 07:39:26','4'),('1701178696753','1701176517959','2023-12-24','2023-12-24 08:06:17','1'),('1701438826139','1701176517959','2023-12-24','2023-12-24 08:06:29','1'),('1697264013066','1701176517959','2023-12-24','2023-12-24 08:23:16','1'),('1701350878244','1701176517959','2023-12-28','2023-12-28 12:00:36','1'),('1701352079463','1701176517959','2023-12-28','2023-12-28 12:00:40','1'),('1701499667928','1701176517959','2023-12-29','2023-12-29 13:15:29','7'),('1702044791168','1701176517959','2023-12-29','2023-12-29 12:58:15','2'),('1701501038634','1701176517959','2023-12-29','2023-12-29 13:02:25','4'),('1701861942912','1701176517959','2023-12-29','2023-12-29 13:03:00','3'),('1701352530518','1701176517959','2023-12-29','2023-12-29 13:20:13','4'),('1701352079463','1701176517959','2023-12-29','2023-12-29 13:14:47','5'),('1702044953554','1701176517959','2023-12-29','2023-12-29 13:21:19','1'),('1701179107076','1701176517959','2023-12-29','2023-12-29 13:25:04','1'),('1701178900100','1701176517959','2023-12-29','2023-12-29 13:27:49','2'),('1701179759725','1701176517959','2023-12-29','2023-12-29 13:26:45','1'),('1701177222724','1701176517959','2023-12-29','2023-12-29 13:27:04','1'),('1701179107076','1701176517959','2023-12-30','2023-12-30 14:20:01','25'),('1701443899564','1701176517959','2023-12-30','2023-12-30 03:18:04','4'),('1701500752272','1701176517959','2023-12-30','2023-12-30 03:00:14','1'),('1702044791168','1701176517959','2023-12-30','2023-12-30 14:22:28','4'),('1701178900100','1701176517959','2023-12-30','2023-12-30 14:22:51','3'),('1701350566667','1701176517959','2023-12-30','2023-12-30 03:09:08','1'),('1701861942912','1701176517959','2023-12-30','2023-12-30 03:10:51','3'),('1697263947397','1701176517959','2023-12-30','2023-12-30 03:25:02','2'),('1702044953554','1701176517959','2023-12-30','2023-12-30 03:15:17','1'),('1701179759725','1701176517959','2023-12-30','2023-12-30 14:24:01','3'),('1697264201912','1701176517959','2023-12-30','2023-12-30 03:17:20','1'),('1701178696753','1701176517959','2023-12-30','2023-12-30 03:26:52','2'),('1701177222724','1701176517959','2023-12-30','2023-12-30 03:22:16','5'),('1701177618868','1701176517959','2023-12-30','2023-12-30 03:25:07','1'),('1701177764743','1701176517959','2023-12-30','2023-12-30 03:26:46','2'),('1701179107076','1695627840943','2023-12-30','2023-12-30 03:27:17','1'),('1701352530518','1695627840943','2023-12-30','2023-12-30 03:28:01','1'),('1701179759725','1695627840943','2023-12-30','2023-12-30 03:30:05','2'),('1701178696753','1695627840943','2023-12-30','2023-12-30 03:30:11','1'),('1697264201912','1695627840943','2023-12-30','2023-12-30 03:30:30','1'),('1697264268142','1695627840943','2023-12-30','2023-12-30 03:31:48','1'),('1701178900100','1695627840943','2023-12-30','2023-12-30 03:32:08','1'),('1701177618868','1695627840943','2023-12-30','2023-12-30 03:32:43','1'),('1701443899564','1695627840943','2023-12-30','2023-12-30 13:10:04','2'),('1701501038634','1695627840943','2023-12-30','2023-12-30 13:10:26','1'),('1701350878244','1695627840943','2023-12-30','2023-12-30 13:25:18','1'),('1701352530518','1702193969526','2023-12-30','2023-12-30 13:29:13','1'),('1703944636871','1701176517959','2023-12-30','2023-12-30 14:06:05','3'),('1703945014268','1701176517959','2023-12-30','2023-12-30 14:12:00','2'),('1701352530518','1701176517959','2023-12-30','2023-12-30 14:20:56','2'),('1701352079463','1701176517959','2023-12-30','2023-12-30 14:25:43','1'),('1703944636871','1701176517959','2024-01-01','2024-01-01 07:24:27','1'),('1702044791168','1701176517959','2024-01-01','2024-01-01 07:25:06','1'),('1701352530518','1701176517959','2024-01-01','2024-01-01 11:27:23','1'),('1701352079463','1701176517959','2024-01-01','2024-01-01 11:27:26','1'),('1701500752272','1701176517959','2024-01-01','2024-01-01 11:27:29','1'),('1703945014268','1695627840943','2024-01-01','2024-01-01 11:49:01','1'),('1702044953554','1695627840943','2024-01-01','2024-01-01 11:52:48','1'),('1701178900100','1695627840943','2024-01-02','2024-01-02 14:20:29','3'),('1701179759725','1695627840943','2024-01-02','2024-01-02 13:34:41','1'),('1703944636871','1695627840943','2024-01-02','2024-01-02 14:19:41','4'),('1697263947397','1695627840943','2024-01-02','2024-01-02 13:42:14','1'),('1701861942912','1695627840943','2024-01-02','2024-01-02 13:42:33','2'),('1701352530518','1695627840943','2024-01-02','2024-01-02 13:42:35','1'),('1701350566667','1695627840943','2024-01-02','2024-01-02 13:42:45','1'),('1701177764743','1695627840943','2024-01-02','2024-01-02 13:42:52','1'),('1703945014268','1701176517959','2024-01-02','2024-01-02 13:46:06','1'),('1702044791168','1701176517959','2024-01-02','2024-01-02 13:46:45','1'),('1702044953554','1701176517959','2024-01-02','2024-01-02 14:06:23','2'),('1703945014268','1695627840943','2024-01-02','2024-01-02 14:19:35','3'),('1701352079463','1701176517959','2024-01-02','2024-01-02 14:06:54','1'),('1701178900100','1701176517959','2024-01-02','2024-01-02 14:07:08','1'),('1703944636871','1695627840943','2024-01-03','2024-01-03 14:19:34','2'),('1703945014268','1695627840943','2024-01-03','2024-01-03 14:03:55','1'),('1701443899564','1695627840943','2024-01-03','2024-01-03 14:24:32','2'),('1697264201912','1695627840943','2024-01-03','2024-01-03 14:04:30','1'),('1702044953554','1695627840943','2024-01-03','2024-01-03 14:16:54','1'),('1701500752272','1695627840943','2024-01-03','2024-01-03 14:16:59','1'),('1701352530518','1695627840943','2024-01-03','2024-01-03 14:17:29','1'),('1701501038634','1695627840943','2024-01-03','2024-01-03 14:18:04','1'),('1697264013066','1695627840943','2024-01-03','2024-01-03 14:20:07','1'),('1701179107076','1695627840943','2024-01-03','2024-01-03 14:20:20','1'),('1701177618868','1695627840943','2024-01-03','2024-01-03 14:20:54','1'),('1701178344369','1695627840943','2024-01-03','2024-01-03 14:21:06','1'),('1697264268142','1695627840943','2024-01-03','2024-01-03 14:21:20','1'),('1701861942912','1695627840943','2024-01-03','2024-01-03 14:23:05','2'),('1701177222724','1695627840943','2024-01-03','2024-01-03 14:24:06','1'),('1701350566667','1701176517959','2024-01-03','2024-01-03 14:27:26','1'),('1701178900100','1701176517959','2024-01-03','2024-01-03 14:31:19','2'),('1701350878244','1701176517959','2024-01-03','2024-01-03 14:28:51','3'),('1703944636871','1701176517959','2024-01-03','2024-01-03 14:28:56','1'),('1701443899564','1701176517959','2024-01-03','2024-01-03 14:30:59','1'),('1697263947397','1701176517959','2024-01-03','2024-01-03 14:31:30','1'),('1703944636871','1701176517959','2024-01-05','2024-01-05 13:32:26','4'),('1702044791168','1701176517959','2024-01-05','2024-01-05 13:32:17','3'),('1703945014268','1701176517959','2024-01-05','2024-01-05 12:21:26','1'),('1701352530518','1701176517959','2024-01-05','2024-01-05 12:34:03','3'),('1701861942912','1701176517959','2024-01-05','2024-01-05 12:37:23','1'),('1701179759725','1701176517959','2024-01-05','2024-01-05 13:29:17','2'),('1701350878244','1701176517959','2024-01-05','2024-01-05 12:56:43','2'),('1697264268142','1701176517959','2024-01-05','2024-01-05 15:20:31','4'),('1701178344369','1701176517959','2024-01-05','2024-01-05 13:29:06','1'),('1701177618868','1701176517959','2024-01-05','2024-01-05 13:32:11','2'),('1697264013066','1701176517959','2024-01-05','2024-01-05 13:32:14','2'),('1701177222724','1701176517959','2024-01-05','2024-01-05 13:29:20','1'),('1701178900100','1701176517959','2024-01-05','2024-01-05 13:29:34','1'),('1697263947397','1701176517959','2024-01-05','2024-01-05 13:32:15','1'),('1701179107076','1701176517959','2024-01-05','2024-01-05 14:08:11','4'),('1703945014268','1701176517959','2024-01-06','2024-01-06 07:31:53','4'),('1703944636871','1701176517959','2024-01-06','2024-01-06 07:54:40','4'),('1702044953554','1701176517959','2024-01-06','2024-01-06 11:58:47','2'),('1702044791168','1701176517959','2024-01-06','2024-01-05 16:09:00','1'),('1701861942912','1701176517959','2024-01-06','2024-01-06 12:04:20','2'),('1701501038634','1701176517959','2024-01-06','2024-01-05 16:09:04','1'),('1701500752272','1701176517959','2024-01-06','2024-01-05 16:09:06','1'),('1701499667928','1701176517959','2024-01-06','2024-01-05 16:09:22','2'),('1701443899564','1701176517959','2024-01-06','2024-01-05 16:09:12','1'),('1701438826139','1701176517959','2024-01-06','2024-01-05 16:09:30','2'),('1701352530518','1701176517959','2024-01-06','2024-01-05 16:09:19','1'),('1701352079463','1701176517959','2024-01-06','2024-01-05 16:09:24','1'),('1701350878244','1701176517959','2024-01-06','2024-01-06 08:21:24','2'),('1701350566667','1701176517959','2024-01-06','2024-01-06 12:04:50','3'),('1701179759725','1701176517959','2024-01-06','2024-01-05 16:09:39','1'),('1701179107076','1701176517959','2024-01-06','2024-01-05 16:09:42','1'),('1701178900100','1701176517959','2024-01-06','2024-01-06 08:30:32','3'),('1697263947397','1701176517959','2024-01-06','2024-01-06 07:41:13','2'),('1697264013066','1701176517959','2024-01-06','2024-01-05 16:09:52','1'),('1697264268142','1701176517959','2024-01-06','2024-01-06 07:54:44','2'),('1697264201912','1701176517959','2024-01-06','2024-01-05 16:09:58','1'),('1701177618868','1701176517959','2024-01-06','2024-01-05 16:10:02','1'),('1701177764743','1701176517959','2024-01-06','2024-01-06 11:56:57','2'),('1701178344369','1701176517959','2024-01-06','2024-01-05 16:10:10','1'),('1701177222724','1701176517959','2024-01-06','2024-01-05 16:10:12','1'),('1703945014268','1701176517959','2024-01-08','2024-01-08 13:38:55','3'),('1703944636871','1701176517959','2024-01-08','2024-01-08 13:48:48','34'),('1701352530518','1701176517959','2024-01-08','2024-01-08 13:14:53','9'),('1702044953554','1701176517959','2024-01-08','2024-01-08 13:43:49','5'),('1701352079463','1701176517959','2024-01-08','2024-01-08 12:32:25','1'),('1701501038634','1701176517959','2024-01-08','2024-01-08 13:22:06','2'),('1701178900100','1701176517959','2024-01-08','2024-01-08 13:10:11','1'),('1701178344369','1701176517959','2024-01-08','2024-01-08 13:10:56','1'),('1701177764743','1701176517959','2024-01-08','2024-01-08 13:11:00','1'),('1697264268142','1701176517959','2024-01-08','2024-01-08 13:11:34','1'),('1701861942912','1701176517959','2024-01-08','2024-01-08 13:45:09','5'),('1701500752272','1701176517959','2024-01-08','2024-01-08 13:13:28','1'),('1701179107076','1701176517959','2024-01-08','2024-01-08 13:39:15','1'),('1701500752272','1701179513883','2024-01-08','2024-01-08 13:51:00','2'),('1702044953554','1701179513883','2024-01-08','2024-01-08 13:49:51','1'),('1703945014268','1701179513883','2024-01-08','2024-01-08 13:50:07','1'),('1703944636871','1701179513883','2024-01-08','2024-01-08 13:50:21','1'),('1702044791168','1701179513883','2024-01-08','2024-01-08 13:50:38','1'),('1701861942912','1701179513883','2024-01-08','2024-01-08 13:50:42','1'),('1701352530518','1701179513883','2024-01-08','2024-01-08 13:51:08','1'),('1701178696753','1701179513883','2024-01-08','2024-01-08 13:51:27','1'),('1697264201912','1701179513883','2024-01-08','2024-01-08 13:51:38','1'),('1701179759725','1701179513883','2024-01-08','2024-01-08 13:51:54','1'),('1701443899564','1701179513883','2024-01-08','2024-01-08 13:52:12','1'),('1701177222724','1701179513883','2024-01-08','2024-01-08 13:53:15','1'),('1697264013066','1701179513883','2024-01-08','2024-01-08 13:54:04','1'),('1704722402162','1701179513883','2024-01-08','2024-01-08 14:00:05','1'),('1703945014268','1701179513883','2024-01-10','2024-01-10 13:40:13','1'),('1704722402162','1701179513883','2024-01-10','2024-01-10 13:54:56','2'),('1703944636871','1701179513883','2024-01-10','2024-01-10 13:58:14','2'),('1701861942912','1701179513883','2024-01-10','2024-01-10 13:54:37','1'),('1701352079463','1701179513883','2024-01-10','2024-01-10 13:57:38','1'),('1697264013066','1701179513883','2024-01-10','2024-01-10 13:58:46','1'),('1701443899564','1701179513883','2024-01-10','2024-01-10 13:59:45','1'),('1701352530518','1701179513883','2024-01-10','2024-01-10 14:01:26','1'),('1701350878244','1701179513883','2024-01-10','2024-01-10 14:04:17','1'),('1703945014268','1701179513883','2024-01-11','2024-01-11 12:12:57','3'),('1701861942912','1701179513883','2024-01-11','2024-01-11 11:16:50','1'),('1701501038634','1701179513883','2024-01-11','2024-01-11 11:17:02','1'),('1701179759725','1701179513883','2024-01-11','2024-01-11 11:17:07','1'),('1701177222724','1701179513883','2024-01-11','2024-01-11 12:22:26','2'),('1704722402162','1701179513883','2024-01-11','2024-01-11 12:18:33','4'),('1701352079463','1701179513883','2024-01-11','2024-01-11 13:12:40','2'),('1701499667928','1701179513883','2024-01-11','2024-01-11 13:20:20','4'),('1701179107076','1701179513883','2024-01-11','2024-01-11 11:43:26','1'),('1701350566667','1701179513883','2024-01-11','2024-01-11 11:54:48','1'),('1702044791168','1701179513883','2024-01-11','2024-01-11 12:10:37','4'),('1701443899564','1701179513883','2024-01-11','2024-01-11 12:12:16','1'),('1697264013066','1701179513883','2024-01-11','2024-01-11 13:05:28','11'),('1701178900100','1701179513883','2024-01-11','2024-01-11 12:30:28','1'),('1703944636871','1701179513883','2024-01-11','2024-01-11 12:31:36','1'),('1697264268142','1701179513883','2024-01-11','2024-01-11 12:32:30','1'),('1701177618868','1701179513883','2024-01-11','2024-01-11 12:53:28','1'),('1701443899564','1695627840943','2024-01-11','2024-01-11 13:21:22','1'),('1703944636871','1695627840943','2024-01-11','2024-01-11 13:22:18','1'),('1701178344369','1695627840943','2024-01-11','2024-01-11 13:22:52','1'),('1702044791168','1695627840943','2024-01-11','2024-01-11 13:23:04','1'),('1701177618868','1695627840943','2024-01-11','2024-01-11 13:23:32','1'),('1701352530518','1695627840943','2024-01-11','2024-01-11 13:25:11','2'),('1701350566667','1695627840943','2024-01-11','2024-01-11 13:23:53','1'),('1704722402162','1695627840943','2024-01-11','2024-01-11 13:24:52','1'),('1701352530518','1701861356232','2024-01-11','2024-01-11 13:29:18','3'),('1701443899564','1701861356232','2024-01-11','2024-01-11 13:25:45','1'),('1701350878244','1701861356232','2024-01-11','2024-01-11 13:27:57','1'),('1703945014268','1701861356232','2024-01-11','2024-01-11 13:28:49','1'),('1704722402162','1701861356232','2024-01-11','2024-01-11 13:29:23','1'),('1703945014268','1701861356232','2024-01-12','2024-01-12 11:43:17','1'),('1702044791168','1701861356232','2024-01-12','2024-01-12 11:43:22','1'),('1704722402162','1701861356232','2024-01-12','2024-01-12 14:24:58','4'),('1701178900100','1701861356232','2024-01-12','2024-01-12 11:44:28','1'),('1701352079463','1701861356232','2024-01-12','2024-01-12 14:21:40','2'),('1701352530518','1701861356232','2024-01-12','2024-01-12 14:21:41','3'),('1701350566667','1701861356232','2024-01-12','2024-01-12 14:22:41','1'),('1701179107076','1701861356232','2024-01-12','2024-01-12 14:23:33','1'),('1704722402162','1702194200156','2024-01-12','2024-01-12 14:27:04','1'),('1701352079463','1702194200156','2024-01-12','2024-01-12 14:27:22','1'),('1704722402162','1702194200156','2024-01-13','2024-01-13 08:38:05','4'),('1701350566667','1702194200156','2024-01-13','2024-01-13 08:50:10','2'),('1701179107076','1702194200156','2024-01-13','2024-01-13 08:40:08','2'),('1703944636871','1702194200156','2024-01-13','2024-01-13 08:40:02','2'),('1701352530518','1702194200156','2024-01-13','2024-01-13 08:36:49','2'),('1705134899610','1702194200156','2024-01-13','2024-01-13 08:38:16','6'),('1702044791168','1702194200156','2024-01-13','2024-01-13 11:56:32','2'),('1701861942912','1702194200156','2024-01-13','2024-01-13 08:39:07','1'),('1701443899564','1702194200156','2024-01-13','2024-01-13 08:45:51','1'),('1704722402162','1695627840943','2024-01-14','2024-01-14 12:24:44','3'),('1703944636871','1695627840943','2024-01-14','2024-01-14 12:22:27','1'),('1705134899610','1695627840943','2024-01-14','2024-01-14 12:24:41','2'),('1701352079463','1695627840943','2024-01-14','2024-01-14 12:26:05','1'),('1704722402162','1701176517959','2024-01-14','2024-01-14 12:58:10','4'),('1705134899610','1701176517959','2024-01-14','2024-01-14 12:54:34','1'),('1703944636871','1701176517959','2024-01-14','2024-01-14 12:56:52','1'),('1701499667928','1701176517959','2024-01-14','2024-01-14 12:57:48','1'),('1701352530518','1701176517959','2024-01-14','2024-01-14 12:58:17','1'),('1701861942912','1701176517959','2024-01-14','2024-01-14 13:09:24','1'),('1701179759725','1701176517959','2024-01-14','2024-01-14 13:09:41','1'),('1701178900100','1701176517959','2024-01-14','2024-01-14 13:09:59','1'),('1704722402162','1702194200156','2024-01-15','2024-01-15 12:45:25','1'),('1703944636871','1702194200156','2024-01-15','2024-01-15 13:47:42','1'),('1701352530518','1702194200156','2024-01-15','2024-01-15 13:48:28','1'),('1701350566667','1702194200156','2024-01-15','2024-01-15 13:48:35','1'),('1701179759725','1702194200156','2024-01-15','2024-01-15 13:51:52','1'),('1704722402162','1702194200156','2024-01-16','2024-01-16 13:28:26','9'),('1704722402162','1695627840943','2024-01-16','2024-01-16 11:20:31','1'),('1705134899610','1702194200156','2024-01-16','2024-01-16 13:13:44','8'),('1701861942912','1702194200156','2024-01-16','2024-01-16 12:53:47','1'),('1701350566667','1702194200156','2024-01-16','2024-01-16 13:07:04','2'),('1697264013066','1702194200156','2024-01-16','2024-01-16 12:57:34','1'),('1702044791168','1702194200156','2024-01-16','2024-01-16 12:59:41','1'),('1701178344369','1702194200156','2024-01-16','2024-01-16 13:03:26','1'),('1697264268142','1702194200156','2024-01-16','2024-01-16 13:03:40','1'),('1701179759725','1702194200156','2024-01-16','2024-01-16 13:04:21','1'),('1703945014268','1702194200156','2024-01-16','2024-01-16 13:09:00','1'),('1701352530518','1702194200156','2024-01-16','2024-01-16 13:12:28','1'),('1703944636871','1702194200156','2024-01-16','2024-01-16 13:22:32','2'),('1697263947397','1702194200156','2024-01-16','2024-01-16 13:16:06','1'),('1702044953554','1702194200156','2024-01-16','2024-01-16 13:22:37','1'),('1701350878244','1702194200156','2024-01-16','2024-01-16 13:28:55','1'),('1701178696753','1702194200156','2024-01-16','2024-01-16 13:29:03','1'),('1704722402162','1702194200156','2024-01-29','2024-01-29 14:19:34','7'),('1701352530518','1702194200156','2024-01-29','2024-01-29 11:32:57','1'),('1701352079463','1702194200156','2024-01-29','2024-01-29 11:40:41','1'),('1703945014268','1702194200156','2024-01-29','2024-01-29 14:17:52','3'),('1705134899610','1702194200156','2024-01-29','2024-01-29 14:17:39','6'),('1702044791168','1702194200156','2024-01-29','2024-01-29 14:19:25','3'),('1702044953554','1702194200156','2024-01-29','2024-01-29 14:19:18','2'),('1701861942912','1702194200156','2024-01-29','2024-01-29 14:19:29','1'),('1704722402162','1702194200156','2024-01-30','2024-01-30 12:02:10','6'),('1703944636871','1702194200156','2024-01-30','2024-01-30 12:51:22','2'),('1701350566667','1702194200156','2024-01-30','2024-01-30 11:37:50','2'),('1705134899610','1702194200156','2024-01-30','2024-01-30 12:51:16','4'),('1701861942912','1702194200156','2024-01-30','2024-01-30 11:41:47','1'),('1702044791168','1702194200156','2024-01-30','2024-01-30 11:42:18','1'),('1704722402162','1702194200156','2024-01-31','2024-01-31 12:34:43','2'),('1705134899610','1702194200156','2024-01-31','2024-01-31 14:07:36','3'),('1701350566667','1702194200156','2024-01-31','2024-01-31 14:06:58','3'),('1703944636871','1702194200156','2024-01-31','2024-01-31 13:56:23','1'),('1697264013066','1702194200156','2024-01-31','2024-01-31 14:01:33','2'),('1703945014268','1702194200156','2024-01-31','2024-01-31 13:59:55','1'),('1701179107076','1702194200156','2024-01-31','2024-01-31 14:00:48','1'),('1702044953554','1702194200156','2024-01-31','2024-01-31 14:02:02','1'),('1701861942912','1702194200156','2024-01-31','2024-01-31 14:02:34','1'),('1701350878244','1702194200156','2024-01-31','2024-01-31 14:03:32','1'),('1697264201912','1702194200156','2024-01-31','2024-01-31 14:03:37','1'),('1704722402162','1702194200156','2024-02-01','2024-02-01 11:40:58','1'),('1701350566667','1702194200156','2024-02-01','2024-02-01 11:43:44','1'),('1704722402162','1702194200156','2024-02-06','2024-02-06 09:41:41','1'),('1704722402162','1702194200156','2024-02-08','2024-02-08 12:14:16','1'),('1697264268142','1702194200156','2024-02-08','2024-02-08 12:20:38','1'),('1704722402162','1701350273436','2024-02-10','2024-02-10 02:35:41','1'),('1701350566667','1701350273436','2024-02-10','2024-02-10 02:36:22','1'),('1697264013066','1701350273436','2024-02-10','2024-02-10 02:42:32','1'),('1701352530518','1701350273436','2024-02-10','2024-02-10 02:45:09','1'),('1705134899610','1702194200156','2024-02-10','2024-02-10 02:47:14','1'),('1707533674179','1702194200156','2024-02-10','2024-02-10 03:11:05','6'),('1707534418370','1702194200156','2024-02-10','2024-02-10 11:34:41','8'),('1703944636871','1702194200156','2024-02-10','2024-02-10 03:10:32','1'),('1701350566667','1702194200156','2024-02-10','2024-02-10 03:12:42','1'),('1703945014268','1702194200156','2024-02-10','2024-02-10 12:04:12','1'),('1701352530518','1702194200156','2024-02-10','2024-02-10 12:04:58','1'),('1707534418370','1702194200156','2024-02-11','2024-02-11 13:06:00','4'),('1705134899610','1702194200156','2024-02-11','2024-02-11 02:41:38','2'),('1707533674179','1702194200156','2024-02-11','2024-02-11 13:06:03','2'),('1701350566667','1702194200156','2024-02-11','2024-02-11 02:41:34','1'),('1703945014268','1702194200156','2024-02-11','2024-02-11 03:19:49','1'),('1704722402162','1702194200156','2024-02-11','2024-02-11 03:23:29','1'),('1701352079463','1702194200156','2024-02-11','2024-02-11 03:25:58','1'),('1701861942912','1702194200156','2024-02-11','2024-02-11 03:30:54','1'),('1701177222724','1702194200156','2024-02-11','2024-02-11 03:36:09','1'),('1703944636871','1695627840943','2024-02-11','2024-02-11 11:52:47','1'),('1707656515548','1695627840943','2024-02-11','2024-02-11 13:03:17','1'),('1707656515548','1702194200156','2024-02-11','2024-02-11 13:08:01','2'),('1697263947397','1702194200156','2024-02-11','2024-02-11 13:06:09','1'),('1697264013066','1702194200156','2024-02-11','2024-02-11 13:07:48','2'),('1707659651443','1701180369121','2024-02-11','2024-02-11 13:54:30','1'),('1707534418370','1701180369121','2024-02-11','2024-02-11 14:35:54','2'),('1707533674179','1695627840943','2024-02-11','2024-02-11 13:55:18','1'),('1701350566667','1695627840943','2024-02-11','2024-02-11 14:01:29','1'),('1707659651443','1695627840943','2024-02-12','2024-02-12 13:46:20','3'),('1701179107076','1695627840943','2024-02-12','2024-02-12 06:43:51','1'),('1703945014268','1701176517959','2024-02-12','2024-02-12 06:54:23','1'),('1707656515548','1701176517959','2024-02-12','2024-02-12 07:34:38','1'),('1704722402162','1701176517959','2024-02-12','2024-02-12 09:24:35','2'),('1703944636871','1701176517959','2024-02-12','2024-02-12 08:18:06','1'),('1697263947397','1701176517959','2024-02-12','2024-02-12 08:18:43','1'),('1701350566667','1701176517959','2024-02-12','2024-02-12 08:18:54','1'),('1703944636871','1702193969526','2024-02-12','2024-02-12 11:53:35','2'),('1704722402162','1702193969526','2024-02-12','2024-02-12 11:54:41','2'),('1701179759725','1702193969526','2024-02-12','2024-02-12 11:55:15','1'),('1707659651443','1702193969526','2024-02-12','2024-02-12 11:55:30','1'),('1707533674179','1702193969526','2024-02-12','2024-02-12 11:56:15','1'),('1707656515548','1695627840943','2024-02-12','2024-02-12 13:40:57','5'),('1707743634495','1695627840943','2024-02-12','2024-02-12 13:32:49','1'),('1703944636871','1695627840943','2024-02-12','2024-02-12 14:04:11','2'),('1702044791168','1695627840943','2024-02-12','2024-02-12 14:04:58','1'),('1701178900100','1695627840943','2024-02-12','2024-02-12 14:05:05','1'),('1701350566667','1695627840943','2024-02-12','2024-02-12 14:05:52','1'),('1701352530518','1695627840943','2024-02-13','2024-02-13 07:11:02','2'),('1701178900100','1695627840943','2024-02-13','2024-02-13 07:23:31','3'),('1707659651443','1695627840943','2024-02-13','2024-02-13 07:21:39','2'),('1701179107076','1702194200156','2024-02-13','2024-02-13 05:35:31','1'),('1707743405945','1702194200156','2024-02-13','2024-02-13 05:36:22','1'),('1707743066504','1695627840943','2024-02-13','2024-02-13 07:21:35','2'),('1701499667928','1695627840943','2024-02-13','2024-02-13 07:05:30','1'),('1701443899564','1695627840943','2024-02-13','2024-02-13 07:23:20','2'),('1701179759725','1695627840943','2024-02-13','2024-02-13 07:11:33','1'),('1707743634495','1695627840943','2024-02-13','2024-02-13 07:22:52','3'),('1707656515548','1695627840943','2024-02-13','2024-02-13 07:22:48','3'),('1707743405945','1695627840943','2024-02-13','2024-02-13 07:21:29','1'),('1707533674179','1695627840943','2024-02-13','2024-02-13 07:23:00','2'),('1703944636871','1695627840943','2024-02-13','2024-02-13 07:21:59','1'),('1701861942912','1695627840943','2024-02-13','2024-02-13 07:23:07','1'),('1702044791168','1695627840943','2024-02-13','2024-02-13 07:23:11','1'),('1703945014268','1695627840943','2024-02-13','2024-02-13 07:23:16','1'),('1701350566667','1695627840943','2024-02-13','2024-02-13 07:23:24','1'),('1697263947397','1695627840943','2024-02-13','2024-02-13 07:23:40','1'),('1701179107076','1695627840943','2024-02-13','2024-02-13 07:41:13','1');
/*!40000 ALTER TABLE `video_record` ENABLE KEYS */;
UNLOCK TABLES;
/*!40103 SET TIME_ZONE=@OLD_TIME_ZONE */;

/*!40101 SET SQL_MODE=@OLD_SQL_MODE */;
/*!40014 SET FOREIGN_KEY_CHECKS=@OLD_FOREIGN_KEY_CHECKS */;
/*!40014 SET UNIQUE_CHECKS=@OLD_UNIQUE_CHECKS */;
/*!40101 SET CHARACTER_SET_CLIENT=@OLD_CHARACTER_SET_CLIENT */;
/*!40101 SET CHARACTER_SET_RESULTS=@OLD_CHARACTER_SET_RESULTS */;
/*!40101 SET COLLATION_CONNECTION=@OLD_COLLATION_CONNECTION */;
/*!40111 SET SQL_NOTES=@OLD_SQL_NOTES */;

-- Dump completed on 2024-02-13 16:00:17
