-- MySQL dump 10.13  Distrib 8.0.33, for macos13 (arm64)
--
-- Host: 127.0.0.1    Database: codergb-hub
-- ------------------------------------------------------
-- Server version	8.0.33

/*!40101 SET @OLD_CHARACTER_SET_CLIENT=@@CHARACTER_SET_CLIENT */;
/*!40101 SET @OLD_CHARACTER_SET_RESULTS=@@CHARACTER_SET_RESULTS */;
/*!40101 SET @OLD_COLLATION_CONNECTION=@@COLLATION_CONNECTION */;
/*!50503 SET NAMES utf8mb4 */;
/*!40103 SET @OLD_TIME_ZONE=@@TIME_ZONE */;
/*!40103 SET TIME_ZONE='+00:00' */;
/*!40014 SET @OLD_UNIQUE_CHECKS=@@UNIQUE_CHECKS, UNIQUE_CHECKS=0 */;
/*!40014 SET @OLD_FOREIGN_KEY_CHECKS=@@FOREIGN_KEY_CHECKS, FOREIGN_KEY_CHECKS=0 */;
/*!40101 SET @OLD_SQL_MODE=@@SQL_MODE, SQL_MODE='NO_AUTO_VALUE_ON_ZERO' */;
/*!40111 SET @OLD_SQL_NOTES=@@SQL_NOTES, SQL_NOTES=0 */;

--
-- Table structure for table `block`
--

DROP TABLE IF EXISTS `block`;
/*!40101 SET @saved_cs_client     = @@character_set_client */;
/*!50503 SET character_set_client = utf8mb4 */;
CREATE TABLE `block` (
  `id` char(50) CHARACTER SET utf8mb4 COLLATE utf8mb4_0900_ai_ci NOT NULL,
  `name` varchar(500) CHARACTER SET utf8mb4 COLLATE utf8mb4_0900_ai_ci DEFAULT NULL,
  `cate` varchar(40) CHARACTER SET utf8mb4 COLLATE utf8mb4_0900_ai_ci DEFAULT NULL,
  `description` varchar(500) CHARACTER SET utf8mb4 COLLATE utf8mb4_0900_ai_ci DEFAULT NULL,
  `createTime` timestamp NULL DEFAULT CURRENT_TIMESTAMP,
  `updateTime` timestamp NULL DEFAULT CURRENT_TIMESTAMP ON UPDATE CURRENT_TIMESTAMP,
  PRIMARY KEY (`id`) USING BTREE,
  UNIQUE KEY `name` (`name`) USING BTREE
) ENGINE=InnoDB DEFAULT CHARSET=utf8mb4 COLLATE=utf8mb4_0900_ai_ci ROW_FORMAT=DYNAMIC;
/*!40101 SET character_set_client = @saved_cs_client */;

--
-- Dumping data for table `block`
--

LOCK TABLES `block` WRITE;
/*!40000 ALTER TABLE `block` DISABLE KEYS */;
INSERT INTO `block` VALUES ('1667028360697','上传的视频','1','每当有视频上传后，此板块就会有显示','2022-10-29 07:26:00','2022-11-24 14:05:54'),('1667028411493','热门上传视频','1','每当有视频上传后，此板块就会有显示','2022-10-29 07:26:51','2022-11-24 14:05:55'),('1667028433872','短视频','1','每当有短视频上传后，此板块就会有显示','2022-10-29 07:27:13','2022-11-24 14:05:58'),('1667028662350','创建的播放列表','3','','2022-10-29 07:31:02','2022-11-24 14:06:07'),('1667028677380','收藏的播放列表','3','','2022-10-29 07:31:17','2024-01-11 13:01:14'),('1667028710453','订阅的频道','4','显示您订阅的频道','2022-10-29 07:31:50','2022-11-24 14:06:10');
/*!40000 ALTER TABLE `block` ENABLE KEYS */;
UNLOCK TABLES;

--
-- Table structure for table `block_content`
--

DROP TABLE IF EXISTS `block_content`;
/*!40101 SET @saved_cs_client     = @@character_set_client */;
/*!50503 SET character_set_client = utf8mb4 */;
CREATE TABLE `block_content` (
  `blockId` char(50) CHARACTER SET utf8mb4 COLLATE utf8mb4_0900_ai_ci DEFAULT NULL,
  `cId` char(50) CHARACTER SET utf8mb4 COLLATE utf8mb4_0900_ai_ci DEFAULT NULL,
  `pId` char(50) CHARACTER SET utf8mb4 COLLATE utf8mb4_0900_ai_ci DEFAULT NULL,
  `vId` char(50) CHARACTER SET utf8mb4 COLLATE utf8mb4_0900_ai_ci DEFAULT NULL,
  KEY `blockId` (`blockId`) USING BTREE,
  KEY `cId` (`cId`) USING BTREE,
  KEY `pId` (`pId`) USING BTREE,
  KEY `vId` (`vId`) USING BTREE,
  CONSTRAINT `block_content_ibfk_1` FOREIGN KEY (`blockId`) REFERENCES `block` (`id`) ON DELETE CASCADE ON UPDATE CASCADE,
  CONSTRAINT `block_content_ibfk_2` FOREIGN KEY (`cId`) REFERENCES `channel` (`id`) ON DELETE CASCADE ON UPDATE CASCADE,
  CONSTRAINT `block_content_ibfk_3` FOREIGN KEY (`pId`) REFERENCES `playlist` (`id`) ON DELETE CASCADE ON UPDATE CASCADE,
  CONSTRAINT `block_content_ibfk_4` FOREIGN KEY (`vId`) REFERENCES `video` (`id`) ON DELETE CASCADE ON UPDATE CASCADE
) ENGINE=InnoDB DEFAULT CHARSET=utf8mb4 COLLATE=utf8mb4_0900_ai_ci ROW_FORMAT=DYNAMIC;
/*!40101 SET character_set_client = @saved_cs_client */;

--
-- Dumping data for table `block_content`
--

LOCK TABLES `block_content` WRITE;
/*!40000 ALTER TABLE `block_content` DISABLE KEYS */;
/*!40000 ALTER TABLE `block_content` ENABLE KEYS */;
UNLOCK TABLES;

--
-- Table structure for table `category`
--

DROP TABLE IF EXISTS `category`;
/*!40101 SET @saved_cs_client     = @@character_set_client */;
/*!50503 SET character_set_client = utf8mb4 */;
CREATE TABLE `category` (
  `id` char(50) CHARACTER SET utf8mb4 COLLATE utf8mb4_0900_ai_ci NOT NULL DEFAULT '0',
  `name` varchar(200) CHARACTER SET utf8mb4 COLLATE utf8mb4_0900_ai_ci DEFAULT NULL,
  `createTime` timestamp NULL DEFAULT CURRENT_TIMESTAMP,
  `updateTime` timestamp NULL DEFAULT CURRENT_TIMESTAMP ON UPDATE CURRENT_TIMESTAMP,
  `isExplore` int DEFAULT '0',
  PRIMARY KEY (`id`) USING BTREE,
  UNIQUE KEY `name` (`name`) USING BTREE
) ENGINE=InnoDB DEFAULT CHARSET=utf8mb4 COLLATE=utf8mb4_0900_ai_ci ROW_FORMAT=DYNAMIC;
/*!40101 SET character_set_client = @saved_cs_client */;

--
-- Dumping data for table `category`
--

LOCK TABLES `category` WRITE;
/*!40000 ALTER TABLE `category` DISABLE KEYS */;
INSERT INTO `category` VALUES ('1709726732940','短视频','2024-03-06 12:05:32','2024-03-06 12:05:32',0),('1709726739056','音乐','2024-03-06 12:05:39','2024-03-06 12:05:39',0),('1709726744101','爱豆','2024-03-06 12:05:44','2024-03-06 12:05:44',0),('1709726748303','校园','2024-03-06 12:05:48','2024-03-06 12:05:48',0),('1709726752168','怀旧','2024-03-06 12:05:52','2024-03-06 12:05:52',0),('1709726762835','童年','2024-03-06 12:06:02','2024-03-06 12:06:02',0),('1709726773338','摇滚','2024-03-06 12:06:13','2024-03-06 12:06:13',0),('1709726777884','港台','2024-03-06 12:06:17','2024-03-06 12:06:17',0),('1709726781533','动物','2024-03-06 12:06:21','2024-03-06 12:06:21',0),('1709726784965','植物','2024-03-06 12:06:24','2024-03-06 12:06:24',0),('1709726788867','美食','2024-03-06 12:06:28','2024-03-06 12:06:28',0),('1709726798997','科学','2024-03-06 12:06:38','2024-03-06 12:06:38',0),('1709726804948','计算机','2024-03-06 12:06:44','2024-03-06 12:06:44',0),('1709726816214','影视','2024-03-06 12:06:56','2024-03-06 12:06:56',0),('1709726950345','运动','2024-03-06 12:09:10','2024-03-06 12:09:10',0);
/*!40000 ALTER TABLE `category` ENABLE KEYS */;
UNLOCK TABLES;

--
-- Table structure for table `channel`
--

DROP TABLE IF EXISTS `channel`;
/*!40101 SET @saved_cs_client     = @@character_set_client */;
/*!50503 SET character_set_client = utf8mb4 */;
CREATE TABLE `channel` (
  `id` char(50) CHARACTER SET utf8mb4 COLLATE utf8mb4_0900_ai_ci NOT NULL,
  `name` varchar(500) CHARACTER SET utf8mb4 COLLATE utf8mb4_0900_ai_ci DEFAULT NULL,
  `alias` varchar(500) CHARACTER SET utf8mb4 COLLATE utf8mb4_0900_ai_ci DEFAULT NULL,
  `userId` char(50) CHARACTER SET utf8mb4 COLLATE utf8mb4_0900_ai_ci DEFAULT NULL,
  `description` text CHARACTER SET utf8mb4 COLLATE utf8mb4_0900_ai_ci,
  `official` int DEFAULT NULL,
  `trailer` char(50) CHARACTER SET utf8mb4 COLLATE utf8mb4_0900_ai_ci DEFAULT NULL,
  `featured` char(50) CHARACTER SET utf8mb4 COLLATE utf8mb4_0900_ai_ci DEFAULT NULL,
  `banner` char(50) CHARACTER SET utf8mb4 COLLATE utf8mb4_0900_ai_ci DEFAULT NULL,
  `createTime` timestamp NULL DEFAULT CURRENT_TIMESTAMP,
  `updateTime` timestamp NULL DEFAULT CURRENT_TIMESTAMP ON UPDATE CURRENT_TIMESTAMP,
  PRIMARY KEY (`id`) USING BTREE,
  UNIQUE KEY `name` (`name`) USING BTREE
) ENGINE=InnoDB DEFAULT CHARSET=utf8mb4 COLLATE=utf8mb4_0900_ai_ci ROW_FORMAT=DYNAMIC;
/*!40101 SET character_set_client = @saved_cs_client */;

--
-- Dumping data for table `channel`
--

LOCK TABLES `channel` WRITE;
/*!40000 ALTER TABLE `channel` DISABLE KEYS */;
INSERT INTO `channel` VALUES ('1709726632143','叶子',NULL,'1709726632137','真不错',NULL,'1709727694829','1709968946947','1709735232954','2024-03-06 12:03:52','2024-03-10 06:31:41'),('1709726637541','guobin',NULL,'1709726637539',NULL,NULL,NULL,NULL,NULL,'2024-03-06 12:03:57','2024-03-06 12:03:57'),('1709728495275','BugMa',NULL,'1709728495272',NULL,NULL,NULL,NULL,NULL,'2024-03-06 12:34:55','2024-03-06 12:34:55'),('1709729533924','小夜刀',NULL,'1709729533921',NULL,NULL,NULL,NULL,NULL,'2024-03-06 12:52:13','2024-03-06 12:52:13'),('1709730195055','音乐','音乐','1709730195053','耳朵怀孕系列',1,NULL,NULL,'1709731222196','2024-03-06 13:03:15','2024-03-06 13:20:23'),('1709730357382','游戏',NULL,'1709730357380',NULL,NULL,NULL,NULL,'1709965974961','2024-03-06 13:05:57','2024-03-09 06:32:54'),('1709730362357','新闻',NULL,'1709730362355',NULL,NULL,NULL,NULL,'1709965903836','2024-03-06 13:06:02','2024-03-09 06:31:43'),('1709730367419','学习',NULL,'1709730367418',NULL,NULL,NULL,NULL,'1709965811151','2024-03-06 13:06:07','2024-03-09 06:30:11'),('1709730372558','体育','运动','1709730372557','足球篮球',1,NULL,NULL,'1709731148579','2024-03-06 13:06:12','2024-03-06 13:19:09'),('1709730380641','电影和节目','影视','1709730380639','收集相关影视资料学习',0,NULL,NULL,'1709731003611','2024-03-06 13:06:20','2024-03-06 13:17:05'),('1709733343051','特朗普',NULL,'1709733343047',NULL,NULL,NULL,NULL,NULL,'2024-03-06 13:55:43','2024-03-06 13:55:43'),('1709820642244','梅子',NULL,'1709820642242',NULL,NULL,'1709902167810','1709901682371','1709972006626','2024-03-07 14:10:42','2024-03-09 08:13:47'),('1709902530673','旎旎',NULL,'1709902530670',NULL,NULL,NULL,NULL,NULL,'2024-03-08 12:55:30','2024-03-08 12:55:30'),('1709905648924','鞋底的石子儿',NULL,'1709905648920',NULL,NULL,NULL,NULL,NULL,'2024-03-08 13:47:28','2024-03-08 13:47:28'),('1709962443379','郭嘉',NULL,'1709962443377',NULL,NULL,NULL,NULL,NULL,'2024-03-09 05:34:03','2024-03-09 05:34:03'),('1709963638255','叉叉',NULL,'1709963638248','太棒了，这里',NULL,'1709963889528','1709964424184','1709967662621','2024-03-09 05:53:58','2024-03-09 07:01:48'),('1709964349422','亲亲',NULL,'1709964349418',NULL,NULL,'1709964424184','1709966991829','1709967248841','2024-03-09 06:05:49','2024-03-09 06:54:08'),('1709968099991','橙子',NULL,'1709968099989',NULL,NULL,NULL,NULL,NULL,'2024-03-09 07:08:19','2024-03-09 07:08:19'),('1709968338870','ln',NULL,'1709968338867',NULL,NULL,NULL,NULL,NULL,'2024-03-09 07:12:18','2024-03-09 07:12:18'),('1709968523873','浪花',NULL,'1709968523870',NULL,NULL,NULL,NULL,NULL,'2024-03-09 07:15:23','2024-03-09 07:15:23'),('1710054197923','欢喜',NULL,'1710054197921','我太爱这个网站了',NULL,'1710054284377','1709968946947','1710054243291','2024-03-10 07:03:17','2024-03-10 07:05:22');
/*!40000 ALTER TABLE `channel` ENABLE KEYS */;
UNLOCK TABLES;

--
-- Table structure for table `chat`
--

DROP TABLE IF EXISTS `chat`;
/*!40101 SET @saved_cs_client     = @@character_set_client */;
/*!50503 SET character_set_client = utf8mb4 */;
CREATE TABLE `chat` (
  `id` char(50) CHARACTER SET utf8mb4 COLLATE utf8mb4_0900_ai_ci NOT NULL,
  `content` text CHARACTER SET utf8mb4 COLLATE utf8mb4_0900_ai_ci,
  `sourceUser` char(50) CHARACTER SET utf8mb4 COLLATE utf8mb4_0900_ai_ci DEFAULT NULL,
  `online` int DEFAULT NULL,
  `targetUser` char(50) CHARACTER SET utf8mb4 COLLATE utf8mb4_0900_ai_ci DEFAULT NULL,
  `deleteUser` text CHARACTER SET utf8mb4 COLLATE utf8mb4_0900_ai_ci,
  `createTime` timestamp NULL DEFAULT CURRENT_TIMESTAMP,
  `updateTime` timestamp NULL DEFAULT CURRENT_TIMESTAMP ON UPDATE CURRENT_TIMESTAMP,
  PRIMARY KEY (`id`) USING BTREE
) ENGINE=InnoDB DEFAULT CHARSET=utf8mb4 COLLATE=utf8mb4_0900_ai_ci ROW_FORMAT=DYNAMIC;
/*!40101 SET character_set_client = @saved_cs_client */;

--
-- Dumping data for table `chat`
--

LOCK TABLES `chat` WRITE;
/*!40000 ALTER TABLE `chat` DISABLE KEYS */;
INSERT INTO `chat` VALUES ('1710052405625','今天适合学习','1709726632137',0,'1709728495272',NULL,'2024-03-10 06:33:25','2024-03-10 06:33:25'),('1710053802681','橙子你好','1709726632137',0,'1709968099989',NULL,'2024-03-10 06:56:42','2024-03-10 06:56:42'),('1710053833049','今天是个学习的好日子','1709968099989',1,'1709726632137',NULL,'2024-03-10 06:57:13','2024-03-10 06:57:13'),('1710053843461','最近在学java','1709726632137',1,'1709968099989',NULL,'2024-03-10 06:57:23','2024-03-10 06:57:23'),('1710053853762','应该学前端哈哈哈','1709968099989',1,'1709726632137',NULL,'2024-03-10 06:57:33','2024-03-10 06:57:33');
/*!40000 ALTER TABLE `chat` ENABLE KEYS */;
UNLOCK TABLES;

--
-- Table structure for table `collection`
--

DROP TABLE IF EXISTS `collection`;
/*!40101 SET @saved_cs_client     = @@character_set_client */;
/*!50503 SET character_set_client = utf8mb4 */;
CREATE TABLE `collection` (
  `id` char(50) CHARACTER SET utf8mb4 COLLATE utf8mb4_0900_ai_ci NOT NULL,
  `name` varchar(200) CHARACTER SET utf8mb4 COLLATE utf8mb4_0900_ai_ci DEFAULT NULL,
  `cover` varchar(255) CHARACTER SET utf8mb4 COLLATE utf8mb4_0900_ai_ci DEFAULT NULL,
  `description` text CHARACTER SET utf8mb4 COLLATE utf8mb4_0900_ai_ci,
  `userId` char(50) CHARACTER SET utf8mb4 COLLATE utf8mb4_0900_ai_ci DEFAULT NULL,
  `createTime` timestamp NULL DEFAULT CURRENT_TIMESTAMP,
  `updateTime` timestamp NULL DEFAULT CURRENT_TIMESTAMP ON UPDATE CURRENT_TIMESTAMP,
  PRIMARY KEY (`id`) USING BTREE,
  UNIQUE KEY `name` (`name`) USING BTREE,
  KEY `collection_userId_fk` (`userId`) USING BTREE,
  CONSTRAINT `collection_userId_fk` FOREIGN KEY (`userId`) REFERENCES `user` (`userId`) ON DELETE CASCADE ON UPDATE CASCADE
) ENGINE=InnoDB DEFAULT CHARSET=utf8mb4 COLLATE=utf8mb4_0900_ai_ci ROW_FORMAT=DYNAMIC;
/*!40101 SET character_set_client = @saved_cs_client */;

--
-- Dumping data for table `collection`
--

LOCK TABLES `collection` WRITE;
/*!40000 ALTER TABLE `collection` DISABLE KEYS */;
INSERT INTO `collection` VALUES ('1709730235010','唯美音乐','1709730233852','聆听内心的声音','1709730195053','2024-03-06 13:03:55','2024-03-06 13:03:55'),('1709730282205','那些你熟悉却又不知道名字的轻音乐','1709730281330','只听一小会你就会爱上它。音乐就像生活，有开心也会有低落的时候，anyway','1709730195053','2024-03-06 13:04:42','2024-03-06 13:04:42'),('1709730326489','8090后专属怀旧老歌合集','1709730325531','8090后的老歌来了','1709730195053','2024-03-06 13:05:26','2024-03-06 13:05:26'),('1709730435208','华语民谣，因为懂得才有共鸣','1709730434023','民谣是最安静的角落，民谣是一种诉说，包含了一种朴素的情感，在听的过程中可能会与自己的故事契合，产生共鸣，100首华语民谣，因为懂得才有共鸣。','1709730195053','2024-03-06 13:07:15','2024-03-06 13:07:15');
/*!40000 ALTER TABLE `collection` ENABLE KEYS */;
UNLOCK TABLES;

--
-- Table structure for table `collection_video`
--

DROP TABLE IF EXISTS `collection_video`;
/*!40101 SET @saved_cs_client     = @@character_set_client */;
/*!50503 SET character_set_client = utf8mb4 */;
CREATE TABLE `collection_video` (
  `cId` char(50) CHARACTER SET utf8mb4 COLLATE utf8mb4_0900_ai_ci NOT NULL,
  `vId` char(50) CHARACTER SET utf8mb4 COLLATE utf8mb4_0900_ai_ci NOT NULL,
  `sort` int NOT NULL,
  PRIMARY KEY (`cId`,`vId`) USING BTREE
) ENGINE=InnoDB DEFAULT CHARSET=utf8mb4 COLLATE=utf8mb4_0900_ai_ci ROW_FORMAT=DYNAMIC;
/*!40101 SET character_set_client = @saved_cs_client */;

--
-- Dumping data for table `collection_video`
--

LOCK TABLES `collection_video` WRITE;
/*!40000 ALTER TABLE `collection_video` DISABLE KEYS */;
INSERT INTO `collection_video` VALUES ('1709730235010','1709727158279',12),('1709730235010','1709727225326',12),('1709730235010','1709727360760',12),('1709730235010','1709727694829',12),('1709730282205','1709728097869',12),('1709730282205','1709728442684',12),('1709730282205','1709728788586',12),('1709730282205','1709728917857',12),('1709730282205','1709729476568',12),('1709730282205','1709729514660',12),('1709730282205','1709729818524',12),('1709730282205','1709730058428',12),('1709730282205','1709730689098',12),('1709730326489','1709901525538',12),('1709730326489','1709901682371',12),('1709730326489','1709901732306',12),('1709730326489','1709902167810',12),('1709730326489','1709902212933',12),('1709730326489','1709902491136',12),('1709730326489','1709902846546',12),('1709730326489','1709903103144',12),('1709730326489','1709903474181',12),('1709730435208','1709903824403',12),('1709730435208','1709903878483',12),('1709730435208','1709904147909',12),('1709730435208','1709904597222',12),('1709730435208','1709904846470',12),('1709730435208','1709905956013',12),('1709730435208','1709906040181',12),('1709730435208','1709906184558',12),('1709730435208','1709906560937',12),('1709966090765','1709906040181',12),('1709966090765','1709962703249',12),('1709966090765','1709963106823',12),('1709966090765','1709963889528',12),('1709966090765','1709964765739',12);
/*!40000 ALTER TABLE `collection_video` ENABLE KEYS */;
UNLOCK TABLES;

--
-- Table structure for table `comment`
--

DROP TABLE IF EXISTS `comment`;
/*!40101 SET @saved_cs_client     = @@character_set_client */;
/*!50503 SET character_set_client = utf8mb4 */;
CREATE TABLE `comment` (
  `id` char(50) CHARACTER SET utf8mb4 COLLATE utf8mb4_0900_ai_ci NOT NULL,
  `content` text CHARACTER SET utf8mb4 COLLATE utf8mb4_0900_ai_ci,
  `userId` char(50) CHARACTER SET utf8mb4 COLLATE utf8mb4_0900_ai_ci DEFAULT NULL,
  `vId` char(50) CHARACTER SET utf8mb4 COLLATE utf8mb4_0900_ai_ci DEFAULT NULL,
  `replyId` char(50) CHARACTER SET utf8mb4 COLLATE utf8mb4_0900_ai_ci DEFAULT NULL,
  `createTime` timestamp NULL DEFAULT CURRENT_TIMESTAMP,
  `updateTime` timestamp NULL DEFAULT CURRENT_TIMESTAMP ON UPDATE CURRENT_TIMESTAMP,
  `mId` char(50) CHARACTER SET utf8mb4 COLLATE utf8mb4_0900_ai_ci DEFAULT NULL,
  PRIMARY KEY (`id`) USING BTREE,
  KEY `userId` (`userId`) USING BTREE,
  KEY `vId` (`vId`) USING BTREE,
  KEY `replyId` (`replyId`) USING BTREE,
  KEY `comment_ibfk_4` (`mId`) USING BTREE,
  CONSTRAINT `comment_ibfk_1` FOREIGN KEY (`userId`) REFERENCES `user` (`userId`) ON DELETE CASCADE ON UPDATE CASCADE,
  CONSTRAINT `comment_ibfk_2` FOREIGN KEY (`vId`) REFERENCES `video` (`id`) ON DELETE CASCADE ON UPDATE CASCADE,
  CONSTRAINT `comment_ibfk_3` FOREIGN KEY (`replyId`) REFERENCES `comment` (`id`) ON DELETE CASCADE ON UPDATE CASCADE,
  CONSTRAINT `comment_ibfk_4` FOREIGN KEY (`mId`) REFERENCES `moment` (`id`) ON DELETE CASCADE ON UPDATE CASCADE
) ENGINE=InnoDB DEFAULT CHARSET=utf8mb4 COLLATE=utf8mb4_0900_ai_ci ROW_FORMAT=DYNAMIC;
/*!40101 SET character_set_client = @saved_cs_client */;

--
-- Dumping data for table `comment`
--

LOCK TABLES `comment` WRITE;
/*!40000 ALTER TABLE `comment` DISABLE KEYS */;
INSERT INTO `comment` VALUES ('1709731633317','豫章（南昌）故郡，洪都新府。星分翼轸（zhěn），地接衡庐。襟三江而带五湖，控蛮荆而引瓯（ōu）越。物华天宝，龙光射牛斗之墟；人杰地灵，徐孺下陈蕃（fān）之榻（tà）。雄州雾列，俊采星驰。台隍（huáng）枕夷夏之交','1709729533921','1709727158279',NULL,'2024-03-06 13:27:13','2024-03-06 13:27:13',NULL),('1709731644064','豫章（南昌）故郡，洪都新府。星分翼轸（zhěn），地接衡庐。襟三江而带五湖，控蛮荆而引瓯（ōu）越。物华天宝，龙光射牛斗之墟；人杰地灵，徐孺下陈蕃（fān）之榻（tà）。雄州雾列，俊采星驰。台隍（huáng）枕夷夏之交','1709729533921','1709728097869',NULL,'2024-03-06 13:27:24','2024-03-06 13:27:24',NULL),('1709731656397','时维九月，序属三秋。潦（lǎo）水尽而寒潭清，烟光凝而暮山紫。俨（yǎn）骖（cān）騑（fēi）于上路，访风景于崇阿（ē）。临帝子之长洲，得仙人（天人）之旧馆。层台（峦）耸翠，上出重霄；飞阁流（翔）丹','1709729533921','1709728917857',NULL,'2024-03-06 13:27:36','2024-03-06 13:27:36',NULL),('1709731664530','时维九月，序属三秋。潦（lǎo）水尽而寒潭清，烟光凝而暮山紫。俨（yǎn）骖（cān）騑（fēi）于上路，访风景于崇阿（ē）。临帝子之长洲，得仙人（天人）之旧馆。层台（峦）耸翠，上出重霄；飞阁流（翔）丹','1709729533921','1709728788586',NULL,'2024-03-06 13:27:44','2024-03-06 13:27:44',NULL),('1709731669949','时维九月，序属三秋。潦（lǎo）水尽而寒潭清，烟光凝而暮山紫。俨（yǎn）骖（cān）騑（fēi）于上路，访风景于崇阿（ē）。临帝子之长洲，得仙人（天人）之旧馆。层台（峦）耸翠，上出重霄；飞阁流（翔）丹','1709729533921','1709729476568',NULL,'2024-03-06 13:27:49','2024-03-06 13:27:49',NULL),('1709731682803','遥吟（襟）俯（甫）畅，逸兴遄（chuán）飞。爽籁发而清风生，纤歌凝而白云遏（è）。睢（suī）园绿竹，气凌彭泽之樽（zūn）；邺（yè）水朱华，光照临川之笔。四美具，二难并。穷睇眄（dìmiǎn）于中天，极娱游于暇日。天高地迥（jiǒng），觉宇宙之无穷；兴尽悲来，识盈虚之有数。望长安于日下，目吴会（kuài）于云间','1709729533921','1709728442684',NULL,'2024-03-06 13:28:02','2024-03-06 13:28:02',NULL),('1709731694815','遥吟（襟）俯（甫）畅，逸兴遄（chuán）飞。爽籁发而清风生，纤歌凝而白云遏（è）。睢（suī）园绿竹，气凌彭泽之樽（zūn）；邺（yè）水朱华，光照临川之笔。四美具，二难并。穷睇眄（dìmiǎn）于中天，极娱游于暇日。天高地迥（jiǒng），觉宇宙之无穷；兴尽悲来，识盈虚之有数。望长安于日下，目吴会（kuài）于云间','1709729533921','1709727360760',NULL,'2024-03-06 13:28:14','2024-03-06 13:28:14',NULL),('1709731704099','遥吟（襟）俯（甫）畅，逸兴遄（chuán）飞。爽籁发而清风生，纤歌凝而白云遏（è）。睢（suī）园绿竹，气凌彭泽之樽（zūn）；邺（yè）水朱华，光照临川之笔。四美具，二难并。穷睇眄（dìmiǎn）于中天，极娱游于暇日。天高地迥（jiǒng），觉宇宙之无穷；兴尽悲来，识盈虚之有数。望长安于日下，目吴会（kuài）于云间','1709729533921','1709729514660',NULL,'2024-03-06 13:28:24','2024-03-06 13:28:24',NULL),('1709731709931','遥吟（襟）俯（甫）畅，逸兴遄（chuán）飞。爽籁发而清风生，纤歌凝而白云遏（è）。睢（suī）园绿竹，气凌彭泽之樽（zūn）；邺（yè）水朱华，光照临川之笔。四美具，二难并。穷睇眄（dìmiǎn）于中天，极娱游于暇日。天高地迥（jiǒng），觉宇宙之无穷；兴尽悲来，识盈虚之有数。望长安于日下，目吴会（kuài）于云间','1709729533921','1709729818524',NULL,'2024-03-06 13:28:29','2024-03-06 13:28:29',NULL),('1709731721998','嗟乎！时运不齐，命途多舛（chuǎn）。冯唐易老，李广难封。屈贾谊于长沙，非无圣主；窜梁鸿于海曲，岂乏明时？所赖君子安贫（见机），达人知命。老当益壮，宁移白首之心？穷且益坚，不坠青云之志','1709729533921','1709727225326',NULL,'2024-03-06 13:28:41','2024-03-06 13:28:41',NULL),('1709731741300','披绣闼（tà），俯雕甍（méng），山原旷其盈视，川泽纡其骇瞩。闾阎（lǘyán）扑地，钟鸣鼎食之家；舸（gě）舰迷（弥）津，青雀黄龙之轴（通：舳zhú）。云销雨霁，彩彻区明。落霞与孤鹜齐飞，秋水共长天一色','1709726632137','1709731599134',NULL,'2024-03-06 13:29:01','2024-03-06 13:29:01',NULL),('1709731747684','披绣闼（tà），俯雕甍（méng），山原旷其盈视，川泽纡其骇瞩。闾阎（lǘyán）扑地，钟鸣鼎食之家；舸（gě）舰迷（弥）津，青雀黄龙之轴（通：舳zhú）。云销雨霁，彩彻区明。落霞与孤鹜齐飞，秋水共长天一色','1709726632137','1709731471688',NULL,'2024-03-06 13:29:07','2024-03-06 13:29:07',NULL),('1709731754554','披绣闼（tà），俯雕甍（méng），山原旷其盈视，川泽纡其骇瞩。闾阎（lǘyán）扑地，钟鸣鼎食之家；舸（gě）舰迷（弥）津，青雀黄龙之轴（通：舳zhú）。云销雨霁，彩彻区明。落霞与孤鹜齐飞，秋水共长天一色','1709726632137','1709730689098',NULL,'2024-03-06 13:29:14','2024-03-06 13:29:14',NULL),('1709731762299','披绣闼（tà），俯雕甍（méng），山原旷其盈视，川泽纡其骇瞩。闾阎（lǘyán）扑地，钟鸣鼎食之家；舸（gě）舰迷（弥）津，青雀黄龙之轴（通：舳zhú）。云销雨霁，彩彻区明。落霞与孤鹜齐飞，秋水共长天一色','1709726632137','1709730058428',NULL,'2024-03-06 13:29:22','2024-03-06 13:29:22',NULL),('1709731768884','披绣闼（tà），俯雕甍（méng），山原旷其盈视，川泽纡其骇瞩。闾阎（lǘyán）扑地，钟鸣鼎食之家；舸（gě）舰迷（弥）津，青雀黄龙之轴（通：舳zhú）。云销雨霁，彩彻区明。落霞与孤鹜齐飞，秋水共长天一色','1709726632137','1709729818524',NULL,'2024-03-06 13:29:28','2024-03-06 13:29:28',NULL),('1709731774964','披绣闼（tà），俯雕甍（méng），山原旷其盈视，川泽纡其骇瞩。闾阎（lǘyán）扑地，钟鸣鼎食之家；舸（gě）舰迷（弥）津，青雀黄龙之轴（通：舳zhú）。云销雨霁，彩彻区明。落霞与孤鹜齐飞，秋水共长天一色','1709726632137','1709729514660',NULL,'2024-03-06 13:29:34','2024-03-06 13:29:34',NULL),('1709731779930','披绣闼（tà），俯雕甍（méng），山原旷其盈视，川泽纡其骇瞩。闾阎（lǘyán）扑地，钟鸣鼎食之家；舸（gě）舰迷（弥）津，青雀黄龙之轴（通：舳zhú）。云销雨霁，彩彻区明。落霞与孤鹜齐飞，秋水共长天一色','1709726632137','1709729476568',NULL,'2024-03-06 13:29:39','2024-03-06 13:29:39',NULL),('1709731785881','披绣闼（tà），俯雕甍（méng），山原旷其盈视，川泽纡其骇瞩。闾阎（lǘyán）扑地，钟鸣鼎食之家；舸（gě）舰迷（弥）津，青雀黄龙之轴（通：舳zhú）。云销雨霁，彩彻区明。落霞与孤鹜齐飞，秋水共长天一色','1709726632137','1709728917857',NULL,'2024-03-06 13:29:45','2024-03-06 13:29:45',NULL),('1709731792199','披绣闼（tà），俯雕甍（méng），山原旷其盈视，川泽纡其骇瞩。闾阎（lǘyán）扑地，钟鸣鼎食之家；舸（gě）舰迷（弥）津，青雀黄龙之轴（通：舳zhú）。云销雨霁，彩彻区明。落霞与孤鹜齐飞，秋水共长天一色','1709726632137','1709728442684',NULL,'2024-03-06 13:29:52','2024-03-06 13:29:52',NULL),('1709731799731','披绣闼（tà），俯雕甍（méng），山原旷其盈视，川泽纡其骇瞩。闾阎（lǘyán）扑地，钟鸣鼎食之家；舸（gě）舰迷（弥）津，青雀黄龙之轴（通：舳zhú）。云销雨霁，彩彻区明。落霞与孤鹜齐飞，秋水共长天一色','1709726632137','1709728788586',NULL,'2024-03-06 13:29:59','2024-03-06 13:29:59',NULL),('1709731830601','遥吟（襟）俯（甫）畅，逸兴遄（chuán）飞。爽籁发而清风生，纤歌凝而白云遏（è）。睢（suī）园绿竹，气凌彭泽之樽（zūn）；邺（yè）水朱华，光照临川之笔。四美具，二难并。穷睇眄（dìmiǎn）于中天，极娱游于暇日。天高地迥（jiǒng），觉宇宙之无穷；兴尽悲来，识盈虚之有数。望长安于日下','1709728495272','1709731599134',NULL,'2024-03-06 13:30:30','2024-03-06 13:30:30',NULL),('1709731836986','遥吟（襟）俯（甫）畅，逸兴遄（chuán）飞。爽籁发而清风生，纤歌凝而白云遏（è）。睢（suī）园绿竹，气凌彭泽之樽（zūn）；邺（yè）水朱华，光照临川之笔。四美具，二难并。穷睇眄（dìmiǎn）于中天，极娱游于暇日。天高地迥（jiǒng），觉宇宙之无穷；兴尽悲来，识盈虚之有数。望长安于日下','1709728495272','1709731471688',NULL,'2024-03-06 13:30:36','2024-03-06 13:30:36',NULL),('1709731843530','遥吟（襟）俯（甫）畅，逸兴遄（chuán）飞。爽籁发而清风生，纤歌凝而白云遏（è）。睢（suī）园绿竹，气凌彭泽之樽（zūn）；邺（yè）水朱华，光照临川之笔。四美具，二难并。穷睇眄（dìmiǎn）于中天，极娱游于暇日。天高地迥（jiǒng），觉宇宙之无穷；兴尽悲来，识盈虚之有数。望长安于日下','1709728495272','1709730689098',NULL,'2024-03-06 13:30:43','2024-03-06 13:30:43',NULL),('1709731848530','遥吟（襟）俯（甫）畅，逸兴遄（chuán）飞。爽籁发而清风生，纤歌凝而白云遏（è）。睢（suī）园绿竹，气凌彭泽之樽（zūn）；邺（yè）水朱华，光照临川之笔。四美具，二难并。穷睇眄（dìmiǎn）于中天，极娱游于暇日。天高地迥（jiǒng），觉宇宙之无穷；兴尽悲来，识盈虚之有数。望长安于日下','1709728495272','1709730058428',NULL,'2024-03-06 13:30:48','2024-03-06 13:30:48',NULL),('1709731854915','遥吟（襟）俯（甫）畅，逸兴遄（chuán）飞。爽籁发而清风生，纤歌凝而白云遏（è）。睢（suī）园绿竹，气凌彭泽之樽（zūn）；邺（yè）水朱华，光照临川之笔。四美具，二难并。穷睇眄（dìmiǎn）于中天，极娱游于暇日。天高地迥（jiǒng），觉宇宙之无穷；兴尽悲来，识盈虚之有数。望长安于日下','1709728495272','1709729818524',NULL,'2024-03-06 13:30:54','2024-03-06 13:30:54',NULL),('1709731860498','遥吟（襟）俯（甫）畅，逸兴遄（chuán）飞。爽籁发而清风生，纤歌凝而白云遏（è）。睢（suī）园绿竹，气凌彭泽之樽（zūn）；邺（yè）水朱华，光照临川之笔。四美具，二难并。穷睇眄（dìmiǎn）于中天，极娱游于暇日。天高地迥（jiǒng），觉宇宙之无穷；兴尽悲来，识盈虚之有数。望长安于日下','1709728495272','1709729514660',NULL,'2024-03-06 13:31:00','2024-03-06 13:31:00',NULL),('1709731865647','遥吟（襟）俯（甫）畅，逸兴遄（chuán）飞。爽籁发而清风生，纤歌凝而白云遏（è）。睢（suī）园绿竹，气凌彭泽之樽（zūn）；邺（yè）水朱华，光照临川之笔。四美具，二难并。穷睇眄（dìmiǎn）于中天，极娱游于暇日。天高地迥（jiǒng），觉宇宙之无穷；兴尽悲来，识盈虚之有数。望长安于日下','1709728495272','1709729476568',NULL,'2024-03-06 13:31:05','2024-03-06 13:31:05',NULL),('1709731872397','遥吟（襟）俯（甫）畅，逸兴遄（chuán）飞。爽籁发而清风生，纤歌凝而白云遏（è）。睢（suī）园绿竹，气凌彭泽之樽（zūn）；邺（yè）水朱华，光照临川之笔。四美具，二难并。穷睇眄（dìmiǎn）于中天，极娱游于暇日。天高地迥（jiǒng），觉宇宙之无穷；兴尽悲来，识盈虚之有数。望长安于日下','1709728495272','1709728442684',NULL,'2024-03-06 13:31:12','2024-03-06 13:31:12',NULL),('1709731878212','遥吟（襟）俯（甫）畅，逸兴遄（chuán）飞。爽籁发而清风生，纤歌凝而白云遏（è）。睢（suī）园绿竹，气凌彭泽之樽（zūn）；邺（yè）水朱华，光照临川之笔。四美具，二难并。穷睇眄（dìmiǎn）于中天，极娱游于暇日。天高地迥（jiǒng），觉宇宙之无穷；兴尽悲来，识盈虚之有数。望长安于日下','1709728495272','1709728097869',NULL,'2024-03-06 13:31:18','2024-03-06 13:31:18',NULL),('1709731885398','遥吟（襟）俯（甫）畅，逸兴遄（chuán）飞。爽籁发而清风生，纤歌凝而白云遏（è）。睢（suī）园绿竹，气凌彭泽之樽（zūn）；邺（yè）水朱华，光照临川之笔。四美具，二难并。穷睇眄（dìmiǎn）于中天，极娱游于暇日。天高地迥（jiǒng），觉宇宙之无穷；兴尽悲来，识盈虚之有数。望长安于日下','1709728495272','1709727694829',NULL,'2024-03-06 13:31:25','2024-03-06 13:31:25',NULL),('1709731891597','遥吟（襟）俯（甫）畅，逸兴遄（chuán）飞。爽籁发而清风生，纤歌凝而白云遏（è）。睢（suī）园绿竹，气凌彭泽之樽（zūn）；邺（yè）水朱华，光照临川之笔。四美具，二难并。穷睇眄（dìmiǎn）于中天，极娱游于暇日。天高地迥（jiǒng），觉宇宙之无穷；兴尽悲来，识盈虚之有数。望长安于日下','1709728495272','1709727360760',NULL,'2024-03-06 13:31:31','2024-03-06 13:31:31',NULL),('1709731897014','遥吟（襟）俯（甫）畅，逸兴遄（chuán）飞。爽籁发而清风生，纤歌凝而白云遏（è）。睢（suī）园绿竹，气凌彭泽之樽（zūn）；邺（yè）水朱华，光照临川之笔。四美具，二难并。穷睇眄（dìmiǎn）于中天，极娱游于暇日。天高地迥（jiǒng），觉宇宙之无穷；兴尽悲来，识盈虚之有数。望长安于日下','1709728495272','1709727158279',NULL,'2024-03-06 13:31:37','2024-03-06 13:31:37',NULL),('1709733145297','勃，三尺微命，一介书生。无路请缨，等终军之弱冠；有怀投笔，慕（爱）宗悫（què）之长风。舍簪（zān）笏（hù）于百龄，奉晨昏于万里。非谢家之宝树，接孟氏之芳邻。他日趋庭，叨（tāo）陪鲤对；今兹（晨）捧袂，喜托龙门。杨意不逢，抚凌云而自惜；钟期既（相）遇，奏流水以何惭？','1709728495272','1709728917857',NULL,'2024-03-06 13:52:25','2024-03-06 13:52:25',NULL),('1709733174680','呜乎！胜地不常，盛筵难再；兰亭已矣，梓（zǐ）泽丘墟。临别赠言，幸承恩于伟饯；登高作赋，是所望于群公。敢竭鄙怀（诚），恭疏短引；一言均赋，四韵俱成。请洒潘江，各倾陆海云尔','1709728495272','1709733037458',NULL,'2024-03-06 13:52:54','2024-03-06 13:52:54',NULL),('1709733198615','披绣闼（tà），俯雕甍（méng），山原旷其盈视，川泽纡其骇瞩。闾阎（lǘyán）扑地，钟鸣鼎食之家；舸（gě）舰迷（弥）津，青雀黄龙之轴（通：舳zhú）。云销雨霁，彩彻区明。落霞与孤鹜齐飞，秋水共长天一色。','1709728495272','1709732612806',NULL,'2024-03-06 13:53:18','2024-03-06 13:53:18',NULL),('1709733395580','时维九月，序属三秋。潦（lǎo）水尽而寒潭清，烟光凝而暮山紫。俨（yǎn）骖（cān）騑（fēi）于上路，访风景于崇阿（ē）。临帝子之长洲，得仙人（天人）之旧馆。层台（峦）耸翠，上出重霄；飞阁流（翔）丹，下临无地。鹤汀（tīng）凫（fú）渚（zhǔ），穷岛屿之萦回；桂殿兰宫，列（即）冈峦之体势','1709733343047','1709733037458',NULL,'2024-03-06 13:56:35','2024-03-06 13:56:35',NULL),('1709733406599','披绣闼（tà），俯雕甍（méng），山原旷其盈视，川泽纡其骇瞩。闾阎（lǘyán）扑地，钟鸣鼎食之家；舸（gě）舰迷（弥）津，青雀黄龙之轴（通：舳zhú）。云销雨霁，彩彻区明。落霞与孤鹜齐飞，秋水共长天一色。渔舟唱晚，响穷彭蠡（lǐ）之滨，雁阵惊寒，声断衡阳之浦','1709733343047','1709732612806',NULL,'2024-03-06 13:56:46','2024-03-06 13:56:46',NULL),('1709733416895','遥吟（襟）俯（甫）畅，逸兴遄（chuán）飞。爽籁发而清风生，纤歌凝而白云遏（è）。睢（suī）园绿竹，气凌彭泽之樽（zūn）；邺（yè）水朱华，光照临川之笔。四美具，二难并。穷睇眄（dìmiǎn）于中天，极娱游于暇日。天高地迥','1709733343047','1709727694829',NULL,'2024-03-06 13:56:56','2024-03-06 13:56:56',NULL),('1709733430916','嗟乎！时运不齐，命途多舛（chuǎn）。冯唐易老，李广难封。屈贾谊于长沙，非无圣主；窜梁鸿于海曲，岂乏明时？所赖君子安贫（见机），达人知命。老当益壮，宁移白首之心？穷且益坚，不坠青云之志。酌贪泉而觉爽，处涸辙（hézhé）以（而）犹（相）欢。北海虽赊（shē），扶摇可接；东隅（yú）已逝，桑榆非晚','1709733343047','1709727225326',NULL,'2024-03-06 13:57:10','2024-03-06 13:57:10',NULL),('1709733443748','勃，三尺微命，一介书生。无路请缨，等终军之弱冠；有怀投笔，慕（爱）宗悫（què）之长风。舍簪（zān）笏（hù）于百龄，奉晨昏于万里。非谢家之宝树，接孟氏之芳邻。他日趋庭，叨（tāo）陪鲤对；今兹（晨）捧袂，喜托龙门。杨意不逢，抚凌云而自惜；钟期既（相）遇，奏流水以何惭？','1709733343047','1709732368308',NULL,'2024-03-06 13:57:23','2024-03-06 13:57:23',NULL),('1709733455964','呜乎！胜地不常，盛筵难再；兰亭已矣，梓（zǐ）泽丘墟。临别赠言，幸承恩于伟饯；登高作赋，是所望于群公。敢竭鄙怀（诚），恭疏短引','1709733343047','1709731599134',NULL,'2024-03-06 13:57:35','2024-03-06 13:57:35',NULL),('1709733469763','　嗟乎！时运不齐，命途多舛（chuǎn）。冯唐易老，李广难封。屈贾谊于长沙，非无圣主；窜梁鸿于海曲，岂乏明时？所赖君子安贫（见机），达人知命。老当益壮，宁移白首之心？穷且益坚，不坠青云之志','1709733343047','1709727158279',NULL,'2024-03-06 13:57:49','2024-03-06 13:57:49',NULL),('1709733478752','勃，三尺微命，一介书生。无路请缨，等终军之弱冠；有怀投笔，慕（爱）宗悫（què）之长风。舍簪（zān）笏（hù）于百龄，奉晨昏于万里。非谢家之宝树，接孟氏之芳邻。他日趋庭，叨（tāo）陪鲤对','1709733343047','1709731471688',NULL,'2024-03-06 13:57:58','2024-03-06 13:57:58',NULL),('1709733487632','嗟乎！时运不齐，命途多舛（chuǎn）。冯唐易老，李广难封。屈贾谊于长沙，非无圣主；窜梁鸿于海曲，岂乏明时？所赖君子安贫（见机），达人知命。老当益壮，宁移白首之心？穷且益坚，不坠青云之志。酌贪泉而觉爽，处涸辙（hézhé）以（而）犹（相）欢。北海虽赊（shē），扶摇可接；东隅（yú）已逝','1709733343047','1709731471688',NULL,'2024-03-06 13:58:07','2024-03-06 13:58:07',NULL),('1709733499596','遥吟（襟）俯（甫）畅，逸兴遄（chuán）飞。爽籁发而清风生，纤歌凝而白云遏（è）。睢（suī）园绿竹，气凌彭泽之樽（zūn）；邺（yè）水朱华，光照临川之笔。四美具，二难并。穷睇眄（dìmiǎn）于中天，极娱游于暇日','1709733343047','1709730058428',NULL,'2024-03-06 13:58:19','2024-03-06 13:58:19',NULL),('1709733517550','时维九月，序属三秋。潦（lǎo）水尽而寒潭清，烟光凝而暮山紫。俨（yǎn）骖（cān）騑（fēi）于上路，访风景于崇阿（ē）。临帝子之长洲，得仙人（天人）之旧馆。层台（峦）耸翠，上出重霄；飞阁流（翔）丹，下临无地。鹤汀（tīng）凫（fú）渚（zhǔ），穷岛屿之萦回；桂殿兰宫，列（即）冈峦之体势','1709733343047','1709728097869',NULL,'2024-03-06 13:58:37','2024-03-06 13:58:37',NULL),('1709733531684','披绣闼（tà），俯雕甍（méng），山原旷其盈视，川泽纡其骇瞩。闾阎（lǘyán）扑地，钟鸣鼎食之家；舸（gě）舰迷（弥）津，青雀黄龙之轴（通：舳zhú）。云销雨霁，彩彻区明。落霞与孤鹜齐飞，秋水共长天一色。渔舟唱晚','1709733343047','1709728442684',NULL,'2024-03-06 13:58:51','2024-03-06 13:58:51',NULL),('1709733542965','时维九月，序属三秋。潦（lǎo）水尽而寒潭清，烟光凝而暮山紫。俨（yǎn）骖（cān）騑（fēi）于上路，访风景于崇阿（ē）。临帝子之长洲，得仙人（天人）之旧馆。层台（峦）耸翠，上出重霄；飞阁流（翔）丹，下临无地。鹤汀（tīng）凫（fú）渚（zhǔ），穷岛屿之萦回；桂殿兰宫，列（即）冈峦之体势','1709733343047','1709729476568',NULL,'2024-03-06 13:59:02','2024-03-06 13:59:02',NULL),('1709733557665','遥吟（襟）俯（甫）畅，逸兴遄（chuán）飞。爽籁发而清风生，纤歌凝而白云遏（è）。睢（suī）园绿竹，气凌彭泽之樽（zūn）；邺（yè）水朱华，光照临川之笔。四美具，二难并。穷睇眄（dìmiǎn）于中天，极娱游于暇日','1709733343047','1709729514660',NULL,'2024-03-06 13:59:17','2024-03-06 13:59:17',NULL),('1709733567745','　勃，三尺微命，一介书生。无路请缨，等终军之弱冠；有怀投笔，慕（爱）宗悫（què）之长风。舍簪（zān）笏（hù）于百龄，奉晨昏于万里。非谢家之宝树，接孟氏之芳邻。他日趋庭，叨（tāo）陪鲤对；今兹（晨）捧袂，喜托龙门。杨意不逢，抚凌云而自惜；钟期既（相）遇，奏流水以何惭？','1709733343047','1709729818524',NULL,'2024-03-06 13:59:27','2024-03-06 13:59:27',NULL),('1709733581348','嗟乎！时运不齐，命途多舛（chuǎn）。冯唐易老，李广难封。屈贾谊于长沙，非无圣主；窜梁鸿于海曲，岂乏明时？所赖君子','1709733343047','1709727225326',NULL,'2024-03-06 13:59:41','2024-03-06 13:59:41',NULL),('1709733593166','遥吟（襟）俯（甫）畅，逸兴遄（chuán）飞。爽籁发而清风生，纤歌凝而白云遏（è）。睢（suī）园绿竹，气凌彭泽之樽（zūn）；邺（yè）水朱华，光照临川之笔。四美具，二难并。穷睇眄（dìmiǎn）于中天，极娱游于暇日','1709733343047','1709728788586',NULL,'2024-03-06 13:59:53','2024-03-06 13:59:53',NULL),('1709733603617','披绣闼（tà），俯雕甍（méng），山原旷其盈视，川泽纡其骇瞩。闾阎（lǘyán）扑地，钟鸣鼎食之家；舸（gě）舰迷（弥）津，青雀黄龙之轴（通：舳zhú）。云销雨霁，彩彻区明。落霞与孤鹜齐飞，秋水共长天一色。渔舟唱晚，响穷彭蠡（lǐ）之滨','1709733343047','1709730689098',NULL,'2024-03-06 14:00:03','2024-03-06 14:00:03',NULL),('1709733617413','嗟乎！时运不齐，命途多舛（chuǎn）。冯唐易老，李广难封。屈贾谊于长沙，非无圣主；窜梁鸿于海曲，岂乏明时？所赖君子安贫（见机），达人知命。老当益壮，宁移白首之心？穷且益坚，不坠青云之志。酌贪泉而觉爽，处涸辙（hézhé）以（而）犹（相）欢。北海虽赊（shē），扶摇可接；东隅（yú）已逝，桑榆非晚。孟尝高洁，空余（怀）报国之情；阮籍猖狂，岂效穷途之哭！','1709733343047','1709727694829',NULL,'2024-03-06 14:00:17','2024-03-06 14:00:17',NULL),('1709733630419','　遥吟（襟）俯（甫）畅，逸兴遄（chuán）飞。爽籁发而清风生，纤歌凝而白云遏（è）。睢（suī）园绿竹，气凌彭泽之樽（zūn）；邺（yè）水朱华，光照临川之笔。四美具，二难并。穷睇眄（dìmiǎn）于中天，极娱游于暇日。天高地迥（jiǒng），觉宇宙之无穷；兴尽悲来，识盈虚之有数。望长安于日','1709733343047','1709727360760',NULL,'2024-03-06 14:00:30','2024-03-06 14:00:30',NULL),('1709820087432','豫章故郡，洪都新府。星分翼轸，地接衡庐。襟三江而带五湖，控蛮荆而引瓯越。物华天宝，龙光射牛斗之墟；人杰地灵，徐孺下陈蕃之榻。雄州雾列，俊采星驰。台隍枕夷夏之交，宾主尽东南之美。都督阎公之雅望，','1709726632137','1709728917857',NULL,'2024-03-07 14:01:27','2024-03-07 14:01:27',NULL),('1709820137548','披绣闼，俯雕甍，山原旷其盈视，川泽纡其骇瞩。闾阎扑地，钟鸣鼎食之家；舸舰弥津，青雀黄龙之舳。云销雨霁，彩彻区明。落霞与孤鹜齐飞，秋水共长天一色。渔舟唱晚，响穷彭蠡之滨，雁阵惊寒，声断衡阳','1709726632137','1709728097869',NULL,'2024-03-07 14:02:17','2024-03-07 14:02:17',NULL),('1709820193298','遥襟甫畅，逸兴遄飞。爽籁发而清风生，纤歌凝而白云遏。睢园绿竹，气凌彭泽之樽；邺水朱华，光照临川之笔。四美具，二难并。穷睇眄于中天，极娱游于暇日。天高地迥，觉宇宙之无穷；兴尽悲来，识盈虚之有数','1709726632137','1709731471688',NULL,'2024-03-07 14:03:13','2024-03-07 14:03:13',NULL),('1709820339150','，三尺微命，一介书生。无路请缨，等终军之弱冠；有怀投笔，慕宗悫之长风。舍簪笏于百龄，奉晨昏于万里。非谢家之宝树，接孟氏之芳邻。他日趋庭，叨陪鲤对；今兹捧袂，喜托龙门。杨意不逢，抚凌云而自惜；钟期既遇，奏流水以何','1709726632137','1709732612806',NULL,'2024-03-07 14:05:39','2024-03-07 14:05:39',NULL),('1709820367465','，三尺微命，一介书生。无路请缨，等终军之弱冠；有怀投笔，慕宗悫之长风。舍簪笏于百龄，奉晨昏于万里。非谢家之宝树，接孟氏之芳邻。他日趋庭，叨陪鲤对；今兹捧袂，喜托龙门。杨意不逢，抚凌云而自惜；钟期既遇，奏流水以何','1709726632137','1709727694829',NULL,'2024-03-07 14:06:07','2024-03-07 14:06:07',NULL),('1709820439399','照临川之笔。四美具，二难并。穷睇眄于中天，极娱游于暇日。天高地迥，觉宇宙之无穷；兴尽悲来，识盈虚之有数。望长安于日下，目吴会于云间。地势极而南溟深，天柱高而北辰远。关山难越，谁悲失路之人；萍水相逢，尽是他乡之','1709726632137','1709728442684',NULL,'2024-03-07 14:07:19','2024-03-07 14:07:19',NULL),('1709820706659','嗟乎！时运不齐，命途多舛。冯唐易老，李广难封。屈贾谊于长沙，非无圣主；窜梁鸿于海曲，岂乏明时？所赖君子见机，达人知命。老当益壮，宁移白首之心？穷且益坚，不坠青云之志。酌贪泉而觉爽，处涸辙以犹欢。北海虽赊，扶摇可接；东隅已逝，桑榆非晚。孟尝高洁，空余报国之情；阮籍猖狂，岂效穷','1709820642242','1709734139055',NULL,'2024-03-07 14:11:46','2024-03-07 14:11:46',NULL),('1709820718329','勃，三尺微命，一介书生。无路请缨，等终军之弱冠；有怀投笔，慕宗悫之长风。舍簪笏于百龄，奉晨昏于万里。非谢家之宝','1709820642242','1709733037458',NULL,'2024-03-07 14:11:58','2024-03-07 14:11:58',NULL),('1709820732694','嗟乎！时运不齐，命途多舛。冯唐易老，李广难封。屈贾谊于长沙，非无圣主；窜梁鸿于海曲，岂乏明时？所赖君子见机，达人知命。老当益壮，宁移白首之心？穷且益坚，不坠青云之志。酌贪泉而觉爽，处涸辙以犹','1709820642242','1709732612806',NULL,'2024-03-07 14:12:12','2024-03-07 14:12:12',NULL),('1709820740843','勃，三尺微命，一介书生。无路请缨，等终军之弱冠；有怀投笔，慕宗悫之长风。舍簪笏于百龄，奉晨昏于万里。非谢家之宝树，','1709820642242','1709727225326',NULL,'2024-03-07 14:12:20','2024-03-07 14:12:20',NULL),('1709820766625','嗟乎！时运不齐，命途多舛。冯唐易老，李广难封。屈贾谊于长沙，非无圣主；窜梁鸿于海曲，岂乏明时？所赖君子见机，达人知命。老当益壮，宁移白首之心？穷且益坚，不坠青云之志。酌贪泉而觉爽，处涸辙以犹','1709820642242','1709727360760',NULL,'2024-03-07 14:12:46','2024-03-07 14:12:46',NULL),('1709821059790','勃，三尺微命，一介书生。无路请缨，等终军之弱冠；有怀投笔，慕宗悫之长风。舍簪笏于百龄，奉晨昏于万里。非谢家之宝树，接孟氏之芳邻。他日趋庭，叨陪鲤对；今兹捧袂，喜托龙门。杨意不逢，抚凌云而自惜；钟期既','1709820642242','1709731599134',NULL,'2024-03-07 14:17:39','2024-03-07 14:17:39',NULL),('1709821067094','勃，三尺微命，一介书生。无路请缨，等终军之弱冠；有怀投笔，慕宗悫之长风。舍簪笏于百龄，奉晨昏于万里。非谢家之宝树，接孟氏之芳邻。他日趋庭，叨陪鲤对；今兹捧袂，喜托龙门。杨意不逢，抚凌云而自惜；钟期既','1709820642242','1709729818524',NULL,'2024-03-07 14:17:47','2024-03-07 14:17:47',NULL),('1709821080239','乎！时运不齐，命途多舛。冯唐易老，李广难封。屈贾谊于长沙，非无圣主；窜梁鸿于海曲，岂乏明时？所赖君子见机，达人知命。老当益壮，宁移白首之心？穷且益坚，不坠青云之志。酌贪泉而觉爽，处涸辙以犹欢。北海虽赊，扶摇可接；东隅已逝，桑榆非晚。孟尝高洁，空余报国之情；阮籍猖狂，岂效','1709820642242','1709728442684',NULL,'2024-03-07 14:18:00','2024-03-07 14:18:00',NULL),('1709821093556','，得天人之旧馆。层峦耸翠，上出重霄；飞阁流丹，下临无地。鹤汀凫渚，穷岛屿之萦回；桂殿兰宫，即冈峦之体势','1709820642242','1709729476568',NULL,'2024-03-07 14:18:13','2024-03-07 14:18:13',NULL),('1709821108038','墟；人杰地灵，徐孺下陈蕃之榻。雄州雾列，俊采星驰。台隍枕夷夏之交，宾主尽东南之美。都督阎公之雅望，棨戟遥临；宇文新州之懿范，襜帷暂驻。十旬休假，胜友如云；千里逢迎，高朋满座。腾蛟起凤，孟学士之','1709820642242','1709727225326',NULL,'2024-03-07 14:18:28','2024-03-07 14:18:28',NULL),('1709821118075','墟；人杰地灵，徐孺下陈蕃之榻。雄州雾列，俊采星驰。台隍枕夷夏之交，宾主尽东南之美。都督阎公之雅望，棨戟遥临；宇文新州之懿范，襜帷暂驻。十旬休假，胜友如云；千里逢迎，高朋满座。腾蛟起凤，孟学士之','1709820642242','1709730689098',NULL,'2024-03-07 14:18:38','2024-03-07 14:18:38',NULL),('1709821123621','墟；人杰地灵，徐孺下陈蕃之榻。雄州雾列，俊采星驰。台隍枕夷夏之交，宾主尽东南之美。都督阎公之雅望，棨戟遥临；宇文新州之懿范，襜帷暂驻。十旬休假，胜友如云；千里逢迎，高朋满座。腾蛟起凤，孟学士之','1709820642242','1709728788586',NULL,'2024-03-07 14:18:43','2024-03-07 14:18:43',NULL),('1709821132342','墟；人杰地灵，徐孺下陈蕃之榻。雄州雾列，俊采星驰。台隍枕夷夏之交，宾主尽东南之美。都督阎公之雅望，棨戟遥临；宇文新州之懿范，襜帷暂驻。十旬休假，胜友如云；千里逢迎，高朋满座。腾蛟起凤，孟学士之','1709820642242','1709728097869',NULL,'2024-03-07 14:18:52','2024-03-07 14:18:52',NULL),('1709821137425','墟；人杰地灵，徐孺下陈蕃之榻。雄州雾列，俊采星驰。台隍枕夷夏之交，宾主尽东南之美。都督阎公之雅望，棨戟遥临；宇文新州之懿范，襜帷暂驻。十旬休假，胜友如云；千里逢迎，高朋满座。腾蛟起凤，孟学士之','1709820642242','1709730058428',NULL,'2024-03-07 14:18:57','2024-03-07 14:18:57',NULL),('1709821168122','墟；人杰地灵，徐孺下陈蕃之榻。雄州雾列，俊采星驰。台隍枕夷夏之交，宾主尽东南之美。都督阎公之雅望，棨戟遥临；宇文新州之懿范，襜帷暂驻。十旬休假，胜友如云；千里逢迎，高朋满座。腾蛟起凤，孟学士之','1709820642242','1709727694829',NULL,'2024-03-07 14:19:28','2024-03-07 14:19:28',NULL),('1709905080675','豫章故郡，洪都新府。星分翼轸，地接衡庐。襟三江而带五湖，控蛮荆而引瓯越。物华天宝，龙光射牛斗之墟','1709902530670','1709904846470',NULL,'2024-03-08 13:38:00','2024-03-08 13:38:00',NULL),('1709905092824','时维九月，序属三秋。潦水尽而寒潭清，烟光凝而暮山紫。俨骖騑于上路，访风景于崇阿。临帝子之长洲，得天人之旧馆。层台耸翠，上出重霄；飞阁流丹，下临无地。鹤汀凫渚，穷岛屿之萦回，桂殿兰宫，即冈峦之体势','1709902530670','1709904597222',NULL,'2024-03-08 13:38:12','2024-03-08 13:38:12',NULL),('1709905105940','豫章故郡，洪都新府。星分翼轸，地接衡庐。襟三江而带五湖，控蛮荆而引瓯越。物华天宝，龙光射牛斗之墟；人杰地灵，徐孺下陈蕃之榻。雄州雾列，俊采星驰。台隍枕夷夏之交，宾主尽东南之美。都督','1709902530670','1709733037458',NULL,'2024-03-08 13:38:25','2024-03-08 13:38:25',NULL),('1709905114075','公之雅望，棨戟遥临；宇文新州之懿范，襜帷暂驻。十旬休假，胜友如云，千里逢迎，高朋满座。腾蛟起凤，孟学士之词宗；紫电青霜，王将军之武库。家君作宰，路出名区；童子何知，躬逢胜饯！','1709902530670','1709901189845',NULL,'2024-03-08 13:38:34','2024-03-08 13:38:34',NULL),('1709905124454','时维九月，序属三秋。潦水尽而寒潭清，烟光凝而暮山紫。俨骖騑于上路，访风景于崇阿。临帝子之长洲，得天人之旧馆。层台耸翠，上出重霄；飞阁流丹，下临无地。鹤汀凫渚，穷岛屿之萦回，桂殿兰宫，即冈峦之体势','1709902530670','1709731599134',NULL,'2024-03-08 13:38:44','2024-03-08 13:38:44',NULL),('1709905138107','遥襟甫畅，逸兴遄飞。爽籁发而清风生，纤歌凝而白云遏。睢园绿竹，气凌彭泽之樽；邺水朱华，光照临川之笔。四美具，二难并。穷睇眄于中天，极娱游于暇日。天高地迥，觉宇宙之无穷；兴尽悲来，识盈虚之有','1709902530670','1709731471688',NULL,'2024-03-08 13:38:58','2024-03-08 13:38:58',NULL),('1709905151223','嗟乎！时运不齐，命途多舛。冯唐易老，李广难封。屈贾谊于长沙，非无圣主；窜梁鸿于海曲，岂乏明时？所赖君子见几，达人知命。老当益壮，宁移白首之心？穷且益坚，不坠青云之志，酌贪泉而觉爽，处涸辙以犹欢','1709902530670','1709904147909',NULL,'2024-03-08 13:39:11','2024-03-08 13:39:11',NULL),('1709905160054','勃三尺微命，一介书生。无路请缨，等终军之弱冠；有怀投笔，爱宗慤之长风。舍簪笏于百龄，奉晨昏于万里。非谢家之宝树，接孟氏之芳邻。他日趋庭，叨陪鲁对；今兹捧袂，喜托龙门。杨意不逢，抚凌云而自惜；','1709902530670','1709902846546',NULL,'2024-03-08 13:39:20','2024-03-08 13:39:20',NULL),('1709905167495','嗟乎！时运不齐，命途多舛。冯唐易老，李广难封。屈贾谊于长沙，非无圣主；窜梁鸿于海曲，岂乏明时？所赖君子见几，达人知命。老当益壮，宁移白首之心？穷且益坚，不坠青云之志，酌贪泉而觉爽，处涸','1709902530670','1709901682371',NULL,'2024-03-08 13:39:27','2024-03-08 13:39:27',NULL),('1709905175526','遥襟甫畅，逸兴遄飞。爽籁发而清风生，纤歌凝而白云遏。睢园绿竹，气凌彭泽之樽；邺水朱华，光照临川之笔。四美','1709902530670','1709902212933',NULL,'2024-03-08 13:39:35','2024-03-08 13:39:35',NULL),('1709905184372','，识盈虚之有数。望长安于日下，指吴会于云间。地势极而南溟深，天柱高而北辰远。关山难越，谁悲失路之人？萍水相逢，尽是他乡之客。怀帝阍而不见，奉宣室以何年？','1709902530670','1709902167810',NULL,'2024-03-08 13:39:44','2024-03-08 13:39:44',NULL),('1709905194554','勃三尺微命，一介书生。无路请缨，等终军之弱冠；有怀投笔，爱宗慤之长风。舍簪笏于百龄，奉晨昏于万里。非谢家之宝树，接孟氏之芳邻。他日趋庭，叨陪鲁对；今兹捧袂，喜托龙门。杨意不逢，抚凌云而自惜；钟期既遇，奏流水以何惭？','1709902530670','1709901227938',NULL,'2024-03-08 13:39:54','2024-03-08 13:39:54',NULL),('1709905202673','嗟乎！时运不齐，命途多舛。冯唐易老，李广难封。屈贾谊于长沙，非无圣主；窜梁鸿于海曲，岂乏明时？所赖君子见几，达人知命。老当益壮，宁移白首之心？穷且益坚，不坠青云之志，酌贪泉而觉爽，处涸辙以犹欢。北海虽赊，扶摇可接；东隅已逝，桑榆非晚。孟尝高洁，空怀报国之情；阮籍猖狂，岂效穷途之哭？','1709902530670','1709734139055',NULL,'2024-03-08 13:40:02','2024-03-08 13:40:02',NULL),('1709905214138','时维九月，序属三秋。潦水尽而寒潭清，烟光凝而暮山紫。俨骖騑于上路，访风景于崇阿。临帝子之长洲，得天人之旧馆。层台耸翠，上出重霄；飞阁流丹，下临无地。鹤汀凫渚，穷岛屿之萦回，桂殿兰宫，即冈峦之体势。披绣闼，俯雕甍，山原旷其盈视，川泽纡其骇瞩。闾阎扑地，钟鸣鼎食之家；舸艦迷津，青雀黄龙之','1709902530670','1709902491136',NULL,'2024-03-08 13:40:14','2024-03-08 13:40:14',NULL),('1709905220654','遥襟甫畅，逸兴遄飞。爽籁发而清风生，纤歌凝而白云遏。睢园绿竹，气凌彭泽之樽；邺水朱华，光照临川之笔。四美具，二难并。穷睇眄于中天，极娱游于暇日。天高地迥，觉宇宙之无穷；兴尽悲来，识盈虚之有数。望长安于日下，指','1709902530670','1709728917857',NULL,'2024-03-08 13:40:20','2024-03-08 13:40:20',NULL),('1709905229639','时维九月，序属三秋。潦水尽而寒潭清，烟光凝而暮山紫。俨骖騑于上路，访风景于崇阿。临帝子之长洲，得天人之旧馆。层台耸翠，上出重霄；飞阁流丹，下临无地。鹤汀凫渚，穷岛屿之萦回，桂殿兰宫，即冈峦之体势。披绣闼，俯雕甍，山原旷其盈视，川泽纡其骇瞩。闾阎扑地，钟鸣鼎食之家；舸艦迷津，青雀黄龙之轴。云','1709902530670','1709727158279',NULL,'2024-03-08 13:40:29','2024-03-08 13:40:29',NULL),('1709905251305','光射牛斗之墟；人杰地灵，徐孺下陈蕃之榻。雄州雾列，俊采星驰。台隍枕夷夏之交，宾主尽东南之美。都督阎公之雅望，棨戟遥临；宇文新州之懿范，襜帷暂驻。十旬休假，胜友如云，千里逢迎，高朋满座。','1709902530670','1709903824403',NULL,'2024-03-08 13:40:51','2024-03-08 13:40:51',NULL),('1709905266423','遥襟甫畅，逸兴遄飞。爽籁发而清风生，纤歌凝而白云遏。睢园绿竹，气凌彭泽之樽；邺水朱华，光照临川之笔。四美具，二难并。穷睇眄于中天，极娱游于暇日。天高地迥，觉宇宙之无穷；兴尽悲来，识盈虚之有数。','1709902530670','1709901343387',NULL,'2024-03-08 13:41:06','2024-03-08 13:41:06',NULL),('1709905273823','时维九月，序属三秋。潦水尽而寒潭清，烟光凝而暮山紫。俨骖騑于上路，访风景于崇阿。临帝子之长洲，得天人之旧馆。层台耸翠，上出重霄；飞阁流丹，下临无地。鹤汀凫渚，穷岛屿之萦回，桂殿兰宫，即冈峦之体势。披绣闼','1709902530670','1709901732306',NULL,'2024-03-08 13:41:13','2024-03-08 13:41:13',NULL),('1709905281472','光射牛斗之墟；人杰地灵，徐孺下陈蕃之榻。雄州雾列，俊采星驰。台隍枕夷夏之交，宾主尽东南之美。都督阎公之雅望，棨戟遥临；宇文新州之懿范，襜帷暂驻。十旬休假，胜友如云，千里逢迎，高朋满座。腾蛟起凤，孟学士之词宗；紫电青霜，王将军之武库。家君作宰，路出名区；童子何知，躬逢胜饯','1709902530670','1709901525538',NULL,'2024-03-08 13:41:21','2024-03-08 13:41:21',NULL),('1709905294873','之长洲，得天人之旧馆。层台耸翠，上出重霄；飞阁流丹，下临无地。鹤汀凫渚，穷岛屿之萦回，桂殿兰宫，即冈峦之体势。披绣闼，俯雕甍，山原旷其盈视，川泽纡其骇瞩。闾阎扑地，钟鸣鼎食之家；舸艦迷津，青雀黄','1709902530670','1709901343387',NULL,'2024-03-08 13:41:34','2024-03-08 13:41:34',NULL),('1709905323157','牛斗之墟；人杰地灵，徐孺下陈蕃之榻。雄州雾列，俊采星驰。台隍枕夷夏之交，宾主尽东南之美。都督阎公之雅望，棨戟遥临；宇文新州之懿范，襜帷暂驻。十旬休假，胜友如云，千里逢迎，高朋满座。腾','1709820642242','1709904846470',NULL,'2024-03-08 13:42:03','2024-03-08 13:42:03',NULL),('1709905332520','之长洲，得天人之旧馆。层台耸翠，上出重霄；飞阁流丹，下临无地。鹤汀凫渚，穷岛屿之萦回，桂殿兰宫，即冈峦之体势。披绣闼，俯雕甍，山原旷其盈视，川泽纡其骇瞩。闾阎扑地，钟鸣鼎食之家；舸艦迷津，青雀黄龙之轴。云销雨霁，彩彻区明。落霞与孤鹜齐飞，秋水共长天一色。渔舟唱晚，响穷彭蠡之滨，','1709820642242','1709904597222',NULL,'2024-03-08 13:42:12','2024-03-08 13:42:12',NULL),('1709905338888','之长洲，得天人之旧馆。层台耸翠，上出重霄；飞阁流丹，下临无地。鹤汀凫渚，穷岛屿之萦回，桂殿兰宫，即冈峦之体势。披绣闼，俯雕甍，山原旷其盈视，川泽纡其骇瞩。闾阎扑地，钟鸣鼎食之家；舸艦迷津，青雀黄龙之轴。云销雨霁，彩彻区明。落霞与孤鹜齐飞，秋水共长天一色。渔舟唱晚，响穷彭蠡之滨，','1709820642242','1709904147909',NULL,'2024-03-08 13:42:18','2024-03-08 13:42:18',NULL),('1709905341553','之长洲，得天人之旧馆。层台耸翠，上出重霄；飞阁流丹，下临无地。鹤汀凫渚，穷岛屿之萦回，桂殿兰宫，即冈峦之体势。披绣闼，俯雕甍，山原旷其盈视，川泽纡其骇瞩。闾阎扑地，钟鸣鼎食之家；舸艦迷津，青雀黄龙之轴。云销雨霁，彩彻区明。落霞与孤鹜齐飞，秋水共长天一色。渔舟唱晚，响穷彭蠡之滨，','1709820642242','1709902846546',NULL,'2024-03-08 13:42:21','2024-03-08 13:42:21',NULL),('1709905345157','之长洲，得天人之旧馆。层台耸翠，上出重霄；飞阁流丹，下临无地。鹤汀凫渚，穷岛屿之萦回，桂殿兰宫，即冈峦之体势。披绣闼，俯雕甍，山原旷其盈视，川泽纡其骇瞩。闾阎扑地，钟鸣鼎食之家；舸艦迷津，青雀黄龙之轴。云销雨霁，彩彻区明。落霞与孤鹜齐飞，秋水共长天一色。渔舟唱晚，响穷彭蠡之滨，','1709820642242','1709727360760',NULL,'2024-03-08 13:42:25','2024-03-08 13:42:25',NULL),('1709905350554','之长洲，得天人之旧馆。层台耸翠，上出重霄；飞阁流丹，下临无地。鹤汀凫渚，穷岛屿之萦回，桂殿兰宫，即冈峦之体势。披绣闼，俯雕甍，山原旷其盈视，川泽纡其骇瞩。闾阎扑地，钟鸣鼎食之家；舸艦迷津，青雀黄龙之轴。云销雨霁，彩彻区明。落霞与孤鹜齐飞，秋水共长天一色。渔舟唱晚，响穷彭蠡之滨，','1709820642242','1709902167810',NULL,'2024-03-08 13:42:30','2024-03-08 13:42:30',NULL),('1709905353237','之长洲，得天人之旧馆。层台耸翠，上出重霄；飞阁流丹，下临无地。鹤汀凫渚，穷岛屿之萦回，桂殿兰宫，即冈峦之体势。披绣闼，俯雕甍，山原旷其盈视，川泽纡其骇瞩。闾阎扑地，钟鸣鼎食之家；舸艦迷津，青雀黄龙之轴。云销雨霁，彩彻区明。落霞与孤鹜齐飞，秋水共长天一色。渔舟唱晚，响穷彭蠡之滨，','1709820642242','1709902212933',NULL,'2024-03-08 13:42:33','2024-03-08 13:42:33',NULL),('1709905357004','之长洲，得天人之旧馆。层台耸翠，上出重霄；飞阁流丹，下临无地。鹤汀凫渚，穷岛屿之萦回，桂殿兰宫，即冈峦之体势。披绣闼，俯雕甍，山原旷其盈视，川泽纡其骇瞩。闾阎扑地，钟鸣鼎食之家；舸艦迷津，青雀黄龙之轴。云销雨霁，彩彻区明。落霞与孤鹜齐飞，秋水共长天一色。渔舟唱晚，响穷彭蠡之滨，','1709820642242','1709734139055',NULL,'2024-03-08 13:42:37','2024-03-08 13:42:37',NULL),('1709905364936','之长洲，得天人之旧馆。层台耸翠，上出重霄；飞阁流丹，下临无地。鹤汀凫渚，穷岛屿之萦回，桂殿兰宫，即冈峦之体势。披绣闼，俯雕甍，山原旷其盈视，川泽纡其骇瞩。闾阎扑地，钟鸣鼎食之家；舸艦迷津，青雀黄龙之轴。云销雨霁，彩彻区明。落霞与孤鹜齐飞，秋水共长天一色。渔舟唱晚，响穷彭蠡之滨，','1709820642242','1709903474181',NULL,'2024-03-08 13:42:44','2024-03-08 13:42:44',NULL),('1709905370204','之长洲，得天人之旧馆。层台耸翠，上出重霄；飞阁流丹，下临无地。鹤汀凫渚，穷岛屿之萦回，桂殿兰宫，即冈峦之体势。披绣闼，俯雕甍，山原旷其盈视，川泽纡其骇瞩。闾阎扑地，钟鸣鼎食之家；舸艦迷津，青雀黄龙之轴。云销雨霁，彩彻区明。落霞与孤鹜齐飞，秋水共长天一色。渔舟唱晚，响穷彭蠡之滨，','1709820642242','1709903824403',NULL,'2024-03-08 13:42:50','2024-03-08 13:42:50',NULL),('1709905375869','之长洲，得天人之旧馆。层台耸翠，上出重霄；飞阁流丹，下临无地。鹤汀凫渚，穷岛屿之萦回，桂殿兰宫，即冈峦之体势。披绣闼，俯雕甍，山原旷其盈视，川泽纡其骇瞩。闾阎扑地，钟鸣鼎食之家；舸艦迷津，青雀黄龙之轴。云销雨霁，彩彻区明。落霞与孤鹜齐飞，秋水共长天一色。渔舟唱晚，响穷彭蠡之滨，','1709820642242','1709903878483',NULL,'2024-03-08 13:42:55','2024-03-08 13:42:55',NULL),('1709905384118','之长洲，得天人之旧馆。层台耸翠，上出重霄；飞阁流丹，下临无地。鹤汀凫渚，穷岛屿之萦回，桂殿兰宫，即冈峦之体势。披绣闼，俯雕甍，山原旷其盈视，川泽纡其骇瞩。闾阎扑地，钟鸣鼎食之家；舸艦迷津，青雀黄龙之轴。云销雨霁，彩彻区明。落霞与孤鹜齐飞，秋水共长天一色。渔舟唱晚，响穷彭蠡之滨，','1709820642242','1709903103144',NULL,'2024-03-08 13:43:04','2024-03-08 13:43:04',NULL),('1709905392154','之长洲，得天人之旧馆。层台耸翠，上出重霄；飞阁流丹，下临无地。鹤汀凫渚，穷岛屿之萦回，桂殿兰宫，即冈峦之体势。披绣闼，俯雕甍，山原旷其盈视，川泽纡其骇瞩。闾阎扑地，钟鸣鼎食之家；舸艦迷津，青雀黄龙之轴。云销雨霁，彩彻区明。落霞与孤鹜齐飞，秋水共长天一色。渔舟唱晚，响穷彭蠡之滨，','1709820642242','1709901227938',NULL,'2024-03-08 13:43:12','2024-03-08 13:43:12',NULL),('1709905399454','之长洲，得天人之旧馆。层台耸翠，上出重霄；飞阁流丹，下临无地。鹤汀凫渚，穷岛屿之萦回，桂殿兰宫，即冈峦之体势。披绣闼，俯雕甍，山原旷其盈视，川泽纡其骇瞩。闾阎扑地，钟鸣鼎食之家；舸艦迷津，青雀黄龙之轴。云销雨霁，彩彻区明。落霞与孤鹜齐飞，秋水共长天一色。渔舟唱晚，响穷彭蠡之滨，','1709820642242','1709902491136',NULL,'2024-03-08 13:43:19','2024-03-08 13:43:19',NULL),('1709905408887','之长洲，得天人之旧馆。层台耸翠，上出重霄；飞阁流丹，下临无地。鹤汀凫渚，穷岛屿之萦回，桂殿兰宫，即冈峦之体势。披绣闼，俯雕甍，山原旷其盈视，川泽纡其骇瞩。闾阎扑地，钟鸣鼎食之家；舸艦迷津，青雀黄龙之轴。云销雨霁，彩彻区明。落霞与孤鹜齐飞，秋水共长天一色。渔舟唱晚，响穷彭蠡之滨，','1709820642242','1709901189845',NULL,'2024-03-08 13:43:28','2024-03-08 13:43:28',NULL),('1709905413786','之长洲，得天人之旧馆。层台耸翠，上出重霄；飞阁流丹，下临无地。鹤汀凫渚，穷岛屿之萦回，桂殿兰宫，即冈峦之体势。披绣闼，俯雕甍，山原旷其盈视，川泽纡其骇瞩。闾阎扑地，钟鸣鼎食之家；舸艦迷津，青雀黄龙之轴。云销雨霁，彩彻区明。落霞与孤鹜齐飞，秋水共长天一色。渔舟唱晚，响穷彭蠡之滨，','1709820642242','1709733037458',NULL,'2024-03-08 13:43:33','2024-03-08 13:43:33',NULL),('1709905430488','豫章故郡，洪都新府。星分翼轸，地接衡庐。襟三江而带五湖，控蛮荆而引瓯越。物华天宝，龙光射牛斗之墟；人杰地灵，徐孺下陈蕃之榻。雄州雾列，俊采星驰。台隍枕夷夏之交，宾主尽东南之美。都督阎公之雅望，棨戟遥临；宇文新州之懿范，襜帷暂驻。十旬休假，胜友如云，千里逢迎，高朋满座。腾蛟起凤，','1709726632137','1709904846470',NULL,'2024-03-08 13:43:50','2024-03-08 13:43:50',NULL),('1709905435721','豫章故郡，洪都新府。星分翼轸，地接衡庐。襟三江而带五湖，控蛮荆而引瓯越。物华天宝，龙光射牛斗之墟；人杰地灵，徐孺下陈蕃之榻。雄州雾列，俊采星驰。台隍枕夷夏之交，宾主尽东南之美。都督阎公之雅望，棨戟遥临；宇文新州之懿范，襜帷暂驻。十旬休假，胜友如云，千里逢迎，高朋满座。腾蛟起凤，','1709726632137','1709904597222',NULL,'2024-03-08 13:43:55','2024-03-08 13:43:55',NULL),('1709905440639','豫章故郡，洪都新府。星分翼轸，地接衡庐。襟三江而带五湖，控蛮荆而引瓯越。物华天宝，龙光射牛斗之墟；人杰地灵，徐孺下陈蕃之榻。雄州雾列，俊采星驰。台隍枕夷夏之交，宾主尽东南之美。都督阎公之雅望，棨戟遥临；宇文新州之懿范，襜帷暂驻。十旬休假，胜友如云，千里逢迎，高朋满座。腾蛟起凤，','1709726632137','1709904147909',NULL,'2024-03-08 13:44:00','2024-03-08 13:44:00',NULL),('1709905444801','豫章故郡，洪都新府。星分翼轸，地接衡庐。襟三江而带五湖，控蛮荆而引瓯越。物华天宝，龙光射牛斗之墟；人杰地灵，徐孺下陈蕃之榻。雄州雾列，俊采星驰。台隍枕夷夏之交，宾主尽东南之美。都督阎公之雅望，棨戟遥临；宇文新州之懿范，襜帷暂驻。十旬休假，胜友如云，千里逢迎，高朋满座。腾蛟起凤，','1709726632137','1709727360760',NULL,'2024-03-08 13:44:04','2024-03-08 13:44:04',NULL),('1709905451787','豫章故郡，洪都新府。星分翼轸，地接衡庐。襟三江而带五湖，控蛮荆而引瓯越。物华天宝，龙光射牛斗之墟；人杰地灵，徐孺下陈蕃之榻。雄州雾列，俊采星驰。台隍枕夷夏之交，宾主尽东南之美。都督阎公之雅望，棨戟遥临；宇文新州之懿范，襜帷暂驻。十旬休假，胜友如云，千里逢迎，高朋满座。腾蛟起凤，','1709726632137','1709903878483',NULL,'2024-03-08 13:44:11','2024-03-08 13:44:11',NULL),('1709905457039','豫章故郡，洪都新府。星分翼轸，地接衡庐。襟三江而带五湖，控蛮荆而引瓯越。物华天宝，龙光射牛斗之墟；人杰地灵，徐孺下陈蕃之榻。雄州雾列，俊采星驰。台隍枕夷夏之交，宾主尽东南之美。都督阎公之雅望，棨戟遥临；宇文新州之懿范，襜帷暂驻。十旬休假，胜友如云，千里逢迎，高朋满座。腾蛟起凤，','1709726632137','1709903824403',NULL,'2024-03-08 13:44:17','2024-03-08 13:44:17',NULL),('1709905462289','豫章故郡，洪都新府。星分翼轸，地接衡庐。襟三江而带五湖，控蛮荆而引瓯越。物华天宝，龙光射牛斗之墟；人杰地灵，徐孺下陈蕃之榻。雄州雾列，俊采星驰。台隍枕夷夏之交，宾主尽东南之美。都督阎公之雅望，棨戟遥临；宇文新州之懿范，襜帷暂驻。十旬休假，胜友如云，千里逢迎，高朋满座。腾蛟起凤，','1709726632137','1709903474181',NULL,'2024-03-08 13:44:22','2024-03-08 13:44:22',NULL),('1709905466756','豫章故郡，洪都新府。星分翼轸，地接衡庐。襟三江而带五湖，控蛮荆而引瓯越。物华天宝，龙光射牛斗之墟；人杰地灵，徐孺下陈蕃之榻。雄州雾列，俊采星驰。台隍枕夷夏之交，宾主尽东南之美。都督阎公之雅望，棨戟遥临；宇文新州之懿范，襜帷暂驻。十旬休假，胜友如云，千里逢迎，高朋满座。腾蛟起凤，','1709726632137','1709903103144',NULL,'2024-03-08 13:44:26','2024-03-08 13:44:26',NULL),('1709905473338','豫章故郡，洪都新府。星分翼轸，地接衡庐。襟三江而带五湖，控蛮荆而引瓯越。物华天宝，龙光射牛斗之墟；人杰地灵，徐孺下陈蕃之榻。雄州雾列，俊采星驰。台隍枕夷夏之交，宾主尽东南之美。都督阎公之雅望，棨戟遥临；宇文新州之懿范，襜帷暂驻。十旬休假，胜友如云，千里逢迎，高朋满座。腾蛟起凤，','1709726632137','1709902846546',NULL,'2024-03-08 13:44:33','2024-03-08 13:44:33',NULL),('1709905478985','豫章故郡，洪都新府。星分翼轸，地接衡庐。襟三江而带五湖，控蛮荆而引瓯越。物华天宝，龙光射牛斗之墟；人杰地灵，徐孺下陈蕃之榻。雄州雾列，俊采星驰。台隍枕夷夏之交，宾主尽东南之美。都督阎公之雅望，棨戟遥临；宇文新州之懿范，襜帷暂驻。十旬休假，胜友如云，千里逢迎，高朋满座。腾蛟起凤，','1709726632137','1709902491136',NULL,'2024-03-08 13:44:38','2024-03-08 13:44:38',NULL),('1709905484718','豫章故郡，洪都新府。星分翼轸，地接衡庐。襟三江而带五湖，控蛮荆而引瓯越。物华天宝，龙光射牛斗之墟；人杰地灵，徐孺下陈蕃之榻。雄州雾列，俊采星驰。台隍枕夷夏之交，宾主尽东南之美。都督阎公之雅望，棨戟遥临；宇文新州之懿范，襜帷暂驻。十旬休假，胜友如云，千里逢迎，高朋满座。腾蛟起凤，','1709726632137','1709903474181',NULL,'2024-03-08 13:44:44','2024-03-08 13:44:44',NULL),('1709905491871','豫章故郡，洪都新府。星分翼轸，地接衡庐。襟三江而带五湖，控蛮荆而引瓯越。物华天宝，龙光射牛斗之墟；人杰地灵，徐孺下陈蕃之榻。雄州雾列，俊采星驰。台隍枕夷夏之交，宾主尽东南之美。都督阎公之雅望，棨戟遥临；宇文新州之懿范，襜帷暂驻。十旬休假，胜友如云，千里逢迎，高朋满座。腾蛟起凤，','1709726632137','1709902167810',NULL,'2024-03-08 13:44:51','2024-03-08 13:44:51',NULL),('1709905498105','豫章故郡，洪都新府。星分翼轸，地接衡庐。襟三江而带五湖，控蛮荆而引瓯越。物华天宝，龙光射牛斗之墟；人杰地灵，徐孺下陈蕃之榻。雄州雾列，俊采星驰。台隍枕夷夏之交，宾主尽东南之美。都督阎公之雅望，棨戟遥临；宇文新州之懿范，襜帷暂驻。十旬休假，胜友如云，千里逢迎，高朋满座。腾蛟起凤，','1709726632137','1709901525538',NULL,'2024-03-08 13:44:58','2024-03-08 13:44:58',NULL),('1709905502772','豫章故郡，洪都新府。星分翼轸，地接衡庐。襟三江而带五湖，控蛮荆而引瓯越。物华天宝，龙光射牛斗之墟；人杰地灵，徐孺下陈蕃之榻。雄州雾列，俊采星驰。台隍枕夷夏之交，宾主尽东南之美。都督阎公之雅望，棨戟遥临；宇文新州之懿范，襜帷暂驻。十旬休假，胜友如云，千里逢迎，高朋满座。腾蛟起凤，','1709726632137','1709901343387',NULL,'2024-03-08 13:45:02','2024-03-08 13:45:02',NULL),('1709905521470','时维九月，序属三秋。潦水尽而寒潭清，烟光凝而暮山紫。俨骖騑于上路，访风景于崇阿。临帝子之长洲，得天人之旧馆。层台耸翠，上出重霄；飞阁流丹，下临无地。鹤汀凫渚，穷岛屿之萦回，桂殿兰宫，即冈峦之体势。披绣闼，俯雕甍，山原旷其盈视，川泽纡其骇瞩。闾阎扑地，钟鸣鼎食之家；舸艦迷津，青雀黄','1709733343047','1709904846470',NULL,'2024-03-08 13:45:21','2024-03-08 13:45:21',NULL),('1709905527736','时维九月，序属三秋。潦水尽而寒潭清，烟光凝而暮山紫。俨骖騑于上路，访风景于崇阿。临帝子之长洲，得天人之旧馆。层台耸翠，上出重霄；飞阁流丹，下临无地。鹤汀凫渚，穷岛屿之萦回，桂殿兰宫，即冈峦之体势。披绣闼，俯雕甍，山原旷其盈视，川泽纡其骇瞩。闾阎扑地，钟鸣鼎食之家；舸艦迷津，青雀黄','1709733343047','1709904597222',NULL,'2024-03-08 13:45:27','2024-03-08 13:45:27',NULL),('1709905535489','时维九月，序属三秋。潦水尽而寒潭清，烟光凝而暮山紫。俨骖騑于上路，访风景于崇阿。临帝子之长洲，得天人之旧馆。层台耸翠，上出重霄；飞阁流丹，下临无地。鹤汀凫渚，穷岛屿之萦回，桂殿兰宫，即冈峦之体势。披绣闼，俯雕甍，山原旷其盈视，川泽纡其骇瞩。闾阎扑地，钟鸣鼎食之家；舸艦迷津，青雀黄','1709733343047','1709904147909',NULL,'2024-03-08 13:45:35','2024-03-08 13:45:35',NULL),('1709905541021','时维九月，序属三秋。潦水尽而寒潭清，烟光凝而暮山紫。俨骖騑于上路，访风景于崇阿。临帝子之长洲，得天人之旧馆。层台耸翠，上出重霄；飞阁流丹，下临无地。鹤汀凫渚，穷岛屿之萦回，桂殿兰宫，即冈峦之体势。披绣闼，俯雕甍，山原旷其盈视，川泽纡其骇瞩。闾阎扑地，钟鸣鼎食之家；舸艦迷津，青雀黄','1709733343047','1709903878483',NULL,'2024-03-08 13:45:41','2024-03-08 13:45:41',NULL),('1709905546572','时维九月，序属三秋。潦水尽而寒潭清，烟光凝而暮山紫。俨骖騑于上路，访风景于崇阿。临帝子之长洲，得天人之旧馆。层台耸翠，上出重霄；飞阁流丹，下临无地。鹤汀凫渚，穷岛屿之萦回，桂殿兰宫，即冈峦之体势。披绣闼，俯雕甍，山原旷其盈视，川泽纡其骇瞩。闾阎扑地，钟鸣鼎食之家；舸艦迷津，青雀黄','1709733343047','1709903824403',NULL,'2024-03-08 13:45:46','2024-03-08 13:45:46',NULL),('1709905553636','时维九月，序属三秋。潦水尽而寒潭清，烟光凝而暮山紫。俨骖騑于上路，访风景于崇阿。临帝子之长洲，得天人之旧馆。层台耸翠，上出重霄；飞阁流丹，下临无地。鹤汀凫渚，穷岛屿之萦回，桂殿兰宫，即冈峦之体势。披绣闼，俯雕甍，山原旷其盈视，川泽纡其骇瞩。闾阎扑地，钟鸣鼎食之家；舸艦迷津，青雀黄','1709733343047','1709903103144',NULL,'2024-03-08 13:45:53','2024-03-08 13:45:53',NULL),('1709905556253','时维九月，序属三秋。潦水尽而寒潭清，烟光凝而暮山紫。俨骖騑于上路，访风景于崇阿。临帝子之长洲，得天人之旧馆。层台耸翠，上出重霄；飞阁流丹，下临无地。鹤汀凫渚，穷岛屿之萦回，桂殿兰宫，即冈峦之体势。披绣闼，俯雕甍，山原旷其盈视，川泽纡其骇瞩。闾阎扑地，钟鸣鼎食之家；舸艦迷津，青雀黄','1709733343047','1709902846546',NULL,'2024-03-08 13:45:56','2024-03-08 13:45:56',NULL),('1709905558921','时维九月，序属三秋。潦水尽而寒潭清，烟光凝而暮山紫。俨骖騑于上路，访风景于崇阿。临帝子之长洲，得天人之旧馆。层台耸翠，上出重霄；飞阁流丹，下临无地。鹤汀凫渚，穷岛屿之萦回，桂殿兰宫，即冈峦之体势。披绣闼，俯雕甍，山原旷其盈视，川泽纡其骇瞩。闾阎扑地，钟鸣鼎食之家；舸艦迷津，青雀黄','1709733343047','1709901227938',NULL,'2024-03-08 13:45:58','2024-03-08 13:45:58',NULL),('1709905565121','时维九月，序属三秋。潦水尽而寒潭清，烟光凝而暮山紫。俨骖騑于上路，访风景于崇阿。临帝子之长洲，得天人之旧馆。层台耸翠，上出重霄；飞阁流丹，下临无地。鹤汀凫渚，穷岛屿之萦回，桂殿兰宫，即冈峦之体势。披绣闼，俯雕甍，山原旷其盈视，川泽纡其骇瞩。闾阎扑地，钟鸣鼎食之家；舸艦迷津，青雀黄','1709733343047','1709902167810',NULL,'2024-03-08 13:46:05','2024-03-08 13:46:05',NULL),('1709905570939','时维九月，序属三秋。潦水尽而寒潭清，烟光凝而暮山紫。俨骖騑于上路，访风景于崇阿。临帝子之长洲，得天人之旧馆。层台耸翠，上出重霄；飞阁流丹，下临无地。鹤汀凫渚，穷岛屿之萦回，桂殿兰宫，即冈峦之体势。披绣闼，俯雕甍，山原旷其盈视，川泽纡其骇瞩。闾阎扑地，钟鸣鼎食之家；舸艦迷津，青雀黄','1709733343047','1709901682371',NULL,'2024-03-08 13:46:10','2024-03-08 13:46:10',NULL),('1709905579670','时维九月，序属三秋。潦水尽而寒潭清，烟光凝而暮山紫。俨骖騑于上路，访风景于崇阿。临帝子之长洲，得天人之旧馆。层台耸翠，上出重霄；飞阁流丹，下临无地。鹤汀凫渚，穷岛屿之萦回，桂殿兰宫，即冈峦之体势。披绣闼，俯雕甍，山原旷其盈视，川泽纡其骇瞩。闾阎扑地，钟鸣鼎食之家；舸艦迷津，青雀黄','1709733343047','1709729818524',NULL,'2024-03-08 13:46:19','2024-03-08 13:46:19',NULL),('1709905595486','时维九月，序属三秋。潦水尽而寒潭清，烟光凝而暮山紫。俨骖騑于上路，访风景于崇阿。临帝子之长洲，得天人之旧馆。层台耸翠，上出重霄；飞阁流丹，下临无地。鹤汀凫渚，穷岛屿之萦回，桂殿兰宫，即冈峦之体势。披绣闼，俯雕甍，山原旷其盈视，川泽纡其骇瞩。闾阎扑地，钟鸣鼎食之家；舸艦迷津，青雀黄','1709733343047','1709902212933',NULL,'2024-03-08 13:46:35','2024-03-08 13:46:35',NULL),('1709905604387','时维九月，序属三秋。潦水尽而寒潭清，烟光凝而暮山紫。俨骖騑于上路，访风景于崇阿。临帝子之长洲，得天人之旧馆。层台耸翠，上出重霄；飞阁流丹，下临无地。鹤汀凫渚，穷岛屿之萦回，桂殿兰宫，即冈峦之体势。披绣闼，俯雕甍，山原旷其盈视，川泽纡其骇瞩。闾阎扑地，钟鸣鼎食之家；舸艦迷津，青雀黄','1709733343047','1709901189845',NULL,'2024-03-08 13:46:44','2024-03-08 13:46:44',NULL),('1709905615570','时维九月，序属三秋。潦水尽而寒潭清，烟光凝而暮山紫。俨骖騑于上路，访风景于崇阿。临帝子之长洲，得天人之旧馆。层台耸翠，上出重霄；飞阁流丹，下临无地。鹤汀凫渚，穷岛屿之萦回，桂殿兰宫，即冈峦之体势。披绣闼，俯雕甍，山原旷其盈视，川泽纡其骇瞩。闾阎扑地，钟鸣鼎食之家；舸艦迷津，青雀黄','1709733343047','1709732612806',NULL,'2024-03-08 13:46:55','2024-03-08 13:46:55',NULL),('1709906307789','　豫章故郡，洪都新府。星分翼轸，地接衡庐。襟三江而带五湖，控蛮荆而引瓯越。物华天宝，龙光射牛斗之墟；人杰地灵，徐孺下陈蕃之榻。雄州雾列，俊采星驰。台隍枕夷夏之交，宾主尽东南之美。都督阎公之雅望，棨戟遥临；宇文新州之懿范，襜帷暂驻。十旬休假，胜友如云，千里逢迎，高朋满座。','1709820642242','1709906040181',NULL,'2024-03-08 13:58:27','2024-03-08 13:58:27',NULL),('1709906319722','　时维九月，序属三秋。潦水尽而寒潭清，烟光凝而暮山紫。俨骖騑于上路，访风景于崇阿。临帝子之长洲，得天人之旧馆。层台耸翠，上出重霄；飞阁流丹，下临无地。鹤汀凫渚，穷岛屿之萦回，桂殿兰宫，即冈峦之体势。披绣闼，俯雕甍，山原旷其盈视，川泽纡其骇瞩。闾阎扑地，钟鸣鼎食之家；舸艦迷津，青雀黄龙','1709820642242','1709905956013',NULL,'2024-03-08 13:58:39','2024-03-08 13:58:39',NULL),('1709906329442','　时维九月，序属三秋。潦水尽而寒潭清，烟光凝而暮山紫。俨骖騑于上路，访风景于崇阿。临帝子之长洲，得天人之旧馆。层台耸翠，上出重霄；飞阁流丹，下临无地。鹤汀凫渚，穷岛屿之萦回，桂殿兰宫，即冈峦之体势。披绣闼，俯雕甍，山原旷其盈视，川泽纡其骇瞩。闾阎扑地，钟鸣鼎食之家；舸艦迷津，青雀黄龙','1709820642242','1709906184558',NULL,'2024-03-08 13:58:49','2024-03-08 13:58:49',NULL),('1709967462570','嗟乎！时运不齐，命途多舛(chuǎn)。（呵！各人的时机不同，人生的命运多有不顺。）冯唐易老，李广难封。（冯唐容易衰老，李广难得封侯。）屈贾谊于长沙，非无圣主；窜梁鸿于海曲，岂乏明时?（使贾谊遭受委屈，贬于长沙','1709963638248','1709966991829',NULL,'2024-03-09 06:57:42','2024-03-09 06:57:42',NULL),('1709967466700','嗟乎！时运不齐，命途多舛(chuǎn)。（呵！各人的时机不同，人生的命运多有不顺。）冯唐易老，李广难封。（冯唐容易衰老，李广难得封侯。）屈贾谊于长沙，非无圣主；窜梁鸿于海曲，岂乏明时?（使贾谊遭受委屈，贬于长沙','1709963638248','1709902212933',NULL,'2024-03-09 06:57:46','2024-03-09 06:57:46',NULL),('1709967469633','嗟乎！时运不齐，命途多舛(chuǎn)。（呵！各人的时机不同，人生的命运多有不顺。）冯唐易老，李广难封。（冯唐容易衰老，李广难得封侯。）屈贾谊于长沙，非无圣主；窜梁鸿于海曲，岂乏明时?（使贾谊遭受委屈，贬于长沙','1709963638248','1709901682371',NULL,'2024-03-09 06:57:49','2024-03-09 06:57:49',NULL),('1709967473233','嗟乎！时运不齐，命途多舛(chuǎn)。（呵！各人的时机不同，人生的命运多有不顺。）冯唐易老，李广难封。（冯唐容易衰老，李广难得封侯。）屈贾谊于长沙，非无圣主；窜梁鸿于海曲，岂乏明时?（使贾谊遭受委屈，贬于长沙','1709963638248','1709727360760',NULL,'2024-03-09 06:57:53','2024-03-09 06:57:53',NULL),('1709967479768','嗟乎！时运不齐，命途多舛(chuǎn)。（呵！各人的时机不同，人生的命运多有不顺。）冯唐易老，李广难封。（冯唐容易衰老，李广难得封侯。）屈贾谊于长沙，非无圣主；窜梁鸿于海曲，岂乏明时?（使贾谊遭受委屈，贬于长沙','1709963638248','1709734139055',NULL,'2024-03-09 06:57:59','2024-03-09 06:57:59',NULL),('1709967483532','嗟乎！时运不齐，命途多舛(chuǎn)。（呵！各人的时机不同，人生的命运多有不顺。）冯唐易老，李广难封。（冯唐容易衰老，李广难得封侯。）屈贾谊于长沙，非无圣主；窜梁鸿于海曲，岂乏明时?（使贾谊遭受委屈，贬于长沙','1709963638248','1709901227938',NULL,'2024-03-09 06:58:03','2024-03-09 06:58:03',NULL),('1709967491549','嗟乎！时运不齐，命途多舛(chuǎn)。（呵！各人的时机不同，人生的命运多有不顺。）冯唐易老，李广难封。（冯唐容易衰老，李广难得封侯。）屈贾谊于长沙，非无圣主；窜梁鸿于海曲，岂乏明时?（使贾谊遭受委屈，贬于长沙','1709963638248','1709904147909',NULL,'2024-03-09 06:58:11','2024-03-09 06:58:11',NULL),('1709967497215','嗟乎！时运不齐，命途多舛(chuǎn)。（呵！各人的时机不同，人生的命运多有不顺。）冯唐易老，李广难封。（冯唐容易衰老，李广难得封侯。）屈贾谊于长沙，非无圣主；窜梁鸿于海曲，岂乏明时?（使贾谊遭受委屈，贬于长沙','1709963638248','1709964765739',NULL,'2024-03-09 06:58:17','2024-03-09 06:58:17',NULL),('1709967500836','嗟乎！时运不齐，命途多舛(chuǎn)。（呵！各人的时机不同，人生的命运多有不顺。）冯唐易老，李广难封。（冯唐容易衰老，李广难得封侯。）屈贾谊于长沙，非无圣主；窜梁鸿于海曲，岂乏明时?（使贾谊遭受委屈，贬于长沙','1709963638248','1709962703249',NULL,'2024-03-09 06:58:20','2024-03-09 06:58:20',NULL),('1709967506100','嗟乎！时运不齐，命途多舛(chuǎn)。（呵！各人的时机不同，人生的命运多有不顺。）冯唐易老，李广难封。（冯唐容易衰老，李广难得封侯。）屈贾谊于长沙，非无圣主；窜梁鸿于海曲，岂乏明时?（使贾谊遭受委屈，贬于长沙','1709963638248','1709729514660',NULL,'2024-03-09 06:58:26','2024-03-09 06:58:26',NULL),('1709967513448','嗟乎！时运不齐，命途多舛(chuǎn)。（呵！各人的时机不同，人生的命运多有不顺。）冯唐易老，李广难封。（冯唐容易衰老，李广难得封侯。）屈贾谊于长沙，非无圣主；窜梁鸿于海曲，岂乏明时?（使贾谊遭受委屈，贬于长沙','1709963638248','1709964424184',NULL,'2024-03-09 06:58:33','2024-03-09 06:58:33',NULL),('1709967516418','嗟乎！时运不齐，命途多舛(chuǎn)。（呵！各人的时机不同，人生的命运多有不顺。）冯唐易老，李广难封。（冯唐容易衰老，李广难得封侯。）屈贾谊于长沙，非无圣主；窜梁鸿于海曲，岂乏明时?（使贾谊遭受委屈，贬于长沙','1709963638248','1709963889528',NULL,'2024-03-09 06:58:36','2024-03-09 06:58:36',NULL),('1709967526679','嗟乎！时运不齐，命途多舛(chuǎn)。（呵！各人的时机不同，人生的命运多有不顺。）冯唐易老，李广难封。（冯唐容易衰老，李广难得封侯。）屈贾谊于长沙，非无圣主；窜梁鸿于海曲，岂乏明时?（使贾谊遭受委屈，贬于长沙','1709963638248','1709906560937',NULL,'2024-03-09 06:58:46','2024-03-09 06:58:46',NULL),('1709967530400','嗟乎！时运不齐，命途多舛(chuǎn)。（呵！各人的时机不同，人生的命运多有不顺。）冯唐易老，李广难封。（冯唐容易衰老，李广难得封侯。）屈贾谊于长沙，非无圣主；窜梁鸿于海曲，岂乏明时?（使贾谊遭受委屈，贬于长沙','1709963638248','1709903474181',NULL,'2024-03-09 06:58:50','2024-03-09 06:58:50',NULL),('1709967537164','嗟乎！时运不齐，命途多舛(chuǎn)。（呵！各人的时机不同，人生的命运多有不顺。）冯唐易老，李广难封。（冯唐容易衰老，李广难得封侯。）屈贾谊于长沙，非无圣主；窜梁鸿于海曲，岂乏明时?（使贾谊遭受委屈，贬于长沙','1709963638248','1709903824403',NULL,'2024-03-09 06:58:57','2024-03-09 06:58:57',NULL),('1709967542382','嗟乎！时运不齐，命途多舛(chuǎn)。（呵！各人的时机不同，人生的命运多有不顺。）冯唐易老，李广难封。（冯唐容易衰老，李广难得封侯。）屈贾谊于长沙，非无圣主；窜梁鸿于海曲，岂乏明时?（使贾谊遭受委屈，贬于长沙','1709963638248','1709963106823',NULL,'2024-03-09 06:59:02','2024-03-09 06:59:02',NULL),('1709967552099','嗟乎！时运不齐，命途多舛(chuǎn)。（呵！各人的时机不同，人生的命运多有不顺。）冯唐易老，李广难封。（冯唐容易衰老，李广难得封侯。）屈贾谊于长沙，非无圣主；窜梁鸿于海曲，岂乏明时?（使贾谊遭受委屈，贬于长沙','1709963638248','1709901343387',NULL,'2024-03-09 06:59:12','2024-03-09 06:59:12',NULL),('1709967557148','嗟乎！时运不齐，命途多舛(chuǎn)。（呵！各人的时机不同，人生的命运多有不顺。）冯唐易老，李广难封。（冯唐容易衰老，李广难得封侯。）屈贾谊于长沙，非无圣主；窜梁鸿于海曲，岂乏明时?（使贾谊遭受委屈，贬于长沙','1709963638248','1709906184558',NULL,'2024-03-09 06:59:17','2024-03-09 06:59:17',NULL),('1709967561797','嗟乎！时运不齐，命途多舛(chuǎn)。（呵！各人的时机不同，人生的命运多有不顺。）冯唐易老，李广难封。（冯唐容易衰老，李广难得封侯。）屈贾谊于长沙，非无圣主；窜梁鸿于海曲，岂乏明时?（使贾谊遭受委屈，贬于长沙','1709963638248','1709901525538',NULL,'2024-03-09 06:59:21','2024-03-09 06:59:21',NULL),('1709967568000','嗟乎！时运不齐，命途多舛(chuǎn)。（呵！各人的时机不同，人生的命运多有不顺。）冯唐易老，李广难封。（冯唐容易衰老，李广难得封侯。）屈贾谊于长沙，非无圣主；窜梁鸿于海曲，岂乏明时?（使贾谊遭受委屈，贬于长沙','1709963638248','1709728442684',NULL,'2024-03-09 06:59:28','2024-03-09 06:59:28',NULL),('1709967573547','嗟乎！时运不齐，命途多舛(chuǎn)。（呵！各人的时机不同，人生的命运多有不顺。）冯唐易老，李广难封。（冯唐容易衰老，李广难得封侯。）屈贾谊于长沙，非无圣主；窜梁鸿于海曲，岂乏明时?（使贾谊遭受委屈，贬于长沙','1709963638248','1709903878483',NULL,'2024-03-09 06:59:33','2024-03-09 06:59:33',NULL),('1709967579048','嗟乎！时运不齐，命途多舛(chuǎn)。（呵！各人的时机不同，人生的命运多有不顺。）冯唐易老，李广难封。（冯唐容易衰老，李广难得封侯。）屈贾谊于长沙，非无圣主；窜梁鸿于海曲，岂乏明时?（使贾谊遭受委屈，贬于长沙','1709963638248','1709729476568',NULL,'2024-03-09 06:59:39','2024-03-09 06:59:39',NULL),('1709967586233','嗟乎！时运不齐，命途多舛(chuǎn)。（呵！各人的时机不同，人生的命运多有不顺。）冯唐易老，李广难封。（冯唐容易衰老，李广难得封侯。）屈贾谊于长沙，非无圣主；窜梁鸿于海曲，岂乏明时?（使贾谊遭受委屈，贬于长沙','1709963638248','1709904597222',NULL,'2024-03-09 06:59:46','2024-03-09 06:59:46',NULL),('1709967591632','嗟乎！时运不齐，命途多舛(chuǎn)。（呵！各人的时机不同，人生的命运多有不顺。）冯唐易老，李广难封。（冯唐容易衰老，李广难得封侯。）屈贾谊于长沙，非无圣主；窜梁鸿于海曲，岂乏明时?（使贾谊遭受委屈，贬于长沙','1709963638248','1709904846470',NULL,'2024-03-09 06:59:51','2024-03-09 06:59:51',NULL),('1709967806142','老当益壮，宁移白首之心；穷且益坚，不坠青云之志。（年纪虽然老了，但志气应当更加旺盛，怎能在白头时改变心情？境遇虽然困','1709963638248','1709902167810',NULL,'2024-03-09 07:03:26','2024-03-09 07:03:26',NULL),('1709967813294','老当益壮，宁移白首之心；穷且益坚，不坠青云之志。（年纪虽然老了，但志气应当更加旺盛，怎能在白头时改变心情？境遇虽然困','1709963638248','1709904147909',NULL,'2024-03-09 07:03:33','2024-03-09 07:03:33',NULL),('1709967825210','老当益壮，宁移白首之心；穷且益坚，不坠青云之志。（年纪虽然老了，但志气应当更加旺盛，怎能在白头时改变心情？境遇虽然困','1709963638248','1709727694829',NULL,'2024-03-09 07:03:45','2024-03-09 07:03:45',NULL),('1709967843491','老当益壮，宁移白首之心；穷且益坚，不坠青云之志。（年纪虽然老了，但志气应当更加旺盛，怎能在白头时改变心情？境遇虽然困','1709963638248','1709731599134',NULL,'2024-03-09 07:04:03','2024-03-09 07:04:03',NULL),('1709967904608','嗟乎！时运不齐，命途多舛(chuǎn)。（呵！各人的时机不同，人生的命运多有不顺。）冯唐易老，李广难封。（冯唐容易衰老，李广难得封侯。）屈贾谊于长沙，非无圣主；窜梁鸿于海曲，岂乏明时?（使贾谊遭受委屈，贬于长沙，并不是没有圣明的君主，使梁鸿逃匿到齐鲁海滨，难道不是政治昌明的时代？）所','1709962443377','1709966991829',NULL,'2024-03-09 07:05:04','2024-03-09 07:05:04',NULL),('1709967908688','嗟乎！时运不齐，命途多舛(chuǎn)。（呵！各人的时机不同，人生的命运多有不顺。）冯唐易老，李广难封。（冯唐容易衰老，李广难得封侯。）屈贾谊于长沙，非无圣主；窜梁鸿于海曲，岂乏明时?（使贾谊遭受委屈，贬于长沙，并不是没有圣明的君主，使梁鸿逃匿到齐鲁海滨，难道不是政治昌明的时代？）所','1709962443377','1709901227938',NULL,'2024-03-09 07:05:08','2024-03-09 07:05:08',NULL),('1709967911742','嗟乎！时运不齐，命途多舛(chuǎn)。（呵！各人的时机不同，人生的命运多有不顺。）冯唐易老，李广难封。（冯唐容易衰老，李广难得封侯。）屈贾谊于长沙，非无圣主；窜梁鸿于海曲，岂乏明时?（使贾谊遭受委屈，贬于长沙，并不是没有圣明的君主，使梁鸿逃匿到齐鲁海滨，难道不是政治昌明的时代？）所','1709962443377','1709901682371',NULL,'2024-03-09 07:05:11','2024-03-09 07:05:11',NULL),('1709967915074','嗟乎！时运不齐，命途多舛(chuǎn)。（呵！各人的时机不同，人生的命运多有不顺。）冯唐易老，李广难封。（冯唐容易衰老，李广难得封侯。）屈贾谊于长沙，非无圣主；窜梁鸿于海曲，岂乏明时?（使贾谊遭受委屈，贬于长沙，并不是没有圣明的君主，使梁鸿逃匿到齐鲁海滨，难道不是政治昌明的时代？）所','1709962443377','1709734139055',NULL,'2024-03-09 07:05:15','2024-03-09 07:05:15',NULL),('1709967917892','嗟乎！时运不齐，命途多舛(chuǎn)。（呵！各人的时机不同，人生的命运多有不顺。）冯唐易老，李广难封。（冯唐容易衰老，李广难得封侯。）屈贾谊于长沙，非无圣主；窜梁鸿于海曲，岂乏明时?（使贾谊遭受委屈，贬于长沙，并不是没有圣明的君主，使梁鸿逃匿到齐鲁海滨，难道不是政治昌明的时代？）所','1709962443377','1709902167810',NULL,'2024-03-09 07:05:17','2024-03-09 07:05:17',NULL),('1709967927556','嗟乎！时运不齐，命途多舛(chuǎn)。（呵！各人的时机不同，人生的命运多有不顺。）冯唐易老，李广难封。（冯唐容易衰老，李广难得封侯。）屈贾谊于长沙，非无圣主；窜梁鸿于海曲，岂乏明时?（使贾谊遭受委屈，贬于长沙，并不是没有圣明的君主，使梁鸿逃匿到齐鲁海滨，难道不是政治昌明的时代？）所','1709962443377','1709904147909',NULL,'2024-03-09 07:05:27','2024-03-09 07:05:27',NULL),('1709967937023','嗟乎！时运不齐，命途多舛(chuǎn)。（呵！各人的时机不同，人生的命运多有不顺。）冯唐易老，李广难封。（冯唐容易衰老，李广难得封侯。）屈贾谊于长沙，非无圣主；窜梁鸿于海曲，岂乏明时?（使贾谊遭受委屈，贬于长沙，并不是没有圣明的君主，使梁鸿逃匿到齐鲁海滨，难道不是政治昌明的时代？）所','1709962443377','1709966796036',NULL,'2024-03-09 07:05:37','2024-03-09 07:05:37',NULL),('1709967940539','嗟乎！时运不齐，命途多舛(chuǎn)。（呵！各人的时机不同，人生的命运多有不顺。）冯唐易老，李广难封。（冯唐容易衰老，李广难得封侯。）屈贾谊于长沙，非无圣主；窜梁鸿于海曲，岂乏明时?（使贾谊遭受委屈，贬于长沙，并不是没有圣明的君主，使梁鸿逃匿到齐鲁海滨，难道不是政治昌明的时代？）所','1709962443377','1709728917857',NULL,'2024-03-09 07:05:40','2024-03-09 07:05:40',NULL),('1709967944137','嗟乎！时运不齐，命途多舛(chuǎn)。（呵！各人的时机不同，人生的命运多有不顺。）冯唐易老，李广难封。（冯唐容易衰老，李广难得封侯。）屈贾谊于长沙，非无圣主；窜梁鸿于海曲，岂乏明时?（使贾谊遭受委屈，贬于长沙，并不是没有圣明的君主，使梁鸿逃匿到齐鲁海滨，难道不是政治昌明的时代？）所','1709962443377','1709730058428',NULL,'2024-03-09 07:05:44','2024-03-09 07:05:44',NULL),('1709967948575','嗟乎！时运不齐，命途多舛(chuǎn)。（呵！各人的时机不同，人生的命运多有不顺。）冯唐易老，李广难封。（冯唐容易衰老，李广难得封侯。）屈贾谊于长沙，非无圣主；窜梁鸿于海曲，岂乏明时?（使贾谊遭受委屈，贬于长沙，并不是没有圣明的君主，使梁鸿逃匿到齐鲁海滨，难道不是政治昌明的时代？）所','1709962443377','1709731471688',NULL,'2024-03-09 07:05:48','2024-03-09 07:05:48',NULL),('1709967953711','嗟乎！时运不齐，命途多舛(chuǎn)。（呵！各人的时机不同，人生的命运多有不顺。）冯唐易老，李广难封。（冯唐容易衰老，李广难得封侯。）屈贾谊于长沙，非无圣主；窜梁鸿于海曲，岂乏明时?（使贾谊遭受委屈，贬于长沙，并不是没有圣明的君主，使梁鸿逃匿到齐鲁海滨，难道不是政治昌明的时代？）所','1709962443377','1709728097869',NULL,'2024-03-09 07:05:53','2024-03-09 07:05:53',NULL),('1709967960639','嗟乎！时运不齐，命途多舛(chuǎn)。（呵！各人的时机不同，人生的命运多有不顺。）冯唐易老，李广难封。（冯唐容易衰老，李广难得封侯。）屈贾谊于长沙，非无圣主；窜梁鸿于海曲，岂乏明时?（使贾谊遭受委屈，贬于长沙，并不是没有圣明的君主，使梁鸿逃匿到齐鲁海滨，难道不是政治昌明的时代？）所','1709962443377','1709727158279',NULL,'2024-03-09 07:06:00','2024-03-09 07:06:00',NULL),('1709967968385','嗟乎！时运不齐，命途多舛(chuǎn)。（呵！各人的时机不同，人生的命运多有不顺。）冯唐易老，李广难封。（冯唐容易衰老，李广难得封侯。）屈贾谊于长沙，非无圣主；窜梁鸿于海曲，岂乏明时?（使贾谊遭受委屈，贬于长沙，并不是没有圣明的君主，使梁鸿逃匿到齐鲁海滨，难道不是政治昌明的时代？）所','1709962443377','1709902491136',NULL,'2024-03-09 07:06:08','2024-03-09 07:06:08',NULL),('1709967986940','嗟乎！时运不齐，命途多舛(chuǎn)。（呵！各人的时机不同，人生的命运多有不顺。）冯唐易老，李广难封。（冯唐容易衰老，李广难得封侯。）屈贾谊于长沙，非无圣主；窜梁鸿于海曲，岂乏明时?（使贾谊遭受委屈，贬于长沙，并不是没有圣明的君主，使梁鸿逃匿到齐鲁海滨，难道不是政治昌明的时代？）所','1709962443377','1709906560937',NULL,'2024-03-09 07:06:26','2024-03-09 07:06:26',NULL),('1709967991054','嗟乎！时运不齐，命途多舛(chuǎn)。（呵！各人的时机不同，人生的命运多有不顺。）冯唐易老，李广难封。（冯唐容易衰老，李广难得封侯。）屈贾谊于长沙，非无圣主；窜梁鸿于海曲，岂乏明时?（使贾谊遭受委屈，贬于长沙，并不是没有圣明的君主，使梁鸿逃匿到齐鲁海滨，难道不是政治昌明的时代？）所','1709962443377','1709903474181',NULL,'2024-03-09 07:06:31','2024-03-09 07:06:31',NULL),('1709967996094','嗟乎！时运不齐，命途多舛(chuǎn)。（呵！各人的时机不同，人生的命运多有不顺。）冯唐易老，李广难封。（冯唐容易衰老，李广难得封侯。）屈贾谊于长沙，非无圣主；窜梁鸿于海曲，岂乏明时?（使贾谊遭受委屈，贬于长沙，并不是没有圣明的君主，使梁鸿逃匿到齐鲁海滨，难道不是政治昌明的时代？）所','1709962443377','1709963106823',NULL,'2024-03-09 07:06:36','2024-03-09 07:06:36',NULL),('1709968001252','嗟乎！时运不齐，命途多舛(chuǎn)。（呵！各人的时机不同，人生的命运多有不顺。）冯唐易老，李广难封。（冯唐容易衰老，李广难得封侯。）屈贾谊于长沙，非无圣主；窜梁鸿于海曲，岂乏明时?（使贾谊遭受委屈，贬于长沙，并不是没有圣明的君主，使梁鸿逃匿到齐鲁海滨，难道不是政治昌明的时代？）所','1709962443377','1709962703249',NULL,'2024-03-09 07:06:41','2024-03-09 07:06:41',NULL),('1709968009353','嗟乎！时运不齐，命途多舛(chuǎn)。（呵！各人的时机不同，人生的命运多有不顺。）冯唐易老，李广难封。（冯唐容易衰老，李广难得封侯。）屈贾谊于长沙，非无圣主；窜梁鸿于海曲，岂乏明时?（使贾谊遭受委屈，贬于长沙，并不是没有圣明的君主，使梁鸿逃匿到齐鲁海滨，难道不是政治昌明的时代？）所','1709962443377','1709902212933',NULL,'2024-03-09 07:06:49','2024-03-09 07:06:49',NULL),('1709968014719','嗟乎！时运不齐，命途多舛(chuǎn)。（呵！各人的时机不同，人生的命运多有不顺。）冯唐易老，李广难封。（冯唐容易衰老，李广难得封侯。）屈贾谊于长沙，非无圣主；窜梁鸿于海曲，岂乏明时?（使贾谊遭受委屈，贬于长沙，并不是没有圣明的君主，使梁鸿逃匿到齐鲁海滨，难道不是政治昌明的时代？）所','1709962443377','1709902846546',NULL,'2024-03-09 07:06:54','2024-03-09 07:06:54',NULL),('1709968025838','嗟乎！时运不齐，命途多舛(chuǎn)。（呵！各人的时机不同，人生的命运多有不顺。）冯唐易老，李广难封。（冯唐容易衰老，李广难得封侯。）屈贾谊于长沙，非无圣主；窜梁鸿于海曲，岂乏明时?（使贾谊遭受委屈，贬于长沙，并不是没有圣明的君主，使梁鸿逃匿到齐鲁海滨，难道不是政治昌明的时代？）所','1709962443377','1709728442684',NULL,'2024-03-09 07:07:05','2024-03-09 07:07:05',NULL),('1709968032184','嗟乎！时运不齐，命途多舛(chuǎn)。（呵！各人的时机不同，人生的命运多有不顺。）冯唐易老，李广难封。（冯唐容易衰老，李广难得封侯。）屈贾谊于长沙，非无圣主；窜梁鸿于海曲，岂乏明时?（使贾谊遭受委屈，贬于长沙，并不是没有圣明的君主，使梁鸿逃匿到齐鲁海滨，难道不是政治昌明的时代？）所','1709962443377','1709729476568',NULL,'2024-03-09 07:07:12','2024-03-09 07:07:12',NULL),('1709968039655','嗟乎！时运不齐，命途多舛(chuǎn)。（呵！各人的时机不同，人生的命运多有不顺。）冯唐易老，李广难封。（冯唐容易衰老，李广难得封侯。）屈贾谊于长沙，非无圣主；窜梁鸿于海曲，岂乏明时?（使贾谊遭受委屈，贬于长沙，并不是没有圣明的君主，使梁鸿逃匿到齐鲁海滨，难道不是政治昌明的时代？）所','1709962443377','1709901525538',NULL,'2024-03-09 07:07:19','2024-03-09 07:07:19',NULL),('1709968044952','嗟乎！时运不齐，命途多舛(chuǎn)。（呵！各人的时机不同，人生的命运多有不顺。）冯唐易老，李广难封。（冯唐容易衰老，李广难得封侯。）屈贾谊于长沙，非无圣主；窜梁鸿于海曲，岂乏明时?（使贾谊遭受委屈，贬于长沙，并不是没有圣明的君主，使梁鸿逃匿到齐鲁海滨，难道不是政治昌明的时代？）所','1709962443377','1709901732306',NULL,'2024-03-09 07:07:24','2024-03-09 07:07:24',NULL),('1709968048236','嗟乎！时运不齐，命途多舛(chuǎn)。（呵！各人的时机不同，人生的命运多有不顺。）冯唐易老，李广难封。（冯唐容易衰老，李广难得封侯。）屈贾谊于长沙，非无圣主；窜梁鸿于海曲，岂乏明时?（使贾谊遭受委屈，贬于长沙，并不是没有圣明的君主，使梁鸿逃匿到齐鲁海滨，难道不是政治昌明的时代？）所','1709962443377','1709906184558',NULL,'2024-03-09 07:07:28','2024-03-09 07:07:28',NULL),('1709968054084','嗟乎！时运不齐，命途多舛(chuǎn)。（呵！各人的时机不同，人生的命运多有不顺。）冯唐易老，李广难封。（冯唐容易衰老，李广难得封侯。）屈贾谊于长沙，非无圣主；窜梁鸿于海曲，岂乏明时?（使贾谊遭受委屈，贬于长沙，并不是没有圣明的君主，使梁鸿逃匿到齐鲁海滨，难道不是政治昌明的时代？）所','1709962443377','1709906040181',NULL,'2024-03-09 07:07:34','2024-03-09 07:07:34',NULL),('1709968059502','嗟乎！时运不齐，命途多舛(chuǎn)。（呵！各人的时机不同，人生的命运多有不顺。）冯唐易老，李广难封。（冯唐容易衰老，李广难得封侯。）屈贾谊于长沙，非无圣主；窜梁鸿于海曲，岂乏明时?（使贾谊遭受委屈，贬于长沙，并不是没有圣明的君主，使梁鸿逃匿到齐鲁海滨，难道不是政治昌明的时代？）所','1709962443377','1709733037458',NULL,'2024-03-09 07:07:39','2024-03-09 07:07:39',NULL),('1709968068372','嗟乎！时运不齐，命途多舛(chuǎn)。（呵！各人的时机不同，人生的命运多有不顺。）冯唐易老，李广难封。（冯唐容易衰老，李广难得封侯。）屈贾谊于长沙，非无圣主；窜梁鸿于海曲，岂乏明时?（使贾谊遭受委屈，贬于长沙，并不是没有圣明的君主，使梁鸿逃匿到齐鲁海滨，难道不是政治昌明的时代？）所','1709962443377','1709905956013',NULL,'2024-03-09 07:07:48','2024-03-09 07:07:48',NULL),('1709969025214','老当益壮，宁移白首之心；穷且益坚，不坠青云之志。（年纪虽然老了，但志气应当更加旺盛，怎能在白头时改变心情？境遇虽然困苦，但节操应当更加坚定，决不能抛弃自己的凌云壮志。）酌贪泉而觉爽，处涸辙(hé zhé)以犹欢。','1709968338867','1709968946947',NULL,'2024-03-09 07:23:45','2024-03-09 07:23:45',NULL),('1709969031329','老当益壮，宁移白首之心；穷且益坚，不坠青云之志。（年纪虽然老了，但志气应当更加旺盛，怎能在白头时改变心情？境遇虽然困苦，但节操应当更加坚定，决不能抛弃自己的凌云壮志。）酌贪泉而觉爽，处涸辙(hé zhé)以犹欢。','1709968338867','1709964424184',NULL,'2024-03-09 07:23:51','2024-03-09 07:23:51',NULL),('1709969034980','老当益壮，宁移白首之心；穷且益坚，不坠青云之志。（年纪虽然老了，但志气应当更加旺盛，怎能在白头时改变心情？境遇虽然困苦，但节操应当更加坚定，决不能抛弃自己的凌云壮志。）酌贪泉而觉爽，处涸辙(hé zhé)以犹欢。','1709968338867','1709963889528',NULL,'2024-03-09 07:23:54','2024-03-09 07:23:54',NULL),('1709969044680','老当益壮，宁移白首之心；穷且益坚，不坠青云之志。（年纪虽然老了，但志气应当更加旺盛，怎能在白头时改变心情？境遇虽然困苦，但节操应当更加坚定，决不能抛弃自己的凌云壮志。）酌贪泉而觉爽，处涸辙(hé zhé)以犹欢。','1709968338867','1709966991829',NULL,'2024-03-09 07:24:04','2024-03-09 07:24:04',NULL),('1709969049965','老当益壮，宁移白首之心；穷且益坚，不坠青云之志。（年纪虽然老了，但志气应当更加旺盛，怎能在白头时改变心情？境遇虽然困苦，但节操应当更加坚定，决不能抛弃自己的凌云壮志。）酌贪泉而觉爽，处涸辙(hé zhé)以犹欢。','1709968338867','1709902167810',NULL,'2024-03-09 07:24:09','2024-03-09 07:24:09',NULL),('1709969053894','老当益壮，宁移白首之心；穷且益坚，不坠青云之志。（年纪虽然老了，但志气应当更加旺盛，怎能在白头时改变心情？境遇虽然困苦，但节操应当更加坚定，决不能抛弃自己的凌云壮志。）酌贪泉而觉爽，处涸辙(hé zhé)以犹欢。','1709968338867','1709901227938',NULL,'2024-03-09 07:24:13','2024-03-09 07:24:13',NULL),('1709969064198','老当益壮，宁移白首之心；穷且益坚，不坠青云之志。（年纪虽然老了，但志气应当更加旺盛，怎能在白头时改变心情？境遇虽然困苦，但节操应当更加坚定，决不能抛弃自己的凌云壮志。）酌贪泉而觉爽，处涸辙(hé zhé)以犹欢。','1709968338867','1709964765739',NULL,'2024-03-09 07:24:24','2024-03-09 07:24:24',NULL),('1709969070580','老当益壮，宁移白首之心；穷且益坚，不坠青云之志。（年纪虽然老了，但志气应当更加旺盛，怎能在白头时改变心情？境遇虽然困苦，但节操应当更加坚定，决不能抛弃自己的凌云壮志。）酌贪泉而觉爽，处涸辙(hé zhé)以犹欢。','1709968338867','1709729818524',NULL,'2024-03-09 07:24:30','2024-03-09 07:24:30',NULL),('1709969076695','老当益壮，宁移白首之心；穷且益坚，不坠青云之志。（年纪虽然老了，但志气应当更加旺盛，怎能在白头时改变心情？境遇虽然困苦，但节操应当更加坚定，决不能抛弃自己的凌云壮志。）酌贪泉而觉爽，处涸辙(hé zhé)以犹欢。','1709968338867','1709962703249',NULL,'2024-03-09 07:24:36','2024-03-09 07:24:36',NULL),('1709969085408','老当益壮，宁移白首之心；穷且益坚，不坠青云之志。（年纪虽然老了，但志气应当更加旺盛，怎能在白头时改变心情？境遇虽然困苦，但节操应当更加坚定，决不能抛弃自己的凌云壮志。）酌贪泉而觉爽，处涸辙(hé zhé)以犹欢。','1709968338867','1709966796036',NULL,'2024-03-09 07:24:45','2024-03-09 07:24:45',NULL),('1709969089509','老当益壮，宁移白首之心；穷且益坚，不坠青云之志。（年纪虽然老了，但志气应当更加旺盛，怎能在白头时改变心情？境遇虽然困苦，但节操应当更加坚定，决不能抛弃自己的凌云壮志。）酌贪泉而觉爽，处涸辙(hé zhé)以犹欢。','1709968338867','1709968992295',NULL,'2024-03-09 07:24:49','2024-03-09 07:24:49',NULL),('1709969094163','老当益壮，宁移白首之心；穷且益坚，不坠青云之志。（年纪虽然老了，但志气应当更加旺盛，怎能在白头时改变心情？境遇虽然困苦，但节操应当更加坚定，决不能抛弃自己的凌云壮志。）酌贪泉而觉爽，处涸辙(hé zhé)以犹欢。','1709968338867','1709731471688',NULL,'2024-03-09 07:24:54','2024-03-09 07:24:54',NULL),('1709969105694','老当益壮，宁移白首之心；穷且益坚，不坠青云之志。（年纪虽然老了，但志气应当更加旺盛，怎能在白头时改变心情？境遇虽然困苦，但节操应当更加坚定，决不能抛弃自己的凌云壮志。）酌贪泉而觉爽，处涸辙(hé zhé)以犹欢。','1709968338867','1709905956013',NULL,'2024-03-09 07:25:05','2024-03-09 07:25:05',NULL),('1709969114511','老当益壮，宁移白首之心；穷且益坚，不坠青云之志。（年纪虽然老了，但志气应当更加旺盛，怎能在白头时改变心情？境遇虽然困苦，但节操应当更加坚定，决不能抛弃自己的凌云壮志。）酌贪泉而觉爽，处涸辙(hé zhé)以犹欢。','1709968338867','1709906040181',NULL,'2024-03-09 07:25:14','2024-03-09 07:25:14',NULL),('1709969119612','老当益壮，宁移白首之心；穷且益坚，不坠青云之志。（年纪虽然老了，但志气应当更加旺盛，怎能在白头时改变心情？境遇虽然困苦，但节操应当更加坚定，决不能抛弃自己的凌云壮志。）酌贪泉而觉爽，处涸辙(hé zhé)以犹欢。','1709968338867','1709731599134',NULL,'2024-03-09 07:25:19','2024-03-09 07:25:19',NULL),('1709969127061','老当益壮，宁移白首之心；穷且益坚，不坠青云之志。（年纪虽然老了，但志气应当更加旺盛，怎能在白头时改变心情？境遇虽然困苦，但节操应当更加坚定，决不能抛弃自己的凌云壮志。）酌贪泉而觉爽，处涸辙(hé zhé)以犹欢。','1709968338867','1709906560937',NULL,'2024-03-09 07:25:27','2024-03-09 07:25:27',NULL),('1709969130964','老当益壮，宁移白首之心；穷且益坚，不坠青云之志。（年纪虽然老了，但志气应当更加旺盛，怎能在白头时改变心情？境遇虽然困苦，但节操应当更加坚定，决不能抛弃自己的凌云壮志。）酌贪泉而觉爽，处涸辙(hé zhé)以犹欢。','1709968338867','1709903474181',NULL,'2024-03-09 07:25:30','2024-03-09 07:25:30',NULL),('1709969140627','老当益壮，宁移白首之心；穷且益坚，不坠青云之志。（年纪虽然老了，但志气应当更加旺盛，怎能在白头时改变心情？境遇虽然困苦，但节操应当更加坚定，决不能抛弃自己的凌云壮志。）酌贪泉而觉爽，处涸辙(hé zhé)以犹欢。','1709968338867','1709732612806',NULL,'2024-03-09 07:25:40','2024-03-09 07:25:40',NULL),('1709969147078','老当益壮，宁移白首之心；穷且益坚，不坠青云之志。（年纪虽然老了，但志气应当更加旺盛，怎能在白头时改变心情？境遇虽然困苦，但节操应当更加坚定，决不能抛弃自己的凌云壮志。）酌贪泉而觉爽，处涸辙(hé zhé)以犹欢。','1709968338867','1709727694829',NULL,'2024-03-09 07:25:47','2024-03-09 07:25:47',NULL),('1709972182168','没章法能直接斩首战术吃掉坂田联队？没章法能在抗战时期打攻城战？没章法能让楚云飞吃哑巴亏撤出两个营？李云龙微操很牛逼的好吧，他和丁伟是完全不同的人才，李云龙是剑丁伟是用剑的手，缺一不可','1709820642242','1709901682371',NULL,'2024-03-09 08:16:22','2024-03-09 08:16:22',NULL),('1709972226980','披绣闼，俯雕甍，山原旷其盈视，川泽纡其骇瞩。闾阎扑地，钟鸣鼎食之家；舸舰弥津，青雀黄龙之舳。云销雨霁，彩彻区明。落霞与孤鹜齐飞，秋水共长天一色。渔舟唱晚，响穷彭蠡之滨，雁阵惊寒，声断衡阳之浦','1709820642242','1709901682371',NULL,'2024-03-09 08:17:06','2024-03-09 08:17:06',NULL),('1709972255412','时维九月，序属三秋。潦水尽而寒潭清，烟光凝而暮山紫。俨骖騑于上路，访风景于崇阿。临帝子之长洲，得天人之旧馆。层峦耸翠，上出重霄；飞阁流丹，下临无地。鹤汀凫渚，穷岛屿之萦回；桂殿兰宫，即冈峦之体势','1709968523870','1709970879644',NULL,'2024-03-09 08:17:35','2024-03-09 08:17:35',NULL),('1709972258478','时维九月，序属三秋。潦水尽而寒潭清，烟光凝而暮山紫。俨骖騑于上路，访风景于崇阿。临帝子之长洲，得天人之旧馆。层峦耸翠，上出重霄；飞阁流丹，下临无地。鹤汀凫渚，穷岛屿之萦回；桂殿兰宫，即冈峦之体势','1709968523870','1709729818524',NULL,'2024-03-09 08:17:38','2024-03-09 08:17:38',NULL),('1709972262179','时维九月，序属三秋。潦水尽而寒潭清，烟光凝而暮山紫。俨骖騑于上路，访风景于崇阿。临帝子之长洲，得天人之旧馆。层峦耸翠，上出重霄；飞阁流丹，下临无地。鹤汀凫渚，穷岛屿之萦回；桂殿兰宫，即冈峦之体势','1709968523870','1709962703249',NULL,'2024-03-09 08:17:42','2024-03-09 08:17:42',NULL),('1709972266512','时维九月，序属三秋。潦水尽而寒潭清，烟光凝而暮山紫。俨骖騑于上路，访风景于崇阿。临帝子之长洲，得天人之旧馆。层峦耸翠，上出重霄；飞阁流丹，下临无地。鹤汀凫渚，穷岛屿之萦回；桂殿兰宫，即冈峦之体势','1709968523870','1709729514660',NULL,'2024-03-09 08:17:46','2024-03-09 08:17:46',NULL),('1709972271066','时维九月，序属三秋。潦水尽而寒潭清，烟光凝而暮山紫。俨骖騑于上路，访风景于崇阿。临帝子之长洲，得天人之旧馆。层峦耸翠，上出重霄；飞阁流丹，下临无地。鹤汀凫渚，穷岛屿之萦回；桂殿兰宫，即冈峦之体势','1709968523870','1709964765739',NULL,'2024-03-09 08:17:51','2024-03-09 08:17:51',NULL),('1709972275960','时维九月，序属三秋。潦水尽而寒潭清，烟光凝而暮山紫。俨骖騑于上路，访风景于崇阿。临帝子之长洲，得天人之旧馆。层峦耸翠，上出重霄；飞阁流丹，下临无地。鹤汀凫渚，穷岛屿之萦回；桂殿兰宫，即冈峦之体势','1709968523870','1709968992295',NULL,'2024-03-09 08:17:55','2024-03-09 08:17:55',NULL),('1709972278463','时维九月，序属三秋。潦水尽而寒潭清，烟光凝而暮山紫。俨骖騑于上路，访风景于崇阿。临帝子之长洲，得天人之旧馆。层峦耸翠，上出重霄；飞阁流丹，下临无地。鹤汀凫渚，穷岛屿之萦回；桂殿兰宫，即冈峦之体势','1709968523870','1709731471688',NULL,'2024-03-09 08:17:58','2024-03-09 08:17:58',NULL),('1709972280710','时维九月，序属三秋。潦水尽而寒潭清，烟光凝而暮山紫。俨骖騑于上路，访风景于崇阿。临帝子之长洲，得天人之旧馆。层峦耸翠，上出重霄；飞阁流丹，下临无地。鹤汀凫渚，穷岛屿之萦回；桂殿兰宫，即冈峦之体势','1709968523870','1709728917857',NULL,'2024-03-09 08:18:00','2024-03-09 08:18:00',NULL),('1709972284263','时维九月，序属三秋。潦水尽而寒潭清，烟光凝而暮山紫。俨骖騑于上路，访风景于崇阿。临帝子之长洲，得天人之旧馆。层峦耸翠，上出重霄；飞阁流丹，下临无地。鹤汀凫渚，穷岛屿之萦回；桂殿兰宫，即冈峦之体势','1709968523870','1709730058428',NULL,'2024-03-09 08:18:04','2024-03-09 08:18:04',NULL),('1709972287576','时维九月，序属三秋。潦水尽而寒潭清，烟光凝而暮山紫。俨骖騑于上路，访风景于崇阿。临帝子之长洲，得天人之旧馆。层峦耸翠，上出重霄；飞阁流丹，下临无地。鹤汀凫渚，穷岛屿之萦回；桂殿兰宫，即冈峦之体势','1709968523870','1709966796036',NULL,'2024-03-09 08:18:07','2024-03-09 08:18:07',NULL),('1709972295148','时维九月，序属三秋。潦水尽而寒潭清，烟光凝而暮山紫。俨骖騑于上路，访风景于崇阿。临帝子之长洲，得天人之旧馆。层峦耸翠，上出重霄；飞阁流丹，下临无地。鹤汀凫渚，穷岛屿之萦回；桂殿兰宫，即冈峦之体势','1709968523870','1709728097869',NULL,'2024-03-09 08:18:15','2024-03-09 08:18:15',NULL),('1709972299729','时维九月，序属三秋。潦水尽而寒潭清，烟光凝而暮山紫。俨骖騑于上路，访风景于崇阿。临帝子之长洲，得天人之旧馆。层峦耸翠，上出重霄；飞阁流丹，下临无地。鹤汀凫渚，穷岛屿之萦回；桂殿兰宫，即冈峦之体势','1709968523870','1709902491136',NULL,'2024-03-09 08:18:19','2024-03-09 08:18:19',NULL),('1709972310847','时维九月，序属三秋。潦水尽而寒潭清，烟光凝而暮山紫。俨骖騑于上路，访风景于崇阿。临帝子之长洲，得天人之旧馆。层峦耸翠，上出重霄；飞阁流丹，下临无地。鹤汀凫渚，穷岛屿之萦回；桂殿兰宫，即冈峦之体势','1709968523870','1709968946947',NULL,'2024-03-09 08:18:30','2024-03-09 08:18:30',NULL),('1709972317017','时维九月，序属三秋。潦水尽而寒潭清，烟光凝而暮山紫。俨骖騑于上路，访风景于崇阿。临帝子之长洲，得天人之旧馆。层峦耸翠，上出重霄；飞阁流丹，下临无地。鹤汀凫渚，穷岛屿之萦回；桂殿兰宫，即冈峦之体势','1709968523870','1709731599134',NULL,'2024-03-09 08:18:37','2024-03-09 08:18:37',NULL),('1709972320697','时维九月，序属三秋。潦水尽而寒潭清，烟光凝而暮山紫。俨骖騑于上路，访风景于崇阿。临帝子之长洲，得天人之旧馆。层峦耸翠，上出重霄；飞阁流丹，下临无地。鹤汀凫渚，穷岛屿之萦回；桂殿兰宫，即冈峦之体势','1709968523870','1709963889528',NULL,'2024-03-09 08:18:40','2024-03-09 08:18:40',NULL),('1709972325980','时维九月，序属三秋。潦水尽而寒潭清，烟光凝而暮山紫。俨骖騑于上路，访风景于崇阿。临帝子之长洲，得天人之旧馆。层峦耸翠，上出重霄；飞阁流丹，下临无地。鹤汀凫渚，穷岛屿之萦回；桂殿兰宫，即冈峦之体势','1709968523870','1709901189845',NULL,'2024-03-09 08:18:45','2024-03-09 08:18:45',NULL),('1709972331079','时维九月，序属三秋。潦水尽而寒潭清，烟光凝而暮山紫。俨骖騑于上路，访风景于崇阿。临帝子之长洲，得天人之旧馆。层峦耸翠，上出重霄；飞阁流丹，下临无地。鹤汀凫渚，穷岛屿之萦回；桂殿兰宫，即冈峦之体势','1709968523870','1709906560937',NULL,'2024-03-09 08:18:51','2024-03-09 08:18:51',NULL),('1709972335963','时维九月，序属三秋。潦水尽而寒潭清，烟光凝而暮山紫。俨骖騑于上路，访风景于崇阿。临帝子之长洲，得天人之旧馆。层峦耸翠，上出重霄；飞阁流丹，下临无地。鹤汀凫渚，穷岛屿之萦回；桂殿兰宫，即冈峦之体势','1709968523870','1709903474181',NULL,'2024-03-09 08:18:55','2024-03-09 08:18:55',NULL),('1709972345598','时维九月，序属三秋。潦水尽而寒潭清，烟光凝而暮山紫。俨骖騑于上路，访风景于崇阿。临帝子之长洲，得天人之旧馆。层峦耸翠，上出重霄；飞阁流丹，下临无地。鹤汀凫渚，穷岛屿之萦回；桂殿兰宫，即冈峦之体势','1709968523870','1709903824403',NULL,'2024-03-09 08:19:05','2024-03-09 08:19:05',NULL),('1709972352966','时维九月，序属三秋。潦水尽而寒潭清，烟光凝而暮山紫。俨骖騑于上路，访风景于崇阿。临帝子之长洲，得天人之旧馆。层峦耸翠，上出重霄；飞阁流丹，下临无地。鹤汀凫渚，穷岛屿之萦回；桂殿兰宫，即冈峦之体势','1709968523870','1709904846470',NULL,'2024-03-09 08:19:12','2024-03-09 08:19:12',NULL),('1709972357696','时维九月，序属三秋。潦水尽而寒潭清，烟光凝而暮山紫。俨骖騑于上路，访风景于崇阿。临帝子之长洲，得天人之旧馆。层峦耸翠，上出重霄；飞阁流丹，下临无地。鹤汀凫渚，穷岛屿之萦回；桂殿兰宫，即冈峦之体势','1709968523870','1709904597222',NULL,'2024-03-09 08:19:17','2024-03-09 08:19:17',NULL),('1709972404382','1709728495272','1709968523870','1709966991829',NULL,'2024-03-09 08:20:04','2024-03-09 08:20:04',NULL),('1709972406968','1709728495272','1709968523870','1709902167810',NULL,'2024-03-09 08:20:06','2024-03-09 08:20:06',NULL),('1709972412932','1709728495272','1709968523870','1709963106823',NULL,'2024-03-09 08:20:12','2024-03-09 08:20:12',NULL),('1709972422299','1709728495272','1709968523870','1709905956013',NULL,'2024-03-09 08:20:22','2024-03-09 08:20:22',NULL),('1709972429883','1709728495272','1709968523870','1709904147909',NULL,'2024-03-09 08:20:29','2024-03-09 08:20:29',NULL),('1709972456565','之舳。云销雨霁，彩彻区明。落霞与孤鹜齐飞，秋水共长天一色。渔舟唱晚，响穷彭蠡之滨，雁阵惊寒，声断衡阳之','1709968523870','1709727360760',NULL,'2024-03-09 08:20:56','2024-03-09 08:20:56',NULL),('1709972462550','之舳。云销雨霁，彩彻区明。落霞与孤鹜齐飞，秋水共长天一色。渔舟唱晚，响穷彭蠡之滨，雁阵惊寒，声断衡阳之','1709968523870','1709902846546',NULL,'2024-03-09 08:21:02','2024-03-09 08:21:02',NULL),('1709972467680','之舳。云销雨霁，彩彻区明。落霞与孤鹜齐飞，秋水共长天一色。渔舟唱晚，响穷彭蠡之滨，雁阵惊寒，声断衡阳之','1709968523870','1709902212933',NULL,'2024-03-09 08:21:07','2024-03-09 08:21:07',NULL),('1709972474700','之舳。云销雨霁，彩彻区明。落霞与孤鹜齐飞，秋水共长天一色。渔舟唱晚，响穷彭蠡之滨，雁阵惊寒，声断衡阳之','1709968523870','1709729476568',NULL,'2024-03-09 08:21:14','2024-03-09 08:21:14',NULL),('1709972482485','之舳。云销雨霁，彩彻区明。落霞与孤鹜齐飞，秋水共长天一色。渔舟唱晚，响穷彭蠡之滨，雁阵惊寒，声断衡阳之','1709968523870','1709728442684',NULL,'2024-03-09 08:21:22','2024-03-09 08:21:22',NULL),('1710049213169','时维九月，序属三秋。潦水尽而寒潭清，烟光凝而暮山紫。俨骖騑于上路，访风景于崇阿。临帝子之长洲，得天人之旧馆。层峦耸翠，上出重霄；飞阁流丹，下临无地。鹤汀凫渚，穷岛屿之萦回；桂殿兰宫，即冈峦之体','1709726632137','1709968992295',NULL,'2024-03-10 05:40:13','2024-03-10 05:40:13',NULL),('1710049267182','墟；人杰地灵，徐孺下陈蕃之榻。雄州雾列，俊采星驰。台隍枕夷夏之交，宾主尽东南之美。都督阎公之雅望，棨戟遥临；宇文新州之懿范，襜帷暂驻。十旬休假，胜友如云；千里逢迎，高朋满座。腾蛟起凤，孟学士之词','1709726632137','1709905956013',NULL,'2024-03-10 05:41:07','2024-03-10 05:41:07',NULL),('1710050254419','时维九月，序属三秋。潦水尽而寒潭清，烟光凝而暮山紫。俨骖騑于上路，访风景于崇阿。临帝子之长洲，得天人之旧馆。层峦耸翠，上出重霄；飞阁流丹，下临无地。鹤汀凫渚，穷岛屿之萦回；桂殿兰宫，即冈峦之体','1709820642242','1710049033545',NULL,'2024-03-10 05:57:34','2024-03-10 05:57:34',NULL),('1710050277480','披绣闼，俯雕甍，山原旷其盈视，川泽纡其骇瞩。闾阎扑地，钟鸣鼎食之家；舸舰弥津，青雀黄龙之舳。云销雨霁，彩彻区明。落霞与孤鹜齐飞，秋水共长天一色。渔舟唱晚，响穷彭蠡之滨，雁阵惊寒，声断衡阳之浦','1709968338867','1710049033545',NULL,'2024-03-10 05:57:57','2024-03-10 05:57:57',NULL),('1710051371979','见天是个好日子','1709726632137','1709903103144',NULL,'2024-03-10 06:16:11','2024-03-10 06:16:11',NULL),('1710052108869','真好听','1709726632137','1709968946947',NULL,'2024-03-10 06:28:28','2024-03-10 06:28:28',NULL),('1710052745859','太爱这首歌了','1709726632137','1710049033545',NULL,'2024-03-10 06:39:05','2024-03-10 06:39:05',NULL),('1710056216849','我觉得很有创意','1709726632137',NULL,NULL,'2024-03-10 07:36:56','2024-03-10 07:36:56','1709971184129');
/*!40000 ALTER TABLE `comment` ENABLE KEYS */;
UNLOCK TABLES;

--
-- Table structure for table `dm`
--

DROP TABLE IF EXISTS `dm`;
/*!40101 SET @saved_cs_client     = @@character_set_client */;
/*!50503 SET character_set_client = utf8mb4 */;
CREATE TABLE `dm` (
  `id` char(50) CHARACTER SET utf8mb4 COLLATE utf8mb4_0900_ai_ci NOT NULL,
  `text` varchar(500) CHARACTER SET utf8mb4 COLLATE utf8mb4_0900_ai_ci DEFAULT NULL,
  `time` char(100) CHARACTER SET utf8mb4 COLLATE utf8mb4_0900_ai_ci DEFAULT NULL,
  `vId` char(50) CHARACTER SET utf8mb4 COLLATE utf8mb4_0900_ai_ci DEFAULT NULL,
  `userId` char(50) CHARACTER SET utf8mb4 COLLATE utf8mb4_0900_ai_ci DEFAULT NULL,
  `createTime` timestamp NULL DEFAULT CURRENT_TIMESTAMP,
  `updateTime` timestamp NULL DEFAULT CURRENT_TIMESTAMP ON UPDATE CURRENT_TIMESTAMP,
  PRIMARY KEY (`id`) USING BTREE,
  KEY `vId` (`vId`) USING BTREE,
  CONSTRAINT `dm_ibfk_1` FOREIGN KEY (`vId`) REFERENCES `video` (`id`) ON DELETE CASCADE ON UPDATE CASCADE
) ENGINE=InnoDB DEFAULT CHARSET=utf8mb4 COLLATE=utf8mb4_0900_ai_ci ROW_FORMAT=DYNAMIC;
/*!40101 SET character_set_client = @saved_cs_client */;

--
-- Dumping data for table `dm`
--

LOCK TABLES `dm` WRITE;
/*!40000 ALTER TABLE `dm` DISABLE KEYS */;
INSERT INTO `dm` VALUES ('1709962237998','最快乐的日子','00:14','1709903474181','1709820642242','2024-03-09 05:30:37','2024-03-09 05:30:37'),('1710049217717','时维九月，序属三秋。潦水尽而寒潭清，烟光凝而暮山紫。俨骖騑于上路，访风景于崇阿。临帝子之长洲，得天人之旧馆。层峦耸翠，上出重霄；飞阁流丹，下临无地。鹤汀凫渚，穷岛屿之萦回；桂殿兰宫，即冈峦之体','00:16','1709968992295','1709726632137','2024-03-10 05:40:17','2024-03-10 05:40:17'),('1710049236182','你好啊','00:34','1709968992295','1709726632137','2024-03-10 05:40:36','2024-03-10 05:40:36'),('1710049271484','墟；人杰地灵，徐孺下陈蕃之榻。雄州雾列，俊采星驰。台隍枕夷夏之交，宾主尽东南之美。都督阎公之雅望，棨戟遥临；宇文新州之懿范，襜帷暂驻。十旬休假，胜友如云；千里逢迎，高朋满座。腾蛟起凤，孟学士之词','01:15','1709905956013','1709726632137','2024-03-10 05:41:11','2024-03-10 05:41:11'),('1710051504450','厉害','00:07','1709728442684','1709726632137','2024-03-10 06:18:24','2024-03-10 06:18:24'),('1710052162916','太厉害了','00:17','1709728442684','1709726632137','2024-03-10 06:29:22','2024-03-10 06:29:22'),('1710053549535','这首歌真好听','00:53','1709968946947','1709726632137','2024-03-10 06:52:29','2024-03-10 06:52:29');
/*!40000 ALTER TABLE `dm` ENABLE KEYS */;
UNLOCK TABLES;

--
-- Table structure for table `file`
--

DROP TABLE IF EXISTS `file`;
/*!40101 SET @saved_cs_client     = @@character_set_client */;
/*!50503 SET character_set_client = utf8mb4 */;
CREATE TABLE `file` (
  `id` char(50) CHARACTER SET utf8mb4 COLLATE utf8mb4_0900_ai_ci DEFAULT NULL,
  `picUrl` varchar(500) CHARACTER SET utf8mb4 COLLATE utf8mb4_0900_ai_ci DEFAULT NULL,
  `vioUrl` varchar(500) CHARACTER SET utf8mb4 COLLATE utf8mb4_0900_ai_ci DEFAULT NULL,
  `originalname` varchar(500) CHARACTER SET utf8mb4 COLLATE utf8mb4_0900_ai_ci DEFAULT NULL,
  `mimetype` varchar(500) CHARACTER SET utf8mb4 COLLATE utf8mb4_0900_ai_ci DEFAULT NULL,
  `dest` varchar(500) CHARACTER SET utf8mb4 COLLATE utf8mb4_0900_ai_ci DEFAULT NULL,
  `filename` varchar(500) CHARACTER SET utf8mb4 COLLATE utf8mb4_0900_ai_ci DEFAULT NULL,
  `size` int DEFAULT NULL,
  `createTime` timestamp NULL DEFAULT CURRENT_TIMESTAMP,
  `updateTime` timestamp NULL DEFAULT CURRENT_TIMESTAMP ON UPDATE CURRENT_TIMESTAMP
) ENGINE=InnoDB DEFAULT CHARSET=utf8mb4 COLLATE=utf8mb4_0900_ai_ci ROW_FORMAT=DYNAMIC;
/*!40101 SET character_set_client = @saved_cs_client */;

--
-- Dumping data for table `file`
--

LOCK TABLES `file` WRITE;
/*!40000 ALTER TABLE `file` DISABLE KEYS */;
INSERT INTO `file` VALUES ('1709727084908','http://localhost:8888/image/1709727084908',NULL,'fate.avif','image/avif','./upload/image','1709727084907.avif',75142,'2024-03-06 12:11:24','2024-03-06 12:11:24'),('1709727063159',NULL,'http://localhost:8888/video/911da967783b495a411667a225a81ea0.m3u8','fate.mp4',NULL,'./upload/video/','911da967783b495a411667a225a81ea0.m3u8',NULL,'2024-03-06 12:12:30','2024-03-06 12:12:30'),('1709727209958','http://localhost:8888/image/1709727209958',NULL,'i do.avif','image/avif','./upload/image','1709727209957.avif',67359,'2024-03-06 12:13:29','2024-03-06 12:13:29'),('1709727194304',NULL,'http://localhost:8888/video/7fdd5f51b488983cfee8f4e5ef89de89.m3u8','i do.mp4',NULL,'./upload/video/','7fdd5f51b488983cfee8f4e5ef89de89.m3u8',NULL,'2024-03-06 12:13:32','2024-03-06 12:13:32'),('1709727346388','http://localhost:8888/image/1709727346388',NULL,'take me higher.avif','image/avif','./upload/image','1709727346386.avif',82554,'2024-03-06 12:15:46','2024-03-06 12:15:46'),('1709727327479',NULL,'http://localhost:8888/video/f23fc2e510c8b8ae46468acde5f681f4.m3u8','take me higer.mp4',NULL,'./upload/video/','f23fc2e510c8b8ae46468acde5f681f4.m3u8',NULL,'2024-03-06 12:15:52','2024-03-06 12:15:52'),('1709727454540','http://localhost:8888/image/1709727454540',NULL,'love.avif','image/avif','./upload/image','1709727454538.avif',75263,'2024-03-06 12:17:34','2024-03-06 12:17:34'),('1709727442557',NULL,'http://localhost:8888/video/2abff7b18f4f4d67c718b7b7de90e1a2.m3u8','love.mp4',NULL,'./upload/video/','2abff7b18f4f4d67c718b7b7de90e1a2.m3u8',NULL,'2024-03-06 12:21:31','2024-03-06 12:21:31'),('1709727722769','http://localhost:8888/image/1709727722769',NULL,'as if.avif','image/avif','./upload/image','1709727722763.avif',114131,'2024-03-06 12:22:02','2024-03-06 12:22:02'),('1709727713740',NULL,'http://localhost:8888/video/1ed15e31e12171b571fff8ad20df5ebe.m3u8','as if.mp4',NULL,'./upload/video/','1ed15e31e12171b571fff8ad20df5ebe.m3u8',NULL,'2024-03-06 12:27:14','2024-03-06 12:27:14'),('1709728088344','http://localhost:8888/image/1709728088344',NULL,'音乐.jpeg','image/jpeg','./upload/image','1709728088342.jpeg',72696,'2024-03-06 12:28:08','2024-03-06 12:28:08'),('1709728395846','http://localhost:8888/image/1709728395846',NULL,'cluo.avif','image/avif','./upload/image','1709728395840.avif',70224,'2024-03-06 12:33:15','2024-03-06 12:33:15'),('1709728385211',NULL,'http://localhost:8888/video/d96fd0f41e801a507050cac82e717ac2.m3u8','c luo.mp4',NULL,'./upload/video/','d96fd0f41e801a507050cac82e717ac2.m3u8',NULL,'2024-03-06 12:33:48','2024-03-06 12:33:48'),('1709728740338','http://localhost:8888/image/1709728740338',NULL,'北极熊.avif','image/avif','./upload/image','1709728740338.avif',47391,'2024-03-06 12:39:00','2024-03-06 12:39:00'),('1709728728868',NULL,'http://localhost:8888/video/8fa6e08cc20f7f644f6725ed56a9f1e5.m3u8','北极熊.mp4',NULL,'./upload/video/','8fa6e08cc20f7f644f6725ed56a9f1e5.m3u8',NULL,'2024-03-06 12:39:47','2024-03-06 12:39:47'),('1709728895778','http://localhost:8888/image/1709728895778',NULL,'南方姑娘.avif','image/avif','./upload/image','1709728895777.avif',72070,'2024-03-06 12:41:35','2024-03-06 12:41:35'),('1709728886852',NULL,'http://localhost:8888/video/9531f87a275fc248cf2ad6e54035323d.m3u8','南方姑娘.mp4',NULL,'./upload/video/','9531f87a275fc248cf2ad6e54035323d.m3u8',NULL,'2024-03-06 12:41:49','2024-03-06 12:41:49'),('1709729313193','http://localhost:8888/image/1709729313193',NULL,'足坛.avif','image/avif','./upload/image','1709729313193.avif',112420,'2024-03-06 12:48:33','2024-03-06 12:48:33'),('1709729304313',NULL,'http://localhost:8888/video/2a067ef04875d9eec1cc452462b7edb8.m3u8','足坛.mp4',NULL,'./upload/video/','2a067ef04875d9eec1cc452462b7edb8.m3u8',NULL,'2024-03-06 12:50:49','2024-03-06 12:50:49'),('1709729498103','http://localhost:8888/image/1709729498103',NULL,'童年.avif','image/avif','./upload/image','1709729498101.avif',98242,'2024-03-06 12:51:38','2024-03-06 12:51:38'),('1709729488867',NULL,'http://localhost:8888/video/99ddec751eebd50bbb17c5f58539531c.m3u8','童年.mp4',NULL,'./upload/video/','99ddec751eebd50bbb17c5f58539531c.m3u8',NULL,'2024-03-06 12:51:51','2024-03-06 12:51:51'),('1709729803976','http://localhost:8888/image/1709729803976',NULL,'童年ni.avif','image/avif','./upload/image','1709729803974.avif',111032,'2024-03-06 12:56:43','2024-03-06 12:56:43'),('1709729792879',NULL,'http://localhost:8888/video/9f4d2490867461d1908f57a5f2301dbd.m3u8','童年你别走.mp4',NULL,'./upload/video/','9f4d2490867461d1908f57a5f2301dbd.m3u8',NULL,'2024-03-06 12:56:57','2024-03-06 12:56:57'),('1709729966368','http://localhost:8888/image/1709729966368',NULL,'向云端.avif','image/avif','./upload/image','1709729966366.avif',63649,'2024-03-06 12:59:26','2024-03-06 12:59:26'),('1709729945136',NULL,'http://localhost:8888/video/a90e50e71a86da5b625975c657fed477.m3u8','向云端.mp4',NULL,'./upload/video/','a90e50e71a86da5b625975c657fed477.m3u8',NULL,'2024-03-06 13:00:43','2024-03-06 13:00:43'),('1709730148028','http://localhost:8888/image/1709730148028',NULL,'鲑鱼.avif','image/avif','./upload/image','1709730148023.avif',87435,'2024-03-06 13:02:28','2024-03-06 13:02:28'),('1709730233852','http://localhost:8888/image/1709730233852',NULL,'音乐.jpeg','image/jpeg','./upload/image','1709730233851.jpeg',79925,'2024-03-06 13:03:53','2024-03-06 13:03:53'),('1709730281330','http://localhost:8888/image/1709730281330',NULL,'1.jpeg','image/jpeg','./upload/image','1709730281329.jpeg',46914,'2024-03-06 13:04:41','2024-03-06 13:04:41'),('1709730325531','http://localhost:8888/image/1709730325531',NULL,'2.jpeg','image/jpeg','./upload/image','1709730325528.jpeg',84337,'2024-03-06 13:05:25','2024-03-06 13:05:25'),('1709730434023','http://localhost:8888/image/1709730434023',NULL,'民谣.jpeg','image/jpeg','./upload/image','1709730434002.jpeg',72325,'2024-03-06 13:07:14','2024-03-06 13:07:14'),('1709730138470',NULL,'http://localhost:8888/video/fa29bd296dca6cd4647a03eba0587a18.m3u8','鲑鱼.mp4',NULL,'./upload/video/','fa29bd296dca6cd4647a03eba0587a18.m3u8',NULL,'2024-03-06 13:11:04','2024-03-06 13:11:04'),('1709731003611','http://localhost:8888/image/1709731003611',NULL,'大雨.webp','image/webp','./upload/image','1709731003610.webp',217909,'2024-03-06 13:16:43','2024-03-06 13:16:43'),('1709731148579','http://localhost:8888/image/1709731148579',NULL,'体育1.webp','image/webp','./upload/image','1709731148576.webp',299273,'2024-03-06 13:19:08','2024-03-06 13:19:08'),('1709731222196','http://localhost:8888/image/1709731222196',NULL,'音乐1.jpeg','image/jpeg','./upload/image','1709731222195.jpeg',245845,'2024-03-06 13:20:22','2024-03-06 13:20:22'),('1709731378770','http://localhost:8888/image/1709731378770',NULL,'挪威.avif','image/avif','./upload/image','1709731378769.avif',95234,'2024-03-06 13:22:58','2024-03-06 13:22:58'),('1709731369255',NULL,'http://localhost:8888/video/cc44ce47a59d39148516e9469e978e48.m3u8','挪威.mp4',NULL,'./upload/video/','cc44ce47a59d39148516e9469e978e48.m3u8',NULL,'2024-03-06 13:24:29','2024-03-06 13:24:29'),('1709731575235','http://localhost:8888/image/1709731575235',NULL,'everywhere we go.avif','image/avif','./upload/image','1709731575234.avif',83655,'2024-03-06 13:26:15','2024-03-06 13:26:15'),('1709731563902',NULL,'http://localhost:8888/video/00582a6b244d3bd8e578cfc4d79569d7.m3u8','everywhere we go.mp4',NULL,'./upload/video/','00582a6b244d3bd8e578cfc4d79569d7.m3u8',NULL,'2024-03-06 13:26:36','2024-03-06 13:26:36'),('1709732226978','http://localhost:8888/image/1709732226978',NULL,'赌神.avif','image/avif','./upload/image','1709732226976.avif',61220,'2024-03-06 13:37:06','2024-03-06 13:37:06'),('1709732217183',NULL,'http://localhost:8888/video/d45f63f2da367f2902e25c38d9c5474c.m3u8','赌神.mp4',NULL,'./upload/video/','d45f63f2da367f2902e25c38d9c5474c.m3u8',NULL,'2024-03-06 13:39:25','2024-03-06 13:39:25'),('1709732396149','http://localhost:8888/image/1709732396149',NULL,'butter.avif','image/avif','./upload/image','1709732396147.avif',97172,'2024-03-06 13:39:56','2024-03-06 13:39:56'),('1709732382800',NULL,'http://localhost:8888/video/3be41e7462e84ada61bd0f955dd32f7e.m3u8','butter.mp4',NULL,'./upload/video/','3be41e7462e84ada61bd0f955dd32f7e.m3u8',NULL,'2024-03-06 13:43:30','2024-03-06 13:43:30'),('1709732636462','http://localhost:8888/image/1709732636462',NULL,'功夫.avif','image/avif','./upload/image','1709732636460.avif',78267,'2024-03-06 13:43:56','2024-03-06 13:43:56'),('1709732624411',NULL,'http://localhost:8888/video/3389861de45c7ca58e24744e5cfd9940.m3u8','功夫.mp4',NULL,'./upload/video/','3389861de45c7ca58e24744e5cfd9940.m3u8',NULL,'2024-03-06 13:50:21','2024-03-06 13:50:21'),('1709733849490','http://localhost:8888/image/1709733849490',NULL,'漫威.avif','image/avif','./upload/image','1709733849479.avif',85600,'2024-03-06 14:04:09','2024-03-06 14:04:09'),('1709733836831',NULL,'http://localhost:8888/video/74c0728c90d3b46e3b8bb8ab3dc18c18.m3u8','漫威.mp4',NULL,'./upload/video/','74c0728c90d3b46e3b8bb8ab3dc18c18.m3u8',NULL,'2024-03-06 14:08:23','2024-03-06 14:08:23'),('1709735232954','http://localhost:8888/image/1709735232954',NULL,'yz.webp','image/webp','./upload/image','1709735232950.webp',176259,'2024-03-06 14:27:12','2024-03-06 14:27:12'),('1709901110666','http://localhost:8888/image/1709901110666',NULL,'变形金刚.avif','image/avif','./upload/image','1709901110662.avif',100712,'2024-03-08 12:31:50','2024-03-08 12:31:50'),('1709901097364',NULL,'http://localhost:8888/video/7fea650afd3adda1a2c2a94558b08c37.m3u8','变形金刚.mp4',NULL,'./upload/video/','7fea650afd3adda1a2c2a94558b08c37.m3u8',NULL,'2024-03-08 12:32:27','2024-03-08 12:32:27'),('1709901213610','http://localhost:8888/image/1709901213610',NULL,'加勒比海盗.avif','image/avif','./upload/image','1709901213606.avif',67769,'2024-03-08 12:33:33','2024-03-08 12:33:33'),('1709901203026',NULL,'http://localhost:8888/video/bbc3ac6433e2a2bc91994288f735834f.m3u8','加勒比海盗.mp4',NULL,'./upload/video/','bbc3ac6433e2a2bc91994288f735834f.m3u8',NULL,'2024-03-08 12:33:45','2024-03-08 12:33:45'),('1709901327862','http://localhost:8888/image/1709901327862',NULL,'外星人.avif','image/avif','./upload/image','1709901327861.avif',63325,'2024-03-08 12:35:27','2024-03-08 12:35:27'),('1709901313906',NULL,'http://localhost:8888/video/cfbf3511c6090fe0db005b9eb3fc2032.m3u8','外星人.mp4',NULL,'./upload/video/','cfbf3511c6090fe0db005b9eb3fc2032.m3u8',NULL,'2024-03-08 12:35:28','2024-03-08 12:35:28'),('1709901470611','http://localhost:8888/image/1709901470611',NULL,'黑衣人.avif','image/avif','./upload/image','1709901470609.avif',60630,'2024-03-08 12:37:50','2024-03-08 12:37:50'),('1709901451200',NULL,'http://localhost:8888/video/4e91cd383c571273100c3fb015b2eab8.m3u8','黑衣人.mp4',NULL,'./upload/video/','4e91cd383c571273100c3fb015b2eab8.m3u8',NULL,'2024-03-08 12:38:19','2024-03-08 12:38:19'),('1709901621039','http://localhost:8888/image/1709901621039',NULL,'美国队长.avif','image/avif','./upload/image','1709901621038.avif',88752,'2024-03-08 12:40:21','2024-03-08 12:40:21'),('1709901597726',NULL,'http://localhost:8888/video/7a9aa6b03ad10dfeb37f9b8a6e5c7f2f.m3u8','美国队长.mp4',NULL,'./upload/video/','7a9aa6b03ad10dfeb37f9b8a6e5c7f2f.m3u8',NULL,'2024-03-08 12:41:19','2024-03-08 12:41:19'),('1709901694229',NULL,'http://localhost:8888/video/e82203b83072d2e5038e0f223f906a08.m3u8','汽车.mp4',NULL,'./upload/video/','e82203b83072d2e5038e0f223f906a08.m3u8',NULL,'2024-03-08 12:41:57','2024-03-08 12:41:57'),('1709901717925','http://localhost:8888/image/1709901717925',NULL,'汽车.avif','image/avif','./upload/image','1709901717924.avif',38717,'2024-03-08 12:41:57','2024-03-08 12:41:57'),('1709901874613','http://localhost:8888/image/1709901874613',NULL,'龙珠.avif','image/avif','./upload/image','1709901874611.avif',87248,'2024-03-08 12:44:34','2024-03-08 12:44:34'),('1709901864049',NULL,'http://localhost:8888/video/80730665c2180bdfed8cfbe7125c2fd5.m3u8','龙珠.mp4',NULL,'./upload/video/','80730665c2180bdfed8cfbe7125c2fd5.m3u8',NULL,'2024-03-08 12:48:09','2024-03-08 12:48:09'),('1709902199399','http://localhost:8888/image/1709902199399',NULL,'柯南.avif','image/avif','./upload/image','1709902199398.avif',103029,'2024-03-08 12:49:59','2024-03-08 12:49:59'),('1709902186689',NULL,'http://localhost:8888/video/2de328053fb57af6fa7ab9250ddec0b7.m3u8','柯南.mp4',NULL,'./upload/video/','2de328053fb57af6fa7ab9250ddec0b7.m3u8',NULL,'2024-03-08 12:50:11','2024-03-08 12:50:11'),('1709902329503','http://localhost:8888/image/1709902329503',NULL,'我们.avif','image/avif','./upload/image','1709902329493.avif',65426,'2024-03-08 12:52:09','2024-03-08 12:52:09'),('1709902316251',NULL,'http://localhost:8888/video/82265eee8d7ff5102393aa4686f37c21.m3u8','我们.mp4',NULL,'./upload/video/','82265eee8d7ff5102393aa4686f37c21.m3u8',NULL,'2024-03-08 12:54:48','2024-03-08 12:54:48'),('1709902720187','http://localhost:8888/image/1709902720187',NULL,'迪迦1.avif','image/avif','./upload/image','1709902720186.avif',82416,'2024-03-08 12:58:40','2024-03-08 12:58:40'),('1709902711051',NULL,'http://localhost:8888/video/18a4296ba3162c38430e4f8d560da060.m3u8','迪迦1.mp4',NULL,'./upload/video/','18a4296ba3162c38430e4f8d560da060.m3u8',NULL,'2024-03-08 13:00:13','2024-03-08 13:00:13'),('1709902877013','http://localhost:8888/image/1709902877013',NULL,'秦天柱.avif','image/avif','./upload/image','1709902877012.avif',96994,'2024-03-08 13:01:17','2024-03-08 13:01:17'),('1709902860731',NULL,'http://localhost:8888/video/1a0d36a8c6108c3f1d973550d3a65876.m3u8','擎天柱.mp4',NULL,'./upload/video/','1a0d36a8c6108c3f1d973550d3a65876.m3u8',NULL,'2024-03-08 13:04:18','2024-03-08 13:04:18'),('1709903409319','http://localhost:8888/image/1709903409319',NULL,'2018.avif','image/avif','./upload/image','1709903409315.avif',74622,'2024-03-08 13:10:09','2024-03-08 13:10:09'),('1709903400705',NULL,'http://localhost:8888/video/2269986bebae7c5bd504ab00b3f5d364.m3u8','2018.mp4',NULL,'./upload/video/','2269986bebae7c5bd504ab00b3f5d364.m3u8',NULL,'2024-03-08 13:10:45','2024-03-08 13:10:45'),('1709903582676','http://localhost:8888/image/1709903582676',NULL,'火火的姑娘.avif','image/avif','./upload/image','1709903582675.avif',77377,'2024-03-08 13:13:02','2024-03-08 13:13:02'),('1709903571441',NULL,'http://localhost:8888/video/0b6c69ef6b81c2d275f378ebb54ec65a.m3u8','火火的姑娘.mp4',NULL,'./upload/video/','0b6c69ef6b81c2d275f378ebb54ec65a.m3u8',NULL,'2024-03-08 13:16:54','2024-03-08 13:16:54'),('1709903859422','http://localhost:8888/image/1709903859422',NULL,'林丹.avif','image/avif','./upload/image','1709903859421.avif',85546,'2024-03-08 13:17:39','2024-03-08 13:17:39'),('1709903845360',NULL,'http://localhost:8888/video/9c0953e710d04757ef1af5abfa588491.m3u8','林丹.mp4',NULL,'./upload/video/','9c0953e710d04757ef1af5abfa588491.m3u8',NULL,'2024-03-08 13:17:56','2024-03-08 13:17:56'),('1709904130007','http://localhost:8888/image/1709904130007',NULL,'恶搞.avif','image/avif','./upload/image','1709904130006.avif',67579,'2024-03-08 13:22:10','2024-03-08 13:22:10'),('1709904116411',NULL,'http://localhost:8888/video/2f390be63e1661f20aebd44382fab1e4.m3u8','恶搞.mp4',NULL,'./upload/video/','2f390be63e1661f20aebd44382fab1e4.m3u8',NULL,'2024-03-08 13:22:14','2024-03-08 13:22:14'),('1709904349290','http://localhost:8888/image/1709904349290',NULL,'一路生花.avif','image/avif','./upload/image','1709904349286.avif',58767,'2024-03-08 13:25:49','2024-03-08 13:25:49'),('1709904390416',NULL,'http://localhost:8888/video/d597329a7942cd000e027790474d49fd.m3u8','yilu.mp4',NULL,'./upload/video/','d597329a7942cd000e027790474d49fd.m3u8',NULL,'2024-03-08 13:29:50','2024-03-08 13:29:50'),('1709904672334','http://localhost:8888/image/1709904672334',NULL,'call me baby.avif','image/avif','./upload/image','1709904672333.avif',99973,'2024-03-08 13:31:12','2024-03-08 13:31:12'),('1709904658586',NULL,'http://localhost:8888/video/9132cf8d5cb7806a1475eecd3e681a8f.m3u8','call me baby.mp4',NULL,'./upload/video/','9132cf8d5cb7806a1475eecd3e681a8f.m3u8',NULL,'2024-03-08 13:33:19','2024-03-08 13:33:19'),('1709905941572','http://localhost:8888/image/1709905941572',NULL,'我的心上人.avif','image/avif','./upload/image','1709905941571.avif',39546,'2024-03-08 13:52:21','2024-03-08 13:52:21'),('1709905926999',NULL,'http://localhost:8888/video/34196216ae10c12b72b53bdaef7fcc96.m3u8','我的星赏人.mp4',NULL,'./upload/video/','34196216ae10c12b72b53bdaef7fcc96.m3u8',NULL,'2024-03-08 13:52:35','2024-03-08 13:52:35'),('1709906026386','http://localhost:8888/image/1709906026386',NULL,'白月光.avif','image/avif','./upload/image','1709906026384.avif',30323,'2024-03-08 13:53:46','2024-03-08 13:53:46'),('1709906016645',NULL,'http://localhost:8888/video/135aac65c0b41e9489cecbb148e87efd.m3u8','白月光.mp4',NULL,'./upload/video/','135aac65c0b41e9489cecbb148e87efd.m3u8',NULL,'2024-03-08 13:53:54','2024-03-08 13:53:54'),('1709906136471','http://localhost:8888/image/1709906136471',NULL,'家属起.avif','image/avif','./upload/image','1709906136467.avif',78286,'2024-03-08 13:55:36','2024-03-08 13:55:36'),('1709906123304',NULL,'http://localhost:8888/video/227f16808c477a0e3bde4a40f2d7b0d2.m3u8','家属起.mp4',NULL,'./upload/video/','227f16808c477a0e3bde4a40f2d7b0d2.m3u8',NULL,'2024-03-08 13:56:23','2024-03-08 13:56:23'),('1709906509235','http://localhost:8888/image/1709906509235',NULL,'我的秘密.avif','image/avif','./upload/image','1709906509229.avif',91568,'2024-03-08 14:01:49','2024-03-08 14:01:49'),('1709906493458',NULL,'http://localhost:8888/video/f026263dee43de6bb89b78f0951ac8f8.m3u8','邓紫棋.mp4',NULL,'./upload/video/','f026263dee43de6bb89b78f0951ac8f8.m3u8',NULL,'2024-03-08 14:02:39','2024-03-08 14:02:39'),('1709906619735','http://localhost:8888/image/1709906619735',NULL,'邓紫棋.avif','image/avif','./upload/image','1709906619733.avif',258882,'2024-03-08 14:03:39','2024-03-08 14:03:39'),('1709962669128','http://localhost:8888/image/1709962669128',NULL,'tim.avif','image/avif','./upload/image','1709962669125.avif',84131,'2024-03-09 05:37:49','2024-03-09 05:37:49'),('1709962651189',NULL,'http://localhost:8888/video/9f040da5b2596a316617920f22edd665.m3u8','time.mp4',NULL,'./upload/video/','9f040da5b2596a316617920f22edd665.m3u8',NULL,'2024-03-09 05:38:19','2024-03-09 05:38:19'),('1709962803884','http://localhost:8888/image/1709962803884',NULL,'在你的身边.avif','image/avif','./upload/image','1709962803882.avif',80394,'2024-03-09 05:40:03','2024-03-09 05:40:03'),('1709962790409',NULL,'http://localhost:8888/video/0dd596e3df5b5a2093490d96353c9484.m3u8','在你的身边.mp4',NULL,'./upload/video/','0dd596e3df5b5a2093490d96353c9484.m3u8',NULL,'2024-03-09 05:44:47','2024-03-09 05:44:47'),('1709963855253','http://localhost:8888/image/1709963855253',NULL,'萧亚轩.avif','image/avif','./upload/image','1709963855251.avif',69510,'2024-03-09 05:57:35','2024-03-09 05:57:35'),('1709963873700',NULL,'http://localhost:8888/video/21a92559aeae40487e1188c79e66478e.m3u8','萧亚轩.mp4',NULL,'./upload/video/','21a92559aeae40487e1188c79e66478e.m3u8',NULL,'2024-03-09 05:58:05','2024-03-09 05:58:05'),('1709964385850','http://localhost:8888/image/1709964385850',NULL,'我终于失去了你.avif','image/avif','./upload/image','1709964385847.avif',50537,'2024-03-09 06:06:25','2024-03-09 06:06:25'),('1709964393314',NULL,'http://localhost:8888/video/1e09e33464321d0dcf0d36200438f7c7.m3u8','我终于失去了你.mp4',NULL,'./upload/video/','1e09e33464321d0dcf0d36200438f7c7.m3u8',NULL,'2024-03-09 06:06:51','2024-03-09 06:06:51'),('1709964733533','http://localhost:8888/image/1709964733533',NULL,'年少的你啊.avif','image/avif','./upload/image','1709964733525.avif',15141,'2024-03-09 06:12:13','2024-03-09 06:12:13'),('1709964744875',NULL,'http://localhost:8888/video/7523c9da0e9a8891b5bb914f7e1e6a53.m3u8','年少的你.mp4',NULL,'./upload/video/','7523c9da0e9a8891b5bb914f7e1e6a53.m3u8',NULL,'2024-03-09 06:12:35','2024-03-09 06:12:35'),('1709965811151','http://localhost:8888/image/1709965811151',NULL,'学习.avif','image/avif','./upload/image','1709965811149.avif',223118,'2024-03-09 06:30:11','2024-03-09 06:30:11'),('1709965903836','http://localhost:8888/image/1709965903836',NULL,'新闻.avif','image/avif','./upload/image','1709965903834.avif',179375,'2024-03-09 06:31:43','2024-03-09 06:31:43'),('1709965974961','http://localhost:8888/image/1709965974961',NULL,'游戏.avif','image/avif','./upload/image','1709965974960.avif',256534,'2024-03-09 06:32:54','2024-03-09 06:32:54'),('1709966089068','http://localhost:8888/image/1709966089068',NULL,'酷我.jpeg','image/jpeg','./upload/image','1709966089066.jpeg',115981,'2024-03-09 06:34:49','2024-03-09 06:34:49'),('1709966685249','http://localhost:8888/image/1709966685249',NULL,'体面.avif','image/avif','./upload/image','1709966685247.avif',43082,'2024-03-09 06:44:45','2024-03-09 06:44:45'),('1709966671691',NULL,'http://localhost:8888/video/04fa11aafa3faccf978b7af0e4025333.m3u8','体面.mp4',NULL,'./upload/video/','04fa11aafa3faccf978b7af0e4025333.m3u8',NULL,'2024-03-09 06:45:50','2024-03-09 06:45:50'),('1709966823244','http://localhost:8888/image/1709966823244',NULL,'于文文·.jpeg','image/jpeg','./upload/image','1709966823240.jpeg',351370,'2024-03-09 06:47:03','2024-03-09 06:47:03'),('1709966978526','http://localhost:8888/image/1709966978526',NULL,'let.avif','image/avif','./upload/image','1709966978524.avif',105735,'2024-03-09 06:49:38','2024-03-09 06:49:38'),('1709966959733',NULL,'http://localhost:8888/video/9497c600ec11abb8af7d3164f36aeff8.m3u8','let.mp4',NULL,'./upload/video/','9497c600ec11abb8af7d3164f36aeff8.m3u8',NULL,'2024-03-09 06:49:40','2024-03-09 06:49:40'),('1709967041866','http://localhost:8888/image/1709967041866',NULL,'心愿.webp','image/webp','./upload/image','1709967041864.webp',485247,'2024-03-09 06:50:41','2024-03-09 06:50:41'),('1709967248841','http://localhost:8888/image/1709967248841',NULL,'亲亲.webp','image/webp','./upload/image','1709967248839.webp',197986,'2024-03-09 06:54:08','2024-03-09 06:54:08'),('1709967662621','http://localhost:8888/image/1709967662621',NULL,'7.avif','image/avif','./upload/image','1709967662619.avif',106122,'2024-03-09 07:01:02','2024-03-09 07:01:02'),('1709968792774','http://localhost:8888/image/1709968792774',NULL,'恶作剧.avif','image/avif','./upload/image','1709968792765.avif',42547,'2024-03-09 07:19:52','2024-03-09 07:19:52'),('1709968780915',NULL,'http://localhost:8888/video/ccd9a428f2060669cd0bcffbca6c2f9d.m3u8','恶作剧.mp4',NULL,'./upload/video/','ccd9a428f2060669cd0bcffbca6c2f9d.m3u8',NULL,'2024-03-09 07:22:23','2024-03-09 07:22:23'),('1709968981131','http://localhost:8888/image/1709968981131',NULL,'遇见.avif','image/avif','./upload/image','1709968981128.avif',50724,'2024-03-09 07:23:01','2024-03-09 07:23:01'),('1709968965087',NULL,'http://localhost:8888/video/2720ea2130ecbfc1e232b997570425ef.m3u8','遇见.mp4',NULL,'./upload/video/','2720ea2130ecbfc1e232b997570425ef.m3u8',NULL,'2024-03-09 07:23:08','2024-03-09 07:23:08'),('1709970701192','http://localhost:8888/image/1709970701192',NULL,'00后.avif','image/avif','./upload/image','1709970701191.avif',87924,'2024-03-09 07:51:41','2024-03-09 07:51:41'),('1709970691100',NULL,'http://localhost:8888/video/fd1e84b6db22f41f36f48766168fc5c2.m3u8','00后.mp4',NULL,'./upload/video/','fd1e84b6db22f41f36f48766168fc5c2.m3u8',NULL,'2024-03-09 07:53:11','2024-03-09 07:53:11'),('1709972006626','http://localhost:8888/image/1709972006626',NULL,'11.avif','image/avif','./upload/image','1709972006622.avif',190107,'2024-03-09 08:13:26','2024-03-09 08:13:26'),('1710049013107','http://localhost:8888/image/1710049013107',NULL,'iu.avif','image/avif','./upload/image','1710049013105.avif',92623,'2024-03-10 05:36:53','2024-03-10 05:36:53'),('1710049004062',NULL,'http://localhost:8888/video/6457af4bfccec4b5adf527ddc6ae8015.m3u8','iu.mp4',NULL,'./upload/video/','6457af4bfccec4b5adf527ddc6ae8015.m3u8',NULL,'2024-03-10 05:37:07','2024-03-10 05:37:07'),('1710053952071','http://localhost:8888/image/1710053952071',NULL,'龙珠.avif','image/avif','./upload/image','1710053952067.avif',85809,'2024-03-10 06:59:12','2024-03-10 06:59:12'),('1710053959001',NULL,'http://localhost:8888/video/40dbe763ad30dab8c9deafbb6b9a2327.m3u8','龙珠.mp4',NULL,'./upload/video/','40dbe763ad30dab8c9deafbb6b9a2327.m3u8',NULL,'2024-03-10 07:00:09','2024-03-10 07:00:09'),('1710054243291','http://localhost:8888/image/1710054243291',NULL,'2.avif','image/avif','./upload/image','1710054243289.avif',131264,'2024-03-10 07:04:03','2024-03-10 07:04:03'),('1710054258160',NULL,'http://localhost:8888/video/00af74f02993a2d0f359024a2f15a642.m3u8','yui.mp4',NULL,'./upload/video/','00af74f02993a2d0f359024a2f15a642.m3u8',NULL,'2024-03-10 07:04:24','2024-03-10 07:04:24'),('1710054274069','http://localhost:8888/image/1710054274069',NULL,'1.avif','image/avif','./upload/image','1710054274067.avif',105237,'2024-03-10 07:04:34','2024-03-10 07:04:34'),('1710247541234','http://localhost:8888/image/1710247541234',NULL,'anni.jpeg','image/jpeg','./upload/image','1710247541231.jpeg',147138,'2024-03-12 12:45:41','2024-03-12 12:45:41'),('1710330124861',NULL,'http://localhost:8888/video/40dbe763ad30dab8c9deafbb6b9a2327.m3u8','龙珠.mp4',NULL,'./upload/video/','40dbe763ad30dab8c9deafbb6b9a2327.m3u8',NULL,'2024-03-13 11:42:26','2024-03-13 11:42:26'),('1710330277832',NULL,'http://localhost:8888/video/1ed15e31e12171b571fff8ad20df5ebe.m3u8','blank pink.mp4',NULL,'./upload/video/','1ed15e31e12171b571fff8ad20df5ebe.m3u8',NULL,'2024-03-13 11:49:47','2024-03-13 11:49:47'),('1710332315815','http://localhost:8888/image/1710332315815',NULL,'龙珠.avif','image/avif','./upload/image','1710332315813.avif',99779,'2024-03-13 12:18:35','2024-03-13 12:18:35'),('1710332128046',NULL,'http://localhost:8888/video/1ed15e31e12171b571fff8ad20df5ebe.m3u8','blank pink.mp4',NULL,'./upload/video/','1ed15e31e12171b571fff8ad20df5ebe.m3u8',NULL,'2024-03-13 12:20:13','2024-03-13 12:20:13'),('1710333071103',NULL,'http://localhost:8888/video/1ed15e31e12171b571fff8ad20df5ebe.m3u8','blank pink.mp4',NULL,'./upload/video/','1ed15e31e12171b571fff8ad20df5ebe.m3u8',NULL,'2024-03-13 12:48:57','2024-03-13 12:48:57'),('1710333127662',NULL,'http://localhost:8888/video/1ed15e31e12171b571fff8ad20df5ebe.m3u8','blank pink.mp4',NULL,'./upload/video/','1ed15e31e12171b571fff8ad20df5ebe.m3u8',NULL,'2024-03-13 12:54:22','2024-03-13 12:54:22'),('1710333242298',NULL,'http://localhost:8888/video/1ed15e31e12171b571fff8ad20df5ebe.m3u8','blank pink.mp4',NULL,'./upload/video/','1ed15e31e12171b571fff8ad20df5ebe.m3u8',NULL,'2024-03-13 12:57:50','2024-03-13 12:57:50'),('1710333345674',NULL,'http://localhost:8888/video/1ed15e31e12171b571fff8ad20df5ebe.m3u8','blank pink.mp4',NULL,'./upload/video/','1ed15e31e12171b571fff8ad20df5ebe.m3u8',NULL,'2024-03-13 12:59:10','2024-03-13 12:59:10'),('1710333471874',NULL,'http://localhost:8888/video/1ed15e31e12171b571fff8ad20df5ebe.m3u8','blank pink.mp4',NULL,'./upload/video/','1ed15e31e12171b571fff8ad20df5ebe.m3u8',NULL,'2024-03-13 12:59:46','2024-03-13 12:59:46'),('1710335838893','http://localhost:8888/image/1710335838893',NULL,'2.avif','image/avif','./upload/image','1710335838889.avif',98653,'2024-03-13 13:17:18','2024-03-13 13:17:18'),('1710336222468','http://localhost:8888/image/1710336222468',NULL,'2.avif','image/avif','./upload/image','1710336222468.avif',98653,'2024-03-13 13:23:42','2024-03-13 13:23:42'),('1710336424353','http://localhost:8888/image/1710336424353',NULL,'yui.avif','image/avif','./upload/image','1710336424352.avif',60628,'2024-03-13 13:27:04','2024-03-13 13:27:04'),('1710336181768',NULL,'http://localhost:8888/video/1ed15e31e12171b571fff8ad20df5ebe.m3u8','blank pink.mp4',NULL,'./upload/video/','1ed15e31e12171b571fff8ad20df5ebe.m3u8',NULL,'2024-03-13 13:30:22','2024-03-13 13:30:22'),('1710336637468','http://localhost:8888/image/1710336637468',NULL,'头像.jpeg','image/jpeg','./upload/image','1710336637467.jpeg',82221,'2024-03-13 13:30:37','2024-03-13 13:30:37'),('1710336418217',NULL,'http://localhost:8888/video/1ed15e31e12171b571fff8ad20df5ebe.m3u8','blank pink.mp4',NULL,'./upload/video/','1ed15e31e12171b571fff8ad20df5ebe.m3u8',NULL,'2024-03-13 13:37:19','2024-03-13 13:37:19'),('1710336631816',NULL,'http://localhost:8888/video/1ed15e31e12171b571fff8ad20df5ebe.m3u8','blank pink.mp4',NULL,'./upload/video/','1ed15e31e12171b571fff8ad20df5ebe.m3u8',NULL,'2024-03-13 13:38:59','2024-03-13 13:38:59'),('1710337455500','http://localhost:8888/image/1710337455500',NULL,'yui.avif','image/avif','./upload/image','1710337455499.avif',60628,'2024-03-13 13:44:15','2024-03-13 13:44:15'),('1710337669295','http://localhost:8888/image/1710337669295',NULL,'龙珠.avif','image/avif','./upload/image','1710337669293.avif',99779,'2024-03-13 13:47:49','2024-03-13 13:47:49'),('1710337446933',NULL,'http://localhost:8888/video/1ed15e31e12171b571fff8ad20df5ebe.m3u8','blank pink.mp4',NULL,'./upload/video/','1ed15e31e12171b571fff8ad20df5ebe.m3u8',NULL,'2024-03-13 13:51:17','2024-03-13 13:51:17'),('1710337648353',NULL,'http://localhost:8888/video/1ed15e31e12171b571fff8ad20df5ebe.m3u8','blank pink.mp4',NULL,'./upload/video/','1ed15e31e12171b571fff8ad20df5ebe.m3u8',NULL,'2024-03-13 13:54:26','2024-03-13 13:54:26'),('1710338602032','http://localhost:8888/image/1710338602032',NULL,'龙珠.avif','image/avif','./upload/image','1710338602031.avif',99779,'2024-03-13 14:03:22','2024-03-13 14:03:22'),('1710338587635',NULL,'http://localhost:8888/video/1ed15e31e12171b571fff8ad20df5ebe.m3u8','blank pink.mp4',NULL,'./upload/video/','1ed15e31e12171b571fff8ad20df5ebe.m3u8',NULL,'2024-03-13 14:07:47','2024-03-13 14:07:47'),('1710338949219','http://localhost:8888/image/1710338949219',NULL,'2.avif','image/avif','./upload/image','1710338949216.avif',98653,'2024-03-13 14:09:09','2024-03-13 14:09:09'),('1710338942716',NULL,'http://localhost:8888/video/40dbe763ad30dab8c9deafbb6b9a2327.m3u8','龙珠.mp4',NULL,'./upload/video/','40dbe763ad30dab8c9deafbb6b9a2327.m3u8',NULL,'2024-03-13 14:09:27','2024-03-13 14:09:27'),('1710415011327',NULL,'http://localhost:8888/video/00af74f02993a2d0f359024a2f15a642.m3u8','yui.mp4',NULL,'./upload/video/','00af74f02993a2d0f359024a2f15a642.m3u8',NULL,'2024-03-14 11:16:54','2024-03-14 11:16:54'),('1710415423831','http://localhost:8888/image/1710415423831',NULL,'头像.jpeg','image/jpeg','./upload/image','1710415423830.jpeg',82221,'2024-03-14 11:23:43','2024-03-14 11:23:43'),('1710415418134',NULL,'http://localhost:8888/video/40dbe763ad30dab8c9deafbb6b9a2327.m3u8','龙珠.mp4',NULL,'./upload/video/','40dbe763ad30dab8c9deafbb6b9a2327.m3u8',NULL,'2024-03-14 11:24:01','2024-03-14 11:24:01'),('1710415482394',NULL,'http://localhost:8888/video/40dbe763ad30dab8c9deafbb6b9a2327.m3u8','龙珠.mp4',NULL,'./upload/video/','40dbe763ad30dab8c9deafbb6b9a2327.m3u8',NULL,'2024-03-14 11:25:05','2024-03-14 11:25:05'),('1710415566033','http://localhost:8888/image/1710415566033',NULL,'yui.avif','image/avif','./upload/image','1710415566031.avif',60628,'2024-03-14 11:26:06','2024-03-14 11:26:06'),('1710415587587','http://localhost:8888/image/1710415587587',NULL,'龙珠.avif','image/avif','./upload/image','1710415587585.avif',99779,'2024-03-14 11:26:27','2024-03-14 11:26:27'),('1710415559923',NULL,'http://localhost:8888/video/40dbe763ad30dab8c9deafbb6b9a2327.m3u8','龙珠.mp4',NULL,'./upload/video/','40dbe763ad30dab8c9deafbb6b9a2327.m3u8',NULL,'2024-03-14 11:26:28','2024-03-14 11:26:28'),('1710415627360',NULL,'http://localhost:8888/video/00af74f02993a2d0f359024a2f15a642.m3u8','yui.mp4',NULL,'./upload/video/','00af74f02993a2d0f359024a2f15a642.m3u8',NULL,'2024-03-14 11:27:18','2024-03-14 11:27:18'),('1710415786731','http://localhost:8888/image/1710415786731',NULL,'头像.jpeg','image/jpeg','./upload/image','1710415786729.jpeg',82221,'2024-03-14 11:29:46','2024-03-14 11:29:46'),('1710416352911',NULL,'http://localhost:8888/video/00af74f02993a2d0f359024a2f15a642.m3u8','yui.mp4',NULL,'./upload/video/','00af74f02993a2d0f359024a2f15a642.m3u8',NULL,'2024-03-14 11:39:22','2024-03-14 11:39:22'),('1710416377964',NULL,'http://localhost:8888/video/40dbe763ad30dab8c9deafbb6b9a2327.m3u8','龙珠.mp4',NULL,'./upload/video/','40dbe763ad30dab8c9deafbb6b9a2327.m3u8',NULL,'2024-03-14 11:40:52','2024-03-14 11:40:52'),('1710416901481','http://localhost:8888/image/1710416901481',NULL,'头像.jpeg','image/jpeg','./upload/image','1710416901480.jpeg',82221,'2024-03-14 11:48:21','2024-03-14 11:48:21'),('1710416901481','http://localhost:8888/image/1710416901481',NULL,'头像.jpeg','image/jpeg','./upload/image','1710416901479.jpeg',82221,'2024-03-14 11:48:21','2024-03-14 11:48:21'),('1710416887899',NULL,'http://localhost:8888/video/40dbe763ad30dab8c9deafbb6b9a2327.m3u8','龙珠.mp4',NULL,'./upload/video/','40dbe763ad30dab8c9deafbb6b9a2327.m3u8',NULL,'2024-03-14 11:49:20','2024-03-14 11:49:20'),('1710417868765','http://localhost:8888/image/1710417868765',NULL,'头像.jpeg','image/jpeg','./upload/image','1710417868764.jpeg',82221,'2024-03-14 12:04:28','2024-03-14 12:04:28'),('1710417857051',NULL,'http://localhost:8888/video/40dbe763ad30dab8c9deafbb6b9a2327.m3u8','龙珠.mp4',NULL,'./upload/video/','40dbe763ad30dab8c9deafbb6b9a2327.m3u8',NULL,'2024-03-14 12:04:43','2024-03-14 12:04:43'),('1710418459414',NULL,'http://localhost:8888/video/40dbe763ad30dab8c9deafbb6b9a2327.m3u8','龙珠.mp4',NULL,'./upload/video/','40dbe763ad30dab8c9deafbb6b9a2327.m3u8',NULL,'2024-03-14 12:14:40','2024-03-14 12:14:40'),('1710578769680','http://localhost:8888/image/1710578769680',NULL,'anni.jpeg','image/jpeg','./upload/image','1710578769671.jpeg',82514,'2024-03-16 08:46:09','2024-03-16 08:46:09'),('1710578757751',NULL,'http://localhost:8888/video/20e52b8b63b10b86cb84acfe77c0bb67.m3u8','《时光作渡 眉目成书》.mp4',NULL,'./upload/video/','20e52b8b63b10b86cb84acfe77c0bb67.m3u8',NULL,'2024-03-16 08:49:08','2024-03-16 08:49:08');
/*!40000 ALTER TABLE `file` ENABLE KEYS */;
UNLOCK TABLES;

--
-- Table structure for table `history`
--

DROP TABLE IF EXISTS `history`;
/*!40101 SET @saved_cs_client     = @@character_set_client */;
/*!50503 SET character_set_client = utf8mb4 */;
CREATE TABLE `history` (
  `id` char(50) CHARACTER SET utf8mb4 COLLATE utf8mb4_0900_ai_ci NOT NULL DEFAULT '0',
  `vId` char(50) CHARACTER SET utf8mb4 COLLATE utf8mb4_0900_ai_ci DEFAULT NULL,
  `userId` char(50) CHARACTER SET utf8mb4 COLLATE utf8mb4_0900_ai_ci DEFAULT NULL,
  `count` int DEFAULT '0',
  `createTime` timestamp NULL DEFAULT CURRENT_TIMESTAMP ON UPDATE CURRENT_TIMESTAMP,
  PRIMARY KEY (`id`) USING BTREE,
  KEY `vId` (`vId`) USING BTREE,
  KEY `history_ibfk_2` (`userId`) USING BTREE,
  CONSTRAINT `history_ibfk_1` FOREIGN KEY (`vId`) REFERENCES `video` (`id`) ON DELETE CASCADE ON UPDATE CASCADE,
  CONSTRAINT `history_ibfk_2` FOREIGN KEY (`userId`) REFERENCES `user` (`userId`) ON DELETE CASCADE ON UPDATE CASCADE
) ENGINE=InnoDB DEFAULT CHARSET=utf8mb4 COLLATE=utf8mb4_0900_ai_ci ROW_FORMAT=DYNAMIC;
/*!40101 SET character_set_client = @saved_cs_client */;

--
-- Dumping data for table `history`
--

LOCK TABLES `history` WRITE;
/*!40000 ALTER TABLE `history` DISABLE KEYS */;
INSERT INTO `history` VALUES ('1709729161442','1709728788586','1709728495272',1,'2024-03-06 12:46:01'),('1709729167421','1709727694829','1709728495272',3,'2024-03-10 06:34:14'),('1709729170390','1709727225326','1709728495272',3,'2024-03-10 06:34:09'),('1709729173988','1709727158279','1709728495272',3,'2024-03-06 13:51:24'),('1709729173989','1709727158279','1709728495272',3,'2024-03-06 13:51:24'),('1709729588839','1709729476568','1709729533921',2,'2024-03-06 13:27:47'),('1709729829773','1709729818524','1709729533921',3,'2024-03-06 13:28:27'),('1709730070607','1709728442684','1709729533921',2,'2024-03-06 13:27:59'),('1709730789191','1709730689098','1709729533921',0,'2024-03-06 13:13:09'),('1709730789192','1709730689098','1709729533921',0,'2024-03-06 13:13:09'),('1709730792880','1709728788586','1709729533921',1,'2024-03-06 13:27:40'),('1709731243017','1709727158279','1709729533921',3,'2024-03-06 13:26:49'),('1709731634722','1709731471688','1709729533921',0,'2024-03-06 13:27:14'),('1709731638182','1709728097869','1709729533921',0,'2024-03-06 13:27:18'),('1709731647470','1709728917857','1709729533921',0,'2024-03-06 13:27:27'),('1709731692317','1709727360760','1709729533921',0,'2024-03-06 13:28:12'),('1709731700901','1709729514660','1709729533921',1,'2024-03-06 13:28:20'),('1709731719279','1709727225326','1709729533921',0,'2024-03-06 13:28:39'),('1709731737566','1709731599134','1709726632137',8,'2024-03-11 12:43:43'),('1709731744944','1709731471688','1709726632137',7,'2024-03-10 08:18:57'),('1709731744945','1709731471688','1709726632137',7,'2024-03-10 08:18:57'),('1709731750993','1709730689098','1709726632137',3,'2024-03-07 14:08:14'),('1709731756968','1709730058428','1709726632137',7,'2024-03-14 12:16:42'),('1709731765763','1709729818524','1709726632137',4,'2024-03-07 14:07:44'),('1709731771926','1709729514660','1709726632137',9,'2024-03-10 05:04:02'),('1709731777411','1709729476568','1709726632137',11,'2024-03-09 08:36:08'),('1709731782580','1709728917857','1709726632137',23,'2024-03-10 05:40:42'),('1709731789574','1709728442684','1709726632137',17,'2024-03-16 08:46:35'),('1709731797077','1709728788586','1709726632137',3,'2024-03-07 14:08:16'),('1709731825990','1709731599134','1709728495272',2,'2024-03-06 13:51:01'),('1709731833789','1709731471688','1709728495272',1,'2024-03-06 13:30:33'),('1709731840478','1709730689098','1709728495272',1,'2024-03-06 13:30:40'),('1709731845907','1709730058428','1709728495272',3,'2024-03-06 13:55:00'),('1709731850940','1709729818524','1709728495272',2,'2024-03-06 13:33:12'),('1709731858225','1709729514660','1709728495272',2,'2024-03-06 13:33:05'),('1709731863240','1709729476568','1709728495272',1,'2024-03-06 13:31:03'),('1709731869877','1709728442684','1709728495272',1,'2024-03-06 13:31:09'),('1709731875777','1709728097869','1709728495272',0,'2024-03-06 13:31:15'),('1709731888480','1709727360760','1709728495272',1,'2024-03-06 13:31:28'),('1709733049026','1709733037458','1709728495272',3,'2024-03-06 13:52:43'),('1709733135192','1709728917857','1709728495272',1,'2024-03-06 13:55:28'),('1709733196024','1709732612806','1709728495272',1,'2024-03-06 13:53:16'),('1709733391445','1709733037458','1709733343047',0,'2024-03-06 13:56:31'),('1709733391446','1709733037458','1709733343047',0,'2024-03-06 13:56:31'),('1709733398619','1709732612806','1709733343047',3,'2024-03-08 13:46:52'),('1709733408065','1709727694829','1709733343047',2,'2024-03-06 14:00:09'),('1709733421455','1709727225326','1709733343047',2,'2024-03-06 13:59:33'),('1709733435327','1709732368308','1709733343047',1,'2024-03-06 13:57:15'),('1709733447277','1709731599134','1709733343047',1,'2024-03-06 13:57:27'),('1709733462299','1709727158279','1709733343047',1,'2024-03-06 13:57:42'),('1709733471972','1709731471688','1709733343047',0,'2024-03-06 13:57:51'),('1709733490377','1709730058428','1709733343047',0,'2024-03-06 13:58:10'),('1709733509091','1709728097869','1709733343047',0,'2024-03-06 13:58:29'),('1709733522916','1709728442684','1709733343047',0,'2024-03-06 13:58:42'),('1709733535672','1709729476568','1709733343047',0,'2024-03-06 13:58:55'),('1709733549624','1709729514660','1709733343047',1,'2024-03-06 13:59:09'),('1709733559934','1709729818524','1709733343047',1,'2024-03-08 13:46:15'),('1709733584743','1709728788586','1709733343047',1,'2024-03-06 13:59:44'),('1709733595368','1709730689098','1709733343047',0,'2024-03-06 13:59:55'),('1709733622449','1709727360760','1709733343047',1,'2024-03-06 14:00:22'),('1709734141677','1709734139055','1709733343047',1,'2024-03-06 14:09:01'),('1709734757319','1709727158279','1709726632137',11,'2024-03-10 07:35:43'),('1709734771868','1709728097869','1709726632137',6,'2024-03-09 08:25:06'),('1709820321466','1709732612806','1709726632137',1,'2024-03-07 14:05:21'),('1709820348936','1709727694829','1709726632137',20,'2024-03-14 12:18:24'),('1709820394240','1709727225326','1709726632137',1,'2024-03-16 08:46:56'),('1709820456863','1709732368308','1709726632137',1,'2024-03-07 14:07:36'),('1709820702558','1709734139055','1709820642242',9,'2024-03-08 13:42:34'),('1709820710593','1709733037458','1709820642242',7,'2024-03-08 13:43:30'),('1709820722686','1709732612806','1709820642242',2,'2024-03-07 14:18:30'),('1709820734135','1709727225326','1709820642242',1,'2024-03-07 14:18:19'),('1709820753037','1709727360760','1709820642242',3,'2024-03-08 13:42:38'),('1709820782671','1709731599134','1709820642242',11,'2024-03-09 05:31:08'),('1709820905207','1709731471688','1709820642242',2,'2024-03-07 14:17:00'),('1709820907438','1709727158279','1709820642242',4,'2024-03-10 05:56:52'),('1709821016268','1709728097869','1709820642242',4,'2024-03-07 14:20:36'),('1709821017945','1709728917857','1709820642242',0,'2024-03-07 14:16:57'),('1709821029195','1709729514660','1709820642242',1,'2024-03-07 14:17:14'),('1709821029196','1709729514660','1709820642242',1,'2024-03-07 14:17:14'),('1709821032432','1709729818524','1709820642242',2,'2024-03-07 14:20:55'),('1709821077236','1709728442684','1709820642242',1,'2024-03-08 13:42:57'),('1709821077238','1709728442684','1709820642242',1,'2024-03-08 13:42:57'),('1709821090217','1709729476568','1709820642242',0,'2024-03-07 14:18:10'),('1709821114647','1709730689098','1709820642242',2,'2024-03-08 14:06:59'),('1709821114650','1709730689098','1709820642242',2,'2024-03-08 14:06:59'),('1709821120679','1709728788586','1709820642242',0,'2024-03-07 14:18:40'),('1709821134274','1709730058428','1709820642242',3,'2024-03-08 14:07:05'),('1709821164944','1709727694829','1709820642242',1,'2024-03-07 14:19:24'),('1709821301510','1709733037458','1709726632137',2,'2024-03-09 08:25:19'),('1709902221832','1709901343387','1709820642242',4,'2024-03-10 05:57:14'),('1709903129282','1709902167810','1709902530670',2,'2024-03-08 13:39:37'),('1709903129283','1709902167810','1709902530670',2,'2024-03-08 13:39:37'),('1709903181144','1709729476568','1709902530670',1,'2024-03-08 13:06:21'),('1709903329348','1709727694829','1709902530670',0,'2024-03-08 13:08:49'),('1709903329351','1709727694829','1709902530670',0,'2024-03-08 13:08:49'),('1709903883671','1709903824403','1709902530670',2,'2024-03-08 13:40:44'),('1709903886056','1709903474181','1709902530670',0,'2024-03-08 13:18:06'),('1709903907549','1709727360760','1709902530670',1,'2024-03-08 13:18:27'),('1709903913581','1709901227938','1709902530670',1,'2024-03-08 13:39:45'),('1709903918508','1709903103144','1709902530670',0,'2024-03-08 13:18:38'),('1709904152844','1709904147909','1709902530670',1,'2024-03-08 13:39:02'),('1709904152845','1709904147909','1709902530670',1,'2024-03-08 13:39:02'),('1709904625986','1709904597222','1709902530670',3,'2024-03-08 13:38:02'),('1709905061998','1709904846470','1709902530670',1,'2024-03-08 13:37:42'),('1709905096971','1709733037458','1709902530670',0,'2024-03-08 13:38:16'),('1709905107081','1709901189845','1709902530670',0,'2024-03-08 13:38:27'),('1709905115621','1709731599134','1709902530670',0,'2024-03-08 13:38:35'),('1709905129737','1709731471688','1709902530670',0,'2024-03-08 13:38:49'),('1709905151971','1709902846546','1709902530670',0,'2024-03-08 13:39:11'),('1709905160853','1709901682371','1709902530670',0,'2024-03-08 13:39:20'),('1709905168589','1709902212933','1709902530670',0,'2024-03-08 13:39:28'),('1709905196174','1709734139055','1709902530670',0,'2024-03-08 13:39:56'),('1709905206828','1709902491136','1709902530670',0,'2024-03-08 13:40:06'),('1709905206829','1709902491136','1709902530670',0,'2024-03-08 13:40:06'),('1709905214905','1709728917857','1709902530670',0,'2024-03-08 13:40:14'),('1709905222508','1709727158279','1709902530670',0,'2024-03-08 13:40:22'),('1709905259025','1709901343387','1709902530670',2,'2024-03-08 13:41:27'),('1709905267850','1709901732306','1709902530670',0,'2024-03-08 13:41:07'),('1709905275073','1709901525538','1709902530670',0,'2024-03-08 13:41:15'),('1709905320054','1709904846470','1709820642242',1,'2024-03-08 13:42:00'),('1709905329467','1709904597222','1709820642242',0,'2024-03-08 13:42:09'),('1709905336035','1709904147909','1709820642242',2,'2024-03-08 13:42:26'),('1709905339584','1709902846546','1709820642242',0,'2024-03-08 13:42:19'),('1709905347266','1709902167810','1709820642242',2,'2024-03-09 08:14:25'),('1709905351320','1709902212933','1709820642242',1,'2024-03-09 05:20:49'),('1709905362763','1709903474181','1709820642242',9,'2024-03-09 05:30:25'),('1709905367368','1709903824403','1709820642242',1,'2024-03-09 05:28:29'),('1709905372868','1709903878483','1709820642242',0,'2024-03-08 13:42:52'),('1709905372869','1709903878483','1709820642242',0,'2024-03-08 13:42:52'),('1709905381833','1709903103144','1709820642242',0,'2024-03-08 13:43:01'),('1709905387803','1709901227938','1709820642242',0,'2024-03-08 13:43:07'),('1709905396608','1709902491136','1709820642242',1,'2024-03-08 13:43:16'),('1709905405917','1709901189845','1709820642242',2,'2024-03-08 13:58:29'),('1709905427592','1709904846470','1709726632137',3,'2024-03-16 08:45:28'),('1709905432637','1709904597222','1709726632137',1,'2024-03-10 06:30:40'),('1709905438257','1709904147909','1709726632137',0,'2024-03-08 13:43:58'),('1709905438259','1709904147909','1709726632137',0,'2024-03-08 13:43:58'),('1709905441386','1709727360760','1709726632137',1,'2024-03-10 06:28:55'),('1709905449232','1709903878483','1709726632137',1,'2024-03-08 13:44:09'),('1709905454084','1709903824403','1709726632137',1,'2024-03-11 12:44:20'),('1709905454085','1709903824403','1709726632137',1,'2024-03-11 12:44:20'),('1709905459652','1709903474181','1709726632137',3,'2024-03-11 12:44:43'),('1709905459656','1709903474181','1709726632137',3,'2024-03-11 12:44:43'),('1709905464516','1709903103144','1709726632137',2,'2024-03-12 12:46:27'),('1709905464517','1709903103144','1709726632137',2,'2024-03-12 12:46:27'),('1709905469131','1709902846546','1709726632137',2,'2024-03-12 12:46:14'),('1709905476460','1709902491136','1709726632137',4,'2024-03-16 08:47:01'),('1709905489401','1709902167810','1709726632137',7,'2024-03-15 14:46:13'),('1709905495457','1709901525538','1709726632137',3,'2024-03-16 08:47:50'),('1709905500219','1709901343387','1709726632137',0,'2024-03-08 13:45:00'),('1709905518493','1709904846470','1709733343047',1,'2024-03-08 13:45:18'),('1709905525227','1709904597222','1709733343047',1,'2024-03-08 13:45:25'),('1709905532251','1709904147909','1709733343047',0,'2024-03-08 13:45:32'),('1709905538498','1709903878483','1709733343047',1,'2024-03-08 13:45:38'),('1709905544117','1709903824403','1709733343047',1,'2024-03-08 13:45:44'),('1709905549758','1709903103144','1709733343047',1,'2024-03-08 13:45:49'),('1709905554305','1709902846546','1709733343047',1,'2024-03-08 13:46:06'),('1709905557137','1709901227938','1709733343047',0,'2024-03-08 13:45:57'),('1709905562403','1709902167810','1709733343047',1,'2024-03-08 13:46:02'),('1709905567668','1709901682371','1709733343047',0,'2024-03-08 13:46:07'),('1709905592751','1709902212933','1709733343047',1,'2024-03-08 13:46:32'),('1709905601200','1709901189845','1709733343047',1,'2024-03-08 13:46:41'),('1709906190984','1709728442684','1709905648920',1,'2024-03-08 13:56:30'),('1709906299618','1709906040181','1709820642242',0,'2024-03-08 13:58:19'),('1709906299619','1709906040181','1709820642242',0,'2024-03-08 13:58:19'),('1709906316472','1709905956013','1709820642242',0,'2024-03-08 13:58:36'),('1709906326831','1709906184558','1709820642242',1,'2024-03-08 13:58:46'),('1709961682224','1709906560937','1709820642242',1,'2024-03-09 05:21:28'),('1709961682225','1709906560937','1709820642242',1,'2024-03-09 05:21:28'),('1709962503726','1709904846470','1709962443377',1,'2024-03-09 05:35:03'),('1709964514370','1709964424184','1709962443377',0,'2024-03-09 06:08:34'),('1709964514371','1709964424184','1709962443377',0,'2024-03-09 06:08:34'),('1709964618182','1709727158279','1709962443377',2,'2024-03-09 07:05:56'),('1709964787209','1709728097869','1709962443377',1,'2024-03-09 07:05:50'),('1709965275036','1709902846546','1709730380639',1,'2024-03-09 06:21:15'),('1709965345908','1709901189845','1709730380639',3,'2024-03-09 06:24:35'),('1709965649269','1709903878483','1709730372557',1,'2024-03-09 06:27:29'),('1709966549198','1709964765739','1709730357380',1,'2024-03-09 06:42:29'),('1709966843214','1709906560937','1709964349418',2,'2024-03-09 06:47:30'),('1709966994712','1709966991829','1709964349418',2,'2024-03-09 06:51:30'),('1709966994713','1709966991829','1709964349418',2,'2024-03-09 06:51:30'),('1709967204447','1709964424184','1709964349418',4,'2024-03-09 06:56:34'),('1709967304282','1709727158279','1709964349418',1,'2024-03-09 06:55:44'),('1709967404295','1709903103144','1709964349418',1,'2024-03-09 06:56:44'),('1709967433692','1709966991829','1709963638248',2,'2024-03-09 07:03:34'),('1709967463518','1709902212933','1709963638248',0,'2024-03-09 06:57:43'),('1709967467386','1709901682371','1709963638248',0,'2024-03-09 06:57:47'),('1709967470920','1709727360760','1709963638248',0,'2024-03-09 06:57:50'),('1709967476468','1709734139055','1709963638248',0,'2024-03-09 06:57:56'),('1709967481388','1709901227938','1709963638248',0,'2024-03-09 06:58:01'),('1709967488527','1709904147909','1709963638248',1,'2024-03-09 07:03:30'),('1709967494129','1709964765739','1709963638248',1,'2024-03-09 06:58:14'),('1709967498464','1709962703249','1709963638248',1,'2024-03-09 06:59:06'),('1709967503317','1709729514660','1709963638248',0,'2024-03-09 06:58:23'),('1709967511016','1709964424184','1709963638248',1,'2024-03-09 06:58:31'),('1709967514336','1709963889528','1709963638248',2,'2024-03-09 07:03:55'),('1709967523428','1709906560937','1709963638248',1,'2024-03-09 06:58:43'),('1709967528035','1709903474181','1709963638248',0,'2024-03-09 06:58:48'),('1709967533297','1709903824403','1709963638248',0,'2024-03-09 06:58:53'),('1709967539836','1709963106823','1709963638248',0,'2024-03-09 06:58:59'),('1709967549825','1709901343387','1709963638248',0,'2024-03-09 06:59:09'),('1709967554429','1709906184558','1709963638248',0,'2024-03-09 06:59:14'),('1709967559195','1709901525538','1709963638248',0,'2024-03-09 06:59:19'),('1709967565475','1709728442684','1709963638248',0,'2024-03-09 06:59:25'),('1709967565476','1709728442684','1709963638248',0,'2024-03-09 06:59:25'),('1709967570907','1709903878483','1709963638248',0,'2024-03-09 06:59:30'),('1709967575472','1709729476568','1709963638248',0,'2024-03-09 06:59:35'),('1709967583249','1709904597222','1709963638248',0,'2024-03-09 06:59:43'),('1709967588483','1709904846470','1709963638248',0,'2024-03-09 06:59:48'),('1709967791096','1709902167810','1709963638248',1,'2024-03-09 07:03:11'),('1709967821638','1709727694829','1709963638248',2,'2024-03-09 07:03:51'),('1709967828822','1709732612806','1709963638248',0,'2024-03-09 07:03:48'),('1709967838299','1709906040181','1709963638248',0,'2024-03-09 07:03:58'),('1709967839975','1709731599134','1709963638248',0,'2024-03-09 07:03:59'),('1709967901675','1709966991829','1709962443377',1,'2024-03-09 07:05:01'),('1709967906124','1709901227938','1709962443377',1,'2024-03-09 07:06:57'),('1709967909540','1709901682371','1709962443377',0,'2024-03-09 07:05:09'),('1709967912371','1709734139055','1709962443377',0,'2024-03-09 07:05:12'),('1709967915953','1709902167810','1709962443377',0,'2024-03-09 07:05:15'),('1709967924488','1709904147909','1709962443377',0,'2024-03-09 07:05:24'),('1709967933365','1709966796036','1709962443377',0,'2024-03-09 07:05:33'),('1709967937682','1709728917857','1709962443377',0,'2024-03-09 07:05:37'),('1709967941933','1709730058428','1709962443377',0,'2024-03-09 07:05:41'),('1709967946102','1709731471688','1709962443377',0,'2024-03-09 07:05:46'),('1709967965076','1709902491136','1709962443377',0,'2024-03-09 07:06:05'),('1709967983735','1709906560937','1709962443377',0,'2024-03-09 07:06:23'),('1709967987887','1709903474181','1709962443377',0,'2024-03-09 07:06:27'),('1709967993284','1709963106823','1709962443377',0,'2024-03-09 07:06:33'),('1709967998139','1709962703249','1709962443377',0,'2024-03-09 07:06:38'),('1709968006651','1709902212933','1709962443377',1,'2024-03-09 07:06:46'),('1709968011390','1709902846546','1709962443377',0,'2024-03-09 07:06:51'),('1709968022801','1709728442684','1709962443377',1,'2024-03-09 07:07:02'),('1709968028368','1709729476568','1709962443377',0,'2024-03-09 07:07:08'),('1709968037026','1709901525538','1709962443377',1,'2024-03-09 07:07:17'),('1709968041726','1709901732306','1709962443377',0,'2024-03-09 07:07:21'),('1709968045907','1709906184558','1709962443377',0,'2024-03-09 07:07:25'),('1709968051072','1709906040181','1709962443377',0,'2024-03-09 07:07:31'),('1709968056217','1709733037458','1709962443377',0,'2024-03-09 07:07:36'),('1709968065532','1709905956013','1709962443377',3,'2024-03-09 07:13:54'),('1709969013131','1709968946947','1709968338867',6,'2024-03-09 07:46:19'),('1709969028040','1709964424184','1709968338867',2,'2024-03-09 07:55:46'),('1709969032232','1709963889528','1709968338867',0,'2024-03-09 07:23:52'),('1709969041667','1709966991829','1709968338867',0,'2024-03-09 07:24:01'),('1709969041668','1709966991829','1709968338867',0,'2024-03-09 07:24:01'),('1709969045361','1709902167810','1709968338867',0,'2024-03-09 07:24:05'),('1709969051396','1709901227938','1709968338867',0,'2024-03-09 07:24:11'),('1709969060776','1709964765739','1709968338867',0,'2024-03-09 07:24:20'),('1709969060777','1709964765739','1709968338867',0,'2024-03-09 07:24:20'),('1709969067227','1709729818524','1709968338867',1,'2024-03-09 07:24:38'),('1709969073782','1709962703249','1709968338867',0,'2024-03-09 07:24:33'),('1709969082643','1709966796036','1709968338867',0,'2024-03-09 07:24:42'),('1709969086159','1709968992295','1709968338867',2,'2024-03-09 07:47:21'),('1709969090160','1709731471688','1709968338867',0,'2024-03-09 07:24:50'),('1709969095916','1709727158279','1709968338867',0,'2024-03-09 07:24:55'),('1709969103108','1709905956013','1709968338867',3,'2024-03-09 07:55:57'),('1709969103109','1709905956013','1709968338867',3,'2024-03-09 07:55:57'),('1709969111661','1709906040181','1709968338867',0,'2024-03-09 07:25:11'),('1709969115941','1709731599134','1709968338867',0,'2024-03-09 07:25:15'),('1709969124717','1709906560937','1709968338867',1,'2024-03-09 07:25:24'),('1709969128129','1709903474181','1709968338867',0,'2024-03-09 07:25:28'),('1709969136357','1709732612806','1709968338867',1,'2024-03-09 07:25:36'),('1709969143378','1709727694829','1709968338867',0,'2024-03-09 07:25:43'),('1709970487095','1709901189845','1709968338867',0,'2024-03-09 07:48:07'),('1709970487099','1709901189845','1709968338867',0,'2024-03-09 07:48:07'),('1709972060596','1709964424184','1709820642242',2,'2024-03-09 08:15:00'),('1709972103942','1709963889528','1709820642242',0,'2024-03-09 08:15:03'),('1709972105841','1709968946947','1709820642242',0,'2024-03-09 08:15:05'),('1709972113735','1709970879644','1709820642242',1,'2024-03-09 08:15:13'),('1709972161375','1709901682371','1709820642242',0,'2024-03-09 08:16:01'),('1709972161377','1709901682371','1709820642242',0,'2024-03-09 08:16:01'),('1709972253109','1709970879644','1709968523870',1,'2024-03-09 08:17:33'),('1709972256254','1709729818524','1709968523870',0,'2024-03-09 08:17:36'),('1709972259583','1709962703249','1709968523870',0,'2024-03-09 08:17:39'),('1709972263526','1709729514660','1709968523870',0,'2024-03-09 08:17:43'),('1709972268168','1709964765739','1709968523870',0,'2024-03-09 08:17:48'),('1709972273762','1709968992295','1709968523870',1,'2024-03-09 08:17:53'),('1709972276523','1709731471688','1709968523870',0,'2024-03-09 08:17:56'),('1709972279149','1709728917857','1709968523870',0,'2024-03-09 08:17:59'),('1709972281878','1709730058428','1709968523870',0,'2024-03-09 08:18:01'),('1709972285221','1709966796036','1709968523870',0,'2024-03-09 08:18:05'),('1709972288458','1709727158279','1709968523870',0,'2024-03-09 08:18:08'),('1709972292708','1709728097869','1709968523870',1,'2024-03-09 08:18:24'),('1709972297055','1709902491136','1709968523870',0,'2024-03-09 08:18:17'),('1709972308587','1709968946947','1709968523870',1,'2024-03-09 08:18:28'),('1709972313034','1709731599134','1709968523870',0,'2024-03-09 08:18:33'),('1709972318148','1709963889528','1709968523870',0,'2024-03-09 08:18:38'),('1709972322031','1709901189845','1709968523870',0,'2024-03-09 08:18:42'),('1709972328809','1709906560937','1709968523870',0,'2024-03-09 08:18:48'),('1709972332258','1709903474181','1709968523870',0,'2024-03-09 08:18:52'),('1709972341352','1709903824403','1709968523870',0,'2024-03-09 08:19:01'),('1709972350273','1709904846470','1709968523870',0,'2024-03-09 08:19:10'),('1709972354281','1709904597222','1709968523870',0,'2024-03-09 08:19:14'),('1709972401338','1709966991829','1709968523870',1,'2024-03-09 08:20:01'),('1709972405003','1709902167810','1709968523870',0,'2024-03-09 08:20:05'),('1709972410468','1709963106823','1709968523870',0,'2024-03-09 08:20:10'),('1709972410470','1709963106823','1709968523870',0,'2024-03-09 08:20:10'),('1709972420047','1709905956013','1709968523870',3,'2024-03-09 08:21:45'),('1709972427246','1709904147909','1709968523870',1,'2024-03-09 08:20:27'),('1709972432572','1709727360760','1709968523870',0,'2024-03-09 08:20:32'),('1709972459902','1709902846546','1709968523870',0,'2024-03-09 08:20:59'),('1709972464366','1709902212933','1709968523870',0,'2024-03-09 08:21:04'),('1709972472551','1709729476568','1709968523870',1,'2024-03-09 08:21:12'),('1709972479418','1709728442684','1709968523870',0,'2024-03-09 08:21:19'),('1709972548901','1709964424184','1709968523870',1,'2024-03-09 08:22:28'),('1709972692818','1709905956013','1709726632137',34,'2024-03-16 08:47:39'),('1709972695794','1709966796036','1709726632137',6,'2024-03-13 11:40:48'),('1709972711834','1709964424184','1709726632137',25,'2024-03-16 08:48:45'),('1709972737687','1709901189845','1709726632137',5,'2024-03-15 14:44:23'),('1709972741947','1709906040181','1709726632137',1,'2024-03-11 12:42:52'),('1709972868456','1709964765739','1709726632137',5,'2024-03-13 11:40:54'),('1709972877270','1709970879644','1709726632137',7,'2024-03-14 11:39:02'),('1709973147100','1709963889528','1709726632137',2,'2024-03-11 12:45:47'),('1709973151309','1709963106823','1709726632137',2,'2024-03-11 12:44:16'),('1710047038394','1709962703249','1709726632137',3,'2024-03-14 11:24:55'),('1710049036337','1710049033545','1709968523870',0,'2024-03-10 05:37:16'),('1710049203181','1709968992295','1709726632137',4,'2024-03-14 12:16:38'),('1710050135273','1709906560937','1709726632137',3,'2024-03-14 12:18:09'),('1710050240328','1710049033545','1709820642242',2,'2024-03-10 05:57:26'),('1710050270682','1710049033545','1709968338867',0,'2024-03-10 05:57:50'),('1710050270683','1710049033545','1709968338867',0,'2024-03-10 05:57:50'),('1710051377181','1709901682371','1709726632137',0,'2024-03-10 06:16:17'),('1710052100068','1709968946947','1709726632137',11,'2024-03-16 08:44:31'),('1710052600633','1709970879644','1709968099989',1,'2024-03-10 06:36:40'),('1710052606878','1709963889528','1709968099989',1,'2024-03-10 06:36:46'),('1710052613396','1709968946947','1709968099989',0,'2024-03-10 06:36:53'),('1710052736944','1710049033545','1709726632137',1,'2024-03-16 08:46:51'),('1710053821695','1709727694829','1709968099989',0,'2024-03-10 06:57:01'),('1710054286923','1710054284377','1710054197921',3,'2024-03-10 07:05:27'),('1710056297403','1709727158279','1709968099989',1,'2024-03-10 07:38:17'),('1710161093031','1710054012961','1709726632137',4,'2024-03-12 13:08:47'),('1710161093034','1710054012961','1709726632137',4,'2024-03-12 13:08:47'),('1710330022932','1710054284377','1709726632137',1,'2024-03-13 11:40:22'),('1710578968012','1710578948826','1709726632137',1,'2024-03-16 08:49:28');
/*!40000 ALTER TABLE `history` ENABLE KEYS */;
UNLOCK TABLES;

--
-- Table structure for table `later`
--

DROP TABLE IF EXISTS `later`;
/*!40101 SET @saved_cs_client     = @@character_set_client */;
/*!50503 SET character_set_client = utf8mb4 */;
CREATE TABLE `later` (
  `id` char(50) CHARACTER SET utf8mb4 COLLATE utf8mb4_0900_ai_ci NOT NULL,
  `vId` char(50) CHARACTER SET utf8mb4 COLLATE utf8mb4_0900_ai_ci NOT NULL,
  `userId` char(50) CHARACTER SET utf8mb4 COLLATE utf8mb4_0900_ai_ci NOT NULL,
  `createTime` timestamp NULL DEFAULT CURRENT_TIMESTAMP,
  `updateTime` timestamp NULL DEFAULT CURRENT_TIMESTAMP ON UPDATE CURRENT_TIMESTAMP,
  PRIMARY KEY (`vId`,`userId`) USING BTREE,
  KEY `later_ibfk_2` (`userId`) USING BTREE,
  CONSTRAINT `later_ibfk_1` FOREIGN KEY (`vId`) REFERENCES `video` (`id`) ON DELETE CASCADE ON UPDATE CASCADE,
  CONSTRAINT `later_ibfk_2` FOREIGN KEY (`userId`) REFERENCES `user` (`userId`) ON DELETE CASCADE ON UPDATE CASCADE
) ENGINE=InnoDB DEFAULT CHARSET=utf8mb4 COLLATE=utf8mb4_0900_ai_ci ROW_FORMAT=DYNAMIC;
/*!40101 SET character_set_client = @saved_cs_client */;

--
-- Dumping data for table `later`
--

LOCK TABLES `later` WRITE;
/*!40000 ALTER TABLE `later` DISABLE KEYS */;
INSERT INTO `later` VALUES ('1709970482797','1709728442684','1709968338867','2024-03-09 07:48:02','2024-03-09 07:48:02'),('1709903290780','1709730689098','1709902530670','2024-03-08 13:08:10','2024-03-08 13:08:10'),('1709970477481','1709901189845','1709968338867','2024-03-09 07:47:57','2024-03-09 07:47:57'),('1709903286764','1709901682371','1709902530670','2024-03-08 13:08:06','2024-03-08 13:08:06'),('1709970474796','1709902491136','1709968338867','2024-03-09 07:47:54','2024-03-09 07:47:54'),('1709903284731','1709902846546','1709902530670','2024-03-08 13:08:04','2024-03-08 13:08:04'),('1709903282714','1709903103144','1709902530670','2024-03-08 13:08:02','2024-03-08 13:08:02'),('1709970472397','1709903824403','1709968338867','2024-03-09 07:47:52','2024-03-09 07:47:52'),('1709970470514','1709903878483','1709968338867','2024-03-09 07:47:50','2024-03-09 07:47:50'),('1709970458480','1709904597222','1709968338867','2024-03-09 07:47:38','2024-03-09 07:47:38'),('1710053630295','1709905956013','1709726632137','2024-03-10 06:53:50','2024-03-10 06:53:50'),('1710052208413','1709962703249','1709726632137','2024-03-10 06:30:08','2024-03-10 06:30:08'),('1710052205960','1709963106823','1709726632137','2024-03-10 06:30:05','2024-03-10 06:30:05'),('1709970454763','1709963889528','1709968338867','2024-03-09 07:47:34','2024-03-09 07:47:34'),('1709970452715','1709964424184','1709968338867','2024-03-09 07:47:32','2024-03-09 07:47:32'),('1710053616745','1709964765739','1709726632137','2024-03-10 06:53:36','2024-03-10 06:53:36'),('1710053614082','1709966991829','1709726632137','2024-03-10 06:53:34','2024-03-10 06:53:34'),('1709970449731','1709966991829','1709968338867','2024-03-09 07:47:29','2024-03-09 07:47:29'),('1710053732504','1709968946947','1709726632137','2024-03-10 06:55:32','2024-03-10 06:55:32'),('1709970447249','1709968946947','1709968338867','2024-03-09 07:47:27','2024-03-09 07:47:27'),('1709972090943','1709968992295','1709820642242','2024-03-09 08:14:50','2024-03-09 08:14:50'),('1709970445514','1709968992295','1709968338867','2024-03-09 07:47:25','2024-03-09 07:47:25'),('1709972088878','1709970879644','1709820642242','2024-03-09 08:14:48','2024-03-09 08:14:48'),('1710052599817','1709970879644','1709968099989','2024-03-10 06:36:39','2024-03-10 06:36:39'),('1710052598215','1710049033545','1709968099989','2024-03-10 06:36:38','2024-03-10 06:36:38'),('1710054362863','1710054012961','1710054197921','2024-03-10 07:06:02','2024-03-10 07:06:02');
/*!40000 ALTER TABLE `later` ENABLE KEYS */;
UNLOCK TABLES;

--
-- Table structure for table `log`
--

DROP TABLE IF EXISTS `log`;
/*!40101 SET @saved_cs_client     = @@character_set_client */;
/*!50503 SET character_set_client = utf8mb4 */;
CREATE TABLE `log` (
  `id` char(50) NOT NULL,
  `userId` char(50) DEFAULT NULL,
  `createTime` timestamp NULL DEFAULT CURRENT_TIMESTAMP,
  `updateTime` timestamp NULL DEFAULT CURRENT_TIMESTAMP ON UPDATE CURRENT_TIMESTAMP,
  PRIMARY KEY (`id`),
  KEY `userId` (`userId`),
  CONSTRAINT `log_ibfk_1` FOREIGN KEY (`userId`) REFERENCES `user` (`userId`) ON DELETE CASCADE ON UPDATE CASCADE
) ENGINE=InnoDB DEFAULT CHARSET=utf8mb4 COLLATE=utf8mb4_0900_ai_ci;
/*!40101 SET character_set_client = @saved_cs_client */;

--
-- Dumping data for table `log`
--

LOCK TABLES `log` WRITE;
/*!40000 ALTER TABLE `log` DISABLE KEYS */;
INSERT INTO `log` VALUES ('1709726644188','1709726632137','2024-03-06 12:04:04','2024-03-06 12:04:04'),('1709726723145','1709726637539','2024-03-06 12:05:23','2024-03-06 12:05:23'),('1709728505411','1709728495272','2024-03-06 12:35:05','2024-03-06 12:35:05'),('1709729539043','1709729533921','2024-03-06 12:52:19','2024-03-06 12:52:19'),('1709730205182','1709730195053','2024-03-06 13:03:25','2024-03-06 13:03:25'),('1709731732921','1709726632137','2024-03-06 13:28:52','2024-03-06 13:28:52'),('1709731819688','1709728495272','2024-03-06 13:30:19','2024-03-06 13:30:19'),('1709733347788','1709733343047','2024-03-06 13:55:47','2024-03-06 13:55:47'),('1709734566201','1709726632137','2024-03-06 14:16:06','2024-03-06 14:16:06'),('1709735046662','1709730195053','2024-03-06 14:24:06','2024-03-06 14:24:06'),('1709819764534','1709726632137','2024-03-07 13:56:04','2024-03-07 13:56:04'),('1709820025507','1709726632137','2024-03-07 14:00:25','2024-03-07 14:00:25'),('1709820647817','1709820642242','2024-03-07 14:10:47','2024-03-07 14:10:47'),('1709821281636','1709726632137','2024-03-07 14:21:21','2024-03-07 14:21:21'),('1709900967200','1709820642242','2024-03-08 12:29:27','2024-03-08 12:29:27'),('1709901989868','1709733343047','2024-03-08 12:46:29','2024-03-08 12:46:29'),('1709902094582','1709820642242','2024-03-08 12:48:14','2024-03-08 12:48:14'),('1709902535721','1709902530670','2024-03-08 12:55:35','2024-03-08 12:55:35'),('1709902988563','1709729533921','2024-03-08 13:03:08','2024-03-08 13:03:08'),('1709903796006','1709726632137','2024-03-08 13:16:36','2024-03-08 13:16:36'),('1709904303154','1709728495272','2024-03-08 13:25:03','2024-03-08 13:25:03'),('1709905315433','1709820642242','2024-03-08 13:41:55','2024-03-08 13:41:55'),('1709905422393','1709726632137','2024-03-08 13:43:42','2024-03-08 13:43:42'),('1709905513825','1709733343047','2024-03-08 13:45:13','2024-03-08 13:45:13'),('1709905651792','1709905648920','2024-03-08 13:47:31','2024-03-08 13:47:31'),('1709906297831','1709820642242','2024-03-08 13:58:17','2024-03-08 13:58:17'),('1709962450491','1709962443377','2024-03-09 05:34:10','2024-03-09 05:34:10'),('1709963691130','1709963638248','2024-03-09 05:54:51','2024-03-09 05:54:51'),('1709964353997','1709964349418','2024-03-09 06:05:53','2024-03-09 06:05:53'),('1709965038266','1709730380639','2024-03-09 06:17:18','2024-03-09 06:17:18'),('1709965188008','1709730380639','2024-03-09 06:19:48','2024-03-09 06:19:48'),('1709965488949','1709730372557','2024-03-09 06:24:48','2024-03-09 06:24:48'),('1709965500255','1709730372557','2024-03-09 06:25:00','2024-03-09 06:25:00'),('1709965758546','1709730367418','2024-03-09 06:29:18','2024-03-09 06:29:18'),('1709965827871','1709730362355','2024-03-09 06:30:27','2024-03-09 06:30:27'),('1709965949867','1709730357380','2024-03-09 06:32:29','2024-03-09 06:32:29'),('1709965991321','1709730195053','2024-03-09 06:33:11','2024-03-09 06:33:11'),('1709966657632','1709964349418','2024-03-09 06:44:17','2024-03-09 06:44:17'),('1709967311466','1709726632137','2024-03-09 06:55:11','2024-03-09 06:55:11'),('1709967337968','1709964349418','2024-03-09 06:55:37','2024-03-09 06:55:37'),('1709967431417','1709963638248','2024-03-09 06:57:11','2024-03-09 06:57:11'),('1709967896453','1709962443377','2024-03-09 07:04:56','2024-03-09 07:04:56'),('1709968104637','1709968099989','2024-03-09 07:08:24','2024-03-09 07:08:24'),('1709968343832','1709968338867','2024-03-09 07:12:23','2024-03-09 07:12:23'),('1709968529647','1709968523870','2024-03-09 07:15:29','2024-03-09 07:15:29'),('1709968598401','1709968099989','2024-03-09 07:16:38','2024-03-09 07:16:38'),('1709969009261','1709968338867','2024-03-09 07:23:29','2024-03-09 07:23:29'),('1709969657322','1709968338867','2024-03-09 07:34:17','2024-03-09 07:34:17'),('1709970506848','1709726637539','2024-03-09 07:48:26','2024-03-09 07:48:26'),('1709970735184','1709964349418','2024-03-09 07:52:15','2024-03-09 07:52:15'),('1709970849867','1709963638248','2024-03-09 07:54:09','2024-03-09 07:54:09'),('1709971016915','1709726632137','2024-03-09 07:56:56','2024-03-09 07:56:56'),('1709971138313','1709728495272','2024-03-09 07:58:58','2024-03-09 07:58:58'),('1709971202020','1709820642242','2024-03-09 08:00:02','2024-03-09 08:00:02'),('1709971902431','1709820642242','2024-03-09 08:11:42','2024-03-09 08:11:42'),('1709972242536','1709968523870','2024-03-09 08:17:22','2024-03-09 08:17:22'),('1709972688485','1709726632137','2024-03-09 08:24:48','2024-03-09 08:24:48'),('1710047027032','1709726637539','2024-03-10 05:03:47','2024-03-10 05:03:47'),('1710047240263','1709726632137','2024-03-10 05:07:20','2024-03-10 05:07:20'),('1710047483331','1709728495272','2024-03-10 05:11:23','2024-03-10 05:11:23'),('1710047514060','1709726632137','2024-03-10 05:11:54','2024-03-10 05:11:54'),('1710047555336','1709726632137','2024-03-10 05:12:35','2024-03-10 05:12:35'),('1710047891658','1709726632137','2024-03-10 05:18:11','2024-03-10 05:18:11'),('1710048713786','1709968523870','2024-03-10 05:31:53','2024-03-10 05:31:53'),('1710049046525','1709726632137','2024-03-10 05:37:26','2024-03-10 05:37:26'),('1710050156358','1709820642242','2024-03-10 05:55:56','2024-03-10 05:55:56'),('1710050268745','1709968338867','2024-03-10 05:57:48','2024-03-10 05:57:48'),('1710050429263','1709726637539','2024-03-10 06:00:29','2024-03-10 06:00:29'),('1710050446334','1709726632137','2024-03-10 06:00:46','2024-03-10 06:00:46'),('1710050591517','1709726632137','2024-03-10 06:03:11','2024-03-10 06:03:11'),('1710050620422','1709726632137','2024-03-10 06:03:40','2024-03-10 06:03:40'),('1710050657194','1709726632137','2024-03-10 06:04:17','2024-03-10 06:04:17'),('1710050666558','1709726632137','2024-03-10 06:04:26','2024-03-10 06:04:26'),('1710050674826','1709726632137','2024-03-10 06:04:34','2024-03-10 06:04:34'),('1710050699200','1709726632137','2024-03-10 06:04:59','2024-03-10 06:04:59'),('1710050708208','1709726632137','2024-03-10 06:05:08','2024-03-10 06:05:08'),('1710050709941','1709726632137','2024-03-10 06:05:09','2024-03-10 06:05:09'),('1710050710637','1709726632137','2024-03-10 06:05:10','2024-03-10 06:05:10'),('1710050711203','1709726632137','2024-03-10 06:05:11','2024-03-10 06:05:11'),('1710050711525','1709726632137','2024-03-10 06:05:11','2024-03-10 06:05:11'),('1710050711751','1709726632137','2024-03-10 06:05:11','2024-03-10 06:05:11'),('1710050711955','1709726632137','2024-03-10 06:05:11','2024-03-10 06:05:11'),('1710050745438','1709726637539','2024-03-10 06:05:45','2024-03-10 06:05:45'),('1710050765605','1709726632137','2024-03-10 06:06:05','2024-03-10 06:06:05'),('1710051354598','1709726632137','2024-03-10 06:15:54','2024-03-10 06:15:54'),('1710051527803','1709726637539','2024-03-10 06:18:47','2024-03-10 06:18:47'),('1710052096768','1709726632137','2024-03-10 06:28:16','2024-03-10 06:28:16'),('1710052430355','1709728495272','2024-03-10 06:33:50','2024-03-10 06:33:50'),('1710052536105','1709968099989','2024-03-10 06:35:36','2024-03-10 06:35:36'),('1710053537345','1709726632137','2024-03-10 06:52:17','2024-03-10 06:52:17'),('1710053818063','1709968099989','2024-03-10 06:56:58','2024-03-10 06:56:58'),('1710053894310','1709726632137','2024-03-10 06:58:14','2024-03-10 06:58:14'),('1710053898176','1709726637539','2024-03-10 06:58:18','2024-03-10 06:58:18'),('1710054204882','1710054197921','2024-03-10 07:03:24','2024-03-10 07:03:24'),('1710054370566','1709726632137','2024-03-10 07:06:10','2024-03-10 07:06:10'),('1710057375374','1709726632137','2024-03-10 07:56:15','2024-03-10 07:56:15'),('1710057420634','1709726637539','2024-03-10 07:57:00','2024-03-10 07:57:00'),('1710058684910','1709726637539','2024-03-10 08:18:04','2024-03-10 08:18:04'),('1710058731831','1709726632137','2024-03-10 08:18:51','2024-03-10 08:18:51'),('1710159533522','1709726632137','2024-03-11 12:18:53','2024-03-11 12:18:53'),('1710159551652','1709726637539','2024-03-11 12:19:11','2024-03-11 12:19:11'),('1710247247927','1709726632137','2024-03-12 12:40:47','2024-03-12 12:40:47'),('1710247470350','1709726637539','2024-03-12 12:44:30','2024-03-12 12:44:30'),('1710329913878','1709726632137','2024-03-13 11:38:33','2024-03-13 11:38:33'),('1710331813523','1709726632137','2024-03-13 12:10:13','2024-03-13 12:10:13'),('1710414674041','1709726632137','2024-03-14 11:11:14','2024-03-14 11:11:14'),('1710513140529','1709726632137','2024-03-15 14:32:20','2024-03-15 14:32:20'),('1710514126476','1709726637539','2024-03-15 14:48:46','2024-03-15 14:48:46'),('1710514310568','1709726632137','2024-03-15 14:51:50','2024-03-15 14:51:50'),('1710578666882','1709726632137','2024-03-16 08:44:26','2024-03-16 08:44:26');
/*!40000 ALTER TABLE `log` ENABLE KEYS */;
UNLOCK TABLES;

--
-- Table structure for table `moment`
--

DROP TABLE IF EXISTS `moment`;
/*!40101 SET @saved_cs_client     = @@character_set_client */;
/*!50503 SET character_set_client = utf8mb4 */;
CREATE TABLE `moment` (
  `id` char(50) CHARACTER SET utf8mb4 COLLATE utf8mb4_0900_ai_ci NOT NULL,
  `title` varchar(255) CHARACTER SET utf8mb4 COLLATE utf8mb4_0900_ai_ci DEFAULT NULL,
  `content` text CHARACTER SET utf8mb4 COLLATE utf8mb4_0900_ai_ci,
  `vid` char(50) CHARACTER SET utf8mb4 COLLATE utf8mb4_0900_ai_ci DEFAULT NULL,
  `userId` char(50) CHARACTER SET utf8mb4 COLLATE utf8mb4_0900_ai_ci DEFAULT NULL,
  `cId` char(50) CHARACTER SET utf8mb4 COLLATE utf8mb4_0900_ai_ci DEFAULT NULL,
  `createTime` timestamp NULL DEFAULT CURRENT_TIMESTAMP,
  `updateTime` timestamp NULL DEFAULT CURRENT_TIMESTAMP ON UPDATE CURRENT_TIMESTAMP,
  PRIMARY KEY (`id`) USING BTREE,
  UNIQUE KEY `title` (`title`) USING BTREE,
  KEY `vid` (`vid`) USING BTREE,
  KEY `userId` (`userId`) USING BTREE,
  KEY `cId` (`cId`) USING BTREE,
  CONSTRAINT `moment_ibfk_1` FOREIGN KEY (`vid`) REFERENCES `video` (`id`) ON DELETE CASCADE ON UPDATE CASCADE,
  CONSTRAINT `moment_ibfk_2` FOREIGN KEY (`userId`) REFERENCES `user` (`userId`) ON DELETE CASCADE ON UPDATE CASCADE,
  CONSTRAINT `moment_ibfk_3` FOREIGN KEY (`cId`) REFERENCES `channel` (`id`) ON DELETE CASCADE ON UPDATE CASCADE
) ENGINE=InnoDB DEFAULT CHARSET=utf8mb4 COLLATE=utf8mb4_0900_ai_ci ROW_FORMAT=DYNAMIC;
/*!40101 SET character_set_client = @saved_cs_client */;

--
-- Dumping data for table `moment`
--

LOCK TABLES `moment` WRITE;
/*!40000 ALTER TABLE `moment` DISABLE KEYS */;
INSERT INTO `moment` VALUES ('1709967156435','慢慢人生路','豫章故郡，洪都新府。星分翼轸(zhěn)，地接衡庐。襟三江而带五湖，控蛮荆而引瓯(ōu)越。物华天宝，龙光射牛斗之墟;人杰地灵，徐孺下陈蕃(fān)之榻。雄州雾列，俊采星驰。台隍(huáng)枕夷夏之交，宾主尽东南之美。都督阎公之雅望','1709963106823','1709964349418','1709964349422','2024-03-09 06:52:36','2024-03-09 06:52:36'),('1709970780158','学家王勃创作的一篇骈文','眺望的广远，扣紧秋日，景色鲜明；再从宴会娱游写到人生遇合，抒发身世之感；接着写作者的遭遇并表白要自励志节，最后以应命赋诗和自谦之辞作结','1709966991829','1709964349418','1709964349422','2024-03-09 07:53:00','2024-03-09 07:53:00'),('1709970801046','洪都新府。星分翼轸(zhěn)，地接衡庐','主尽东南之美。都督阎公之雅望，棨(qǐ )戟(j ǐ)遥临;宇文新州之懿(yì)范，襜(chān)帷(wéi)暂驻。十旬休假，胜友如云；千里逢迎','1709963106823','1709964349418','1709964349422','2024-03-09 07:53:21','2024-03-09 07:53:21'),('1709970824150','川泽纡(yū)其骇瞩。闾(lǘ)阎(yán) 扑地','怀投笔，慕宗悫(què)之长风。舍簪(zān)笏(hù)于百龄，奉晨昏于万里。非谢家之宝树，接孟氏之芳邻。他日趋庭，叨(tāo)陪鲤对','1709964424184','1709964349418','1709964349422','2024-03-09 07:53:44','2024-03-09 07:53:44'),('1709970837130','极娱游于暇日。天高地迥','一介书生。无路请缨，等终军之弱冠;有怀投笔，慕宗悫(què)之长风。舍簪(zān)笏(hù)于百龄，奉晨昏于万里','1709903474181','1709964349418','1709964349422','2024-03-09 07:53:57','2024-03-09 07:53:57'),('1709970875677','穷岛屿之萦(yíng)回；桂殿兰宫，即冈峦之体势','原旷其盈视，川泽纡(yū)其骇瞩。闾(lǘ)阎(yán) 扑地，钟鸣鼎食之家；舸(gě)舰弥津，青雀黄龙之舳(zhú)。云销雨霁(jì)，彩彻区明','1709962703249','1709963638248','1709963638255','2024-03-09 07:54:35','2024-03-09 07:54:35'),('1709970919010','气凌彭泽之樽(zūn)；邺(yè)水朱华','九月，序属三秋。潦(lǎo)水尽而寒潭清，烟光凝而暮山紫。俨(yǎn)骖騑(cān fēi)于上路，访风景于崇阿(ē)；临帝子之长洲，','1709906040181','1709963638248','1709963638255','2024-03-09 07:55:19','2024-03-09 07:55:19'),('1709970937610','钟鸣鼎食之家；舸(gě)舰弥津','。潦(lǎo)水尽而寒潭清，烟光凝而暮山紫。俨(yǎn)骖騑(cān fēi)于上路，访风景于崇阿(ē)；临帝子之长洲，得天人之旧馆。层峦耸翠，上出重霄;飞阁流丹，下临无地。鹤汀(tīng)凫(fú )渚(zhǔ)，穷岛屿之萦(yíng)回','1709728097869','1709963638248','1709963638255','2024-03-09 07:55:37','2024-03-09 07:55:37'),('1709970978994','极娱游于暇日。天高地迥(jiǒng)，觉宇宙之无穷','(fú )渚(zhǔ)，穷岛屿之萦(yíng)回；桂殿兰宫，即冈峦之体势。披绣闼(tà)，俯雕甍(méng )，山原旷其盈视，川泽纡(yū)其骇瞩。闾(lǘ)阎(yán) 扑地，钟鸣鼎食之家；舸(gě)舰弥津，青雀黄龙之舳(zhú)。云销雨霁','1709901189845','1709963638248','1709963638255','2024-03-09 07:56:18','2024-03-09 07:56:18'),('1709971002647','潦(lǎo)水尽而寒潭清，烟光凝而暮山紫。俨(yǎn)骖騑(cān fēi)于上路，访风景于崇阿(ē)；临帝子之长','穷睇眄(dì miǎn)于中天，极娱游于暇日。天高地迥(jiǒng)，觉宇宙之无穷；兴尽悲来，识盈虚之有数。望长安于日下，目吴会(kuài)于云间。地势极而南溟(míng)深，天柱高而北辰远。关山难越，谁悲失路之人;萍水','1709901682371','1709963638248','1709963638255','2024-03-09 07:56:42','2024-03-09 07:56:42'),('1709971042064','豫章故郡，洪都新府','襟三江而带五湖，控蛮荆而引瓯(ōu)越。物华天宝，龙光射牛斗之墟;人杰地灵，徐孺下陈蕃(fān)之榻。雄州雾列，俊采星驰。台隍(huáng)枕夷夏之交，宾主尽东南之美。都督阎公之雅望，棨(qǐ )戟','1709968946947','1709726632137','1709726632143','2024-03-09 07:57:22','2024-03-09 07:57:22'),('1709971065080','时维九月，序属三秋。潦(lǎo)水尽而寒潭清，烟光凝而暮山紫。俨(yǎn)骖騑(cān fēi)于上路，访风景于崇阿(ē)；临帝子之长洲','地接衡庐。襟三江而带五湖，控蛮荆而引瓯(ōu)越。物华天宝，龙光射牛斗之墟;人杰地灵，徐孺下陈蕃(fān)之榻。雄州雾列，俊采星驰。台隍(huáng)枕夷夏之交，宾主尽东南之美。都督阎公之雅望，棨(qǐ )戟(j ǐ)遥临;宇文新州之懿(yì)范，襜(chān)帷(wéi)暂驻。十旬休假，胜友如云；千里逢迎','1709729514660','1709726632137','1709726632143','2024-03-09 07:57:45','2024-03-09 07:57:45'),('1709971086960','云销雨霁(jì)，彩彻区明。落霞与孤鹜(wù)齐飞，秋水共长天一色。渔舟唱晚，响穷彭蠡(lǐ)之滨；雁阵惊寒','穷睇眄(dì miǎn)于中天，极娱游于暇日。天高地迥(jiǒng)，觉宇宙之无穷；兴尽悲来，识盈虚之有数。望长安于日下，目吴会(kuài)于云间。地势极而南溟(míng)深，天柱高而北辰远。关山难越，谁悲失路之人;萍水相逢','1709902491136','1709726632137','1709726632143','2024-03-09 07:58:06','2024-03-09 07:58:06'),('1709971113876','路出名区;童子何知，躬逢胜饯','序属三秋。潦(lǎo)水尽而寒潭清，烟光凝而暮山紫。俨(yǎn)骖騑(cān fēi)于上路，访风景于崇阿(ē)；临帝子之长洲，得天人之旧馆。层峦耸翠，上出重霄;飞阁流丹，下临无地。鹤汀(tīng)凫(fú )渚(zhǔ)，穷岛屿之','1709903474181','1709726632137','1709726632143','2024-03-09 07:58:33','2024-03-09 07:58:33'),('1709971164244','云销雨霁(jì)，彩彻区明。落霞与孤鹜(wù)齐飞，秋水共长天一色。渔舟唱晚，响穷彭蠡(lǐ)之滨；雁阵惊寒，声断衡阳之浦。遥襟俯畅，逸兴遄(chuán)飞。爽籁发而清风生，纤歌凝而白云遏(è)。睢(suī)园绿竹','穷睇眄(dì miǎn)于中天，极娱游于暇日。天高地迥(jiǒng)，觉宇宙之无穷；兴尽悲来，识盈虚之有数。望长安于日下，目吴会(kuài)于云间。地势极而南溟(míng)深，天柱高而北辰远。关山难越，谁悲失路之人','1709731599134','1709728495272','1709728495275','2024-03-09 07:59:24','2024-03-09 07:59:24'),('1709971184129','岂乏明时?所赖君子见机','，胜友如云；千里逢迎，高朋满座。腾蛟起凤，孟学士之词宗；紫电青霜，王将军之武库。家君作宰，路出名','1709901525538','1709728495272','1709728495275','2024-03-09 07:59:44','2024-03-09 07:59:44'),('1709971790372','岂乏明时?所赖君子见机的我i饿哦的女王范 ','穷睇眄(dì miǎn)于中天，极娱游于暇日。天高地迥(jiǒng)，觉宇宙之无穷；兴尽悲来，识盈虚之有数。望长安于日下，目吴会(kuài)于云间。地势极而南溟(míng)深，天柱高而北辰远。关山难越，谁悲失路之人;萍水相逢','1709905956013','1709820642242','1709820642244','2024-03-09 08:09:50','2024-03-09 08:09:50'),('1709971810544','路出名区;童子何知，躬逢胜','时维九月，序属三秋。潦(lǎo)水尽而寒潭清，烟光凝而暮山紫。俨(yǎn)骖騑(cān fēi)于上路，访风景于崇阿(ē)；临帝子之长洲，得天人之旧馆。层峦耸翠，上出重霄;飞阁流丹，下临无地。鹤汀(tīng)凫(fú )渚(zhǔ)，穷岛屿之萦(yíng)回','1709902167810','1709820642242','1709820642244','2024-03-09 08:10:10','2024-03-09 08:10:10'),('1709971838958','十旬休假，胜友如云；千里逢迎，高朋满座。腾蛟起凤，孟学士之词宗','山原旷其盈视，川泽纡(yū)其骇瞩。闾(lǘ)阎(yán) 扑地，钟鸣鼎食之家；舸(gě)舰弥津，青雀黄龙之舳(zhú)。云销雨霁(jì)，彩彻区明。落霞与孤鹜(wù)齐飞，秋水共长天一色。渔舟唱晚，响穷彭蠡(lǐ)之滨；雁阵惊寒','1709963106823','1709820642242','1709820642244','2024-03-09 08:10:38','2024-03-09 08:10:38'),('1709971865825','岂乏明时?所赖君子见机，达人知命。老当益壮，宁移白首之心;穷且益坚，不坠青云之志','声断衡阳之浦。遥襟俯畅，逸兴遄(chuán)飞。爽籁发而清风生，纤歌凝而白云遏(è)。睢(suī)园绿竹，气凌彭泽之樽(zūn)；邺(yè)水朱华，光照临川之笔。四美具，二难并。穷睇眄(dì miǎn)于中天，极娱游于暇日。天高地迥(jiǒng)，觉宇宙之无穷；兴尽悲来，识盈虚之有数。望长安于日下，目吴会(kuài)于云间','1709902212933','1709820642242','1709820642244','2024-03-09 08:11:05','2024-03-09 08:11:05'),('1709971885974','冯唐易老，李广难封。屈贾谊于长沙，非无圣主;窜梁鸿于海曲，岂乏明时?所赖君子见机，达人知命','岂效穷途之哭!勃，三尺微命，一介书生。无路请缨，等终军之弱冠;有怀投笔，慕宗悫(què)之长风。舍簪(zān)笏(hù)于百龄，奉晨昏于万里。非谢家之宝树，接孟氏之芳邻。他日趋庭，叨(tāo)陪鲤对；今兹(苏教版为“晨”)捧袂(mèi)，喜托龙门。杨意不逢，抚凌云而自惜;钟期既(苏教版为“相”)遇','1709730058428','1709820642242','1709820642244','2024-03-09 08:11:25','2024-03-09 08:11:25');
/*!40000 ALTER TABLE `moment` ENABLE KEYS */;
UNLOCK TABLES;

--
-- Table structure for table `notify`
--

DROP TABLE IF EXISTS `notify`;
/*!40101 SET @saved_cs_client     = @@character_set_client */;
/*!50503 SET character_set_client = utf8mb4 */;
CREATE TABLE `notify` (
  `id` char(50) CHARACTER SET utf8mb4 COLLATE utf8mb4_0900_ai_ci NOT NULL,
  `content` text CHARACTER SET utf8mb4 COLLATE utf8mb4_0900_ai_ci,
  `userId` char(50) CHARACTER SET utf8mb4 COLLATE utf8mb4_0900_ai_ci DEFAULT NULL,
  `operation` char(50) CHARACTER SET utf8mb4 COLLATE utf8mb4_0900_ai_ci DEFAULT NULL,
  `isRead` int DEFAULT '0',
  `createTime` timestamp NULL DEFAULT CURRENT_TIMESTAMP,
  `updateTime` timestamp NULL DEFAULT CURRENT_TIMESTAMP ON UPDATE CURRENT_TIMESTAMP,
  `type` varchar(50) DEFAULT NULL,
  `aliaId` char(50) DEFAULT NULL,
  PRIMARY KEY (`id`) USING BTREE
) ENGINE=InnoDB DEFAULT CHARSET=utf8mb4 COLLATE=utf8mb4_0900_ai_ci ROW_FORMAT=DYNAMIC;
/*!40101 SET character_set_client = @saved_cs_client */;

--
-- Dumping data for table `notify`
--

LOCK TABLES `notify` WRITE;
/*!40000 ALTER TABLE `notify` DISABLE KEYS */;
INSERT INTO `notify` VALUES ('1709731686625','点赞了',NULL,'1709729533921',0,'2024-03-06 13:28:06','2024-03-06 13:28:06','thumb-vId','1709728442684'),('1709731742289','点赞了',NULL,'1709726632137',0,'2024-03-06 13:29:02','2024-03-06 13:29:02','thumb-vId','1709731599134'),('1709731898419','点赞了',NULL,'1709728495272',0,'2024-03-06 13:31:38','2024-03-06 13:31:38','thumb-vId','1709727158279'),('1709733106869','点赞了',NULL,'1709728495272',0,'2024-03-06 13:51:46','2024-03-06 13:51:46','thumb-commentId','1709731633317'),('1709733632020','点赞了',NULL,'1709733343047',0,'2024-03-06 14:00:32','2024-03-06 14:00:32','thumb-vId','1709727360760'),('1709734172395','点赞了',NULL,'1709733343047',0,'2024-03-06 14:09:32','2024-03-06 14:09:32','thumb-vId','1709734139055'),('1709734784525','点赞了',NULL,'1709726632137',0,'2024-03-06 14:19:44','2024-03-06 14:19:44','thumb-vId','1709728097869'),('1709734836944','点赞了',NULL,'1709726632137',0,'2024-03-06 14:20:36','2024-03-06 14:20:36','thumb-vId','1709728917857'),('1709734842137','点赞了',NULL,'1709726632137',0,'2024-03-06 14:20:42','2024-03-06 14:20:42','thumb-commentId','1709731656397'),('1709734843326','点赞了',NULL,'1709726632137',0,'2024-03-06 14:20:43','2024-03-06 14:20:43','thumb-commentId','1709731785881'),('1709734844361','点赞了',NULL,'1709726632137',0,'2024-03-06 14:20:44','2024-03-06 14:20:44','thumb-commentId','1709733145297'),('1709735139770','点赞了',NULL,'1709726632137',0,'2024-03-06 14:25:39','2024-03-06 14:25:39','thumb-vId','1709729514660'),('1709820341170','点赞了',NULL,'1709726632137',0,'2024-03-07 14:05:41','2024-03-07 14:05:41','thumb-vId','1709732612806'),('1709820373722','点赞了',NULL,'1709726632137',0,'2024-03-07 14:06:13','2024-03-07 14:06:13','thumb-commentId','1709731885398'),('1709820374970','点赞了',NULL,'1709726632137',0,'2024-03-07 14:06:14','2024-03-07 14:06:14','thumb-commentId','1709733416895'),('1709820376334','点赞了',NULL,'1709726632137',0,'2024-03-07 14:06:16','2024-03-07 14:06:16','thumb-commentId','1709733617413'),('1709821138877','点赞了',NULL,'1709820642242',0,'2024-03-07 14:18:58','2024-03-07 14:18:58','thumb-vId','1709730058428'),('1709821241300','点赞了',NULL,'1709820642242',0,'2024-03-07 14:20:41','2024-03-07 14:20:41','thumb-commentId','1709731644064'),('1709821242263','点赞了',NULL,'1709820642242',0,'2024-03-07 14:20:42','2024-03-07 14:20:42','thumb-commentId','1709731878212'),('1709821243247','点赞了',NULL,'1709820642242',0,'2024-03-07 14:20:43','2024-03-07 14:20:43','thumb-commentId','1709733517550'),('1709821244309','点赞了',NULL,'1709820642242',0,'2024-03-07 14:20:44','2024-03-07 14:20:44','thumb-commentId','1709820137548'),('1709821245292','点赞了',NULL,'1709820642242',0,'2024-03-07 14:20:45','2024-03-07 14:20:45','thumb-commentId','1709821132342'),('1709904165709','点赞了',NULL,'1709902530670',0,'2024-03-08 13:22:45','2024-03-08 13:22:45','thumb-vId','1709902167810'),('1709904890030','点赞了',NULL,'1709902530670',0,'2024-03-08 13:34:50','2024-03-08 13:34:50','thumb-vId','1709904597222'),('1709905253444','点赞了',NULL,'1709902530670',0,'2024-03-08 13:40:53','2024-03-08 13:40:53','thumb-vId','1709903824403'),('1709905393358','点赞了',NULL,'1709820642242',0,'2024-03-08 13:43:13','2024-03-08 13:43:13','thumb-vId','1709901227938'),('1709905528976','点赞了',NULL,'1709733343047',0,'2024-03-08 13:45:28','2024-03-08 13:45:28','thumb-vId','1709904597222'),('1709905536275','点赞了',NULL,'1709733343047',0,'2024-03-08 13:45:36','2024-03-08 13:45:36','thumb-vId','1709904147909'),('1709905547391','点赞了',NULL,'1709733343047',0,'2024-03-08 13:45:47','2024-03-08 13:45:47','thumb-vId','1709903824403'),('1709905565840','点赞了',NULL,'1709733343047',0,'2024-03-08 13:46:05','2024-03-08 13:46:05','thumb-vId','1709902167810'),('1709906320711','点赞了',NULL,'1709820642242',0,'2024-03-08 13:58:40','2024-03-08 13:58:40','thumb-vId','1709905956013'),('1709906763685','点赞了',NULL,'1709820642242',0,'2024-03-08 14:06:03','2024-03-08 14:06:03','thumb-vId','1709731599134'),('1709967409794','点赞了',NULL,'1709964349418',0,'2024-03-09 06:56:49','2024-03-09 06:56:49','thumb-vId','1709903103144'),('1709967795451','点赞了',NULL,'1709963638248',0,'2024-03-09 07:03:15','2024-03-09 07:03:15','thumb-vId','1709902167810'),('1709967827279','点赞了',NULL,'1709963638248',0,'2024-03-09 07:03:47','2024-03-09 07:03:47','thumb-vId','1709727694829'),('1709967830802','点赞了',NULL,'1709963638248',0,'2024-03-09 07:03:50','2024-03-09 07:03:50','thumb-vId','1709732612806'),('1709967837576','点赞了',NULL,'1709963638248',0,'2024-03-09 07:03:57','2024-03-09 07:03:57','thumb-vId','1709963889528'),('1709967839232','点赞了',NULL,'1709963638248',0,'2024-03-09 07:03:59','2024-03-09 07:03:59','thumb-vId','1709906040181'),('1709967922128','点赞了',NULL,'1709962443377',0,'2024-03-09 07:05:22','2024-03-09 07:05:22','thumb-vId','1709902167810'),('1709967929628','点赞了',NULL,'1709962443377',0,'2024-03-09 07:05:29','2024-03-09 07:05:29','thumb-vId','1709904147909'),('1709967954515','点赞了',NULL,'1709962443377',0,'2024-03-09 07:05:54','2024-03-09 07:05:54','thumb-vId','1709728097869'),('1709967962343','点赞了',NULL,'1709962443377',0,'2024-03-09 07:06:02','2024-03-09 07:06:02','thumb-vId','1709727158279'),('1709967970423','点赞了',NULL,'1709962443377',0,'2024-03-09 07:06:10','2024-03-09 07:06:10','thumb-vId','1709902491136'),('1709967977160','点赞了',NULL,'1709962443377',0,'2024-03-09 07:06:17','2024-03-09 07:06:17','thumb-commentId','1709905214138'),('1709967978058','点赞了',NULL,'1709962443377',0,'2024-03-09 07:06:18','2024-03-09 07:06:18','thumb-commentId','1709905399454'),('1709967978891','点赞了',NULL,'1709962443377',0,'2024-03-09 07:06:18','2024-03-09 07:06:18','thumb-commentId','1709905478985'),('1709967979842','点赞了',NULL,'1709962443377',0,'2024-03-09 07:06:19','2024-03-09 07:06:19','thumb-commentId','1709967968385'),('1709968002875','点赞了',NULL,'1709962443377',0,'2024-03-09 07:06:42','2024-03-09 07:06:42','thumb-vId','1709962703249'),('1709968016225','点赞了',NULL,'1709962443377',0,'2024-03-09 07:06:56','2024-03-09 07:06:56','thumb-vId','1709902846546'),('1709968055145','点赞了',NULL,'1709962443377',0,'2024-03-09 07:07:35','2024-03-09 07:07:35','thumb-vId','1709906040181'),('1709968069271','点赞了',NULL,'1709962443377',0,'2024-03-09 07:07:49','2024-03-09 07:07:49','thumb-vId','1709905956013'),('1709969056851','点赞了',NULL,'1709968338867',0,'2024-03-09 07:24:16','2024-03-09 07:24:16','thumb-vId','1709901227938'),('1709969066133','点赞了',NULL,'1709968338867',0,'2024-03-09 07:24:26','2024-03-09 07:24:26','thumb-vId','1709964765739'),('1709969141582','点赞了',NULL,'1709968338867',0,'2024-03-09 07:25:41','2024-03-09 07:25:41','thumb-vId','1709732612806'),('1709969147913','点赞了',NULL,'1709968338867',0,'2024-03-09 07:25:47','2024-03-09 07:25:47','thumb-vId','1709727694829'),('1709970367203','点赞了',NULL,'1709968338867',0,'2024-03-09 07:46:07','2024-03-09 07:46:07','thumb-commentId','1709967513448'),('1709970368132','点赞了',NULL,'1709968338867',1,'2024-03-09 07:46:08','2024-03-09 07:49:46','thumb-commentId','1709969031329'),('1709972057266','关注了','1709968099989','1709820642242',0,'2024-03-09 08:14:17','2024-03-09 08:14:17','sub',NULL),('1709972061544','关注了','1709964349418','1709820642242',0,'2024-03-09 08:14:21','2024-03-09 08:14:21','sub',NULL),('1709972077531','关注了','1709728495272','1709820642242',0,'2024-03-09 08:14:37','2024-03-09 08:14:37','sub',NULL),('1709972101645','点赞了',NULL,'1709820642242',0,'2024-03-09 08:15:01','2024-03-09 08:15:01','thumb-vId','1709964424184'),('1709972104912','点赞了',NULL,'1709820642242',0,'2024-03-09 08:15:04','2024-03-09 08:15:04','thumb-vId','1709963889528'),('1709972106993','点赞了',NULL,'1709820642242',0,'2024-03-09 08:15:06','2024-03-09 08:15:06','thumb-vId','1709968946947'),('1709972312269','点赞了',NULL,'1709968523870',0,'2024-03-09 08:18:32','2024-03-09 08:18:32','thumb-vId','1709968946947'),('1709972338406','点赞了',NULL,'1709968523870',0,'2024-03-09 08:18:58','2024-03-09 08:18:58','thumb-vId','1709903474181'),('1709972346827','点赞了',NULL,'1709968523870',0,'2024-03-09 08:19:06','2024-03-09 08:19:06','thumb-vId','1709903824403'),('1709972362100','关注了','1709728495272','1709968523870',0,'2024-03-09 08:19:22','2024-03-09 08:19:22','sub',NULL),('1709972415246','关注了','1709962443377','1709968523870',0,'2024-03-09 08:20:15','2024-03-09 08:20:15','sub',NULL),('1709972423253','点赞了',NULL,'1709968523870',0,'2024-03-09 08:20:23','2024-03-09 08:20:23','thumb-vId','1709905956013'),('1709972437253','点赞了',NULL,'1709968523870',0,'2024-03-09 08:20:37','2024-03-09 08:20:37','thumb-vId','1709727360760'),('1709972477772','点赞了',NULL,'1709968523870',0,'2024-03-09 08:21:17','2024-03-09 08:21:17','thumb-vId','1709729476568'),('1709972483387','点赞了',NULL,'1709968523870',0,'2024-03-09 08:21:23','2024-03-09 08:21:23','thumb-vId','1709728442684'),('1709972511304','关注了','1709905648920','1709968523870',0,'2024-03-09 08:21:51','2024-03-09 08:21:51','sub',NULL),('1709972700791','关注了','1709964349418','1709726632137',0,'2024-03-09 08:25:00','2024-03-09 08:25:00','sub',NULL),('1709972735693','关注了','1709729533921','1709726632137',0,'2024-03-09 08:25:35','2024-03-09 08:25:35','sub',NULL),('1710049162508','点赞了',NULL,'1709726632137',0,'2024-03-10 05:39:22','2024-03-10 05:39:22','thumb-vId','1709964424184'),('1710049169741','点赞了',NULL,'1709726632137',0,'2024-03-10 05:39:29','2024-03-10 05:39:29','thumb-commentId','1709905124454'),('1710049170687','点赞了',NULL,'1709726632137',0,'2024-03-10 05:39:30','2024-03-10 05:39:30','thumb-commentId','1709821059790'),('1710049172476','点赞了',NULL,'1709726632137',0,'2024-03-10 05:39:32','2024-03-10 05:39:32','thumb-commentId','1709733455964'),('1710049998413','点赞了',NULL,'1709726632137',0,'2024-03-10 05:53:18','2024-03-10 05:53:18','thumb-vId','1709966796036'),('1710050035443','关注了','1709730372557','1709726632137',0,'2024-03-10 05:53:55','2024-03-10 05:53:55','sub',NULL),('1710050120676','关注了','1709730380639','1709726632137',0,'2024-03-10 05:55:20','2024-03-10 05:55:20','sub',NULL),('1710050124392','关注了','1709730367418','1709726632137',0,'2024-03-10 05:55:24','2024-03-10 05:55:24','sub',NULL),('1710050141218','点赞了',NULL,'1709726632137',0,'2024-03-10 05:55:41','2024-03-10 05:55:41','thumb-commentId','1709967526679'),('1710050143058','点赞了',NULL,'1709726632137',0,'2024-03-10 05:55:43','2024-03-10 05:55:43','thumb-commentId','1709969127061'),('1710050143822','点赞了',NULL,'1709726632137',0,'2024-03-10 05:55:43','2024-03-10 05:55:43','thumb-commentId','1709967986940'),('1710050145170','关注了','1709820642242','1709726632137',1,'2024-03-10 05:55:45','2024-03-10 05:56:52','sub',NULL),('1710050255827','点赞了',NULL,'1709820642242',0,'2024-03-10 05:57:35','2024-03-10 05:57:35','thumb-vId','1710049033545'),('1710050278435','点赞了',NULL,'1709968338867',0,'2024-03-10 05:57:58','2024-03-10 05:57:58','thumb-vId','1710049033545'),('1710051364558','点赞了',NULL,'1709726632137',0,'2024-03-10 06:16:04','2024-03-10 06:16:04','thumb-vId','1709903103144'),('1710051374250','点赞了',NULL,'1709726632137',0,'2024-03-10 06:16:14','2024-03-10 06:16:14','thumb-commentId','1709905553636'),('1710051381132','点赞了',NULL,'1709726632137',0,'2024-03-10 06:16:21','2024-03-10 06:16:21','thumb-vId','1709901682371'),('1710051411963','点赞了',NULL,'1709726632137',0,'2024-03-10 06:16:51','2024-03-10 06:16:51','thumb-vId','1709970879644'),('1710052103225','点赞了',NULL,'1709726632137',0,'2024-03-10 06:28:23','2024-03-10 06:28:23','thumb-vId','1709968946947'),('1710052111420','点赞了',NULL,'1709726632137',1,'2024-03-10 06:28:31','2024-03-14 12:18:24','thumb-commentId','1710052108869'),('1710052112181','点赞了',NULL,'1709726632137',0,'2024-03-10 06:28:32','2024-03-10 06:28:32','thumb-commentId','1709972310847'),('1710052113339','点赞了',NULL,'1709726632137',0,'2024-03-10 06:28:33','2024-03-10 06:28:33','thumb-commentId','1709969025214'),('1710052115118','关注了','1709968099989','1709726632137',0,'2024-03-10 06:28:35','2024-03-10 06:28:35','sub',NULL),('1710052150118','点赞了',NULL,'1709726632137',0,'2024-03-10 06:29:10','2024-03-10 06:29:10','thumb-vId','1709728442684'),('1710052187081','点赞了',NULL,'1709726632137',1,'2024-03-10 06:29:47','2024-03-10 06:55:51','thumb-vId','1709727694829'),('1710052383048','点赞了',NULL,'1709726632137',0,'2024-03-10 06:33:03','2024-03-10 06:33:03','thumb-vId','1710052373171'),('1710052394731','关注了','1709728495272','1709726632137',0,'2024-03-10 06:33:14','2024-03-10 06:33:14','sub',NULL),('1710053589856','点赞了',NULL,'1709726632137',0,'2024-03-10 06:53:09','2024-03-10 06:53:09','thumb-commentId','1709972317017'),('1710053590818','点赞了',NULL,'1709726632137',0,'2024-03-10 06:53:10','2024-03-10 06:53:10','thumb-commentId','1709969119612'),('1710053598971','点赞了',NULL,'1709726632137',0,'2024-03-10 06:53:18','2024-03-10 06:53:18','thumb-vId','1709731471688'),('1710053673562','点赞了',NULL,'1709726632137',0,'2024-03-10 06:54:33','2024-03-10 06:54:33','thumb-vId','1709727158279'),('1710053691943','点赞了',NULL,'1709726632137',0,'2024-03-10 06:54:51','2024-03-10 06:54:51','thumb-commentId','1710049161552'),('1710053860885','关注了','1709968523870','1709726632137',0,'2024-03-10 06:57:40','2024-03-10 06:57:40','sub',NULL),('1710053869445','点赞了',NULL,'1709726632137',0,'2024-03-10 06:57:49','2024-03-10 06:57:49','thumb-mId','1709971885974'),('1710054331303','点赞了',NULL,'1710054197921',0,'2024-03-10 07:05:31','2024-03-10 07:05:31','thumb-vId','1710054284377'),('1710054341246','关注了','1709728495272','1710054197921',0,'2024-03-10 07:05:41','2024-03-10 07:05:41','sub',NULL),('1710056298770','关注了','1709726632137','1709968099989',0,'2024-03-10 07:38:18','2024-03-10 07:38:18','sub',NULL),('1710160977959','点赞了',NULL,'1709726632137',0,'2024-03-11 12:42:57','2024-03-11 12:42:57','thumb-vId','1709906040181'),('1710161038667','点赞了',NULL,'1709726632137',0,'2024-03-11 12:43:58','2024-03-11 12:43:58','thumb-commentId','1709731830601'),('1710161039592','点赞了',NULL,'1709726632137',0,'2024-03-11 12:43:59','2024-03-11 12:43:59','thumb-commentId','1709731741300'),('1710161068500','点赞了',NULL,'1709726632137',0,'2024-03-11 12:44:28','2024-03-11 12:44:28','thumb-commentId','1709972345598'),('1710161069459','点赞了',NULL,'1709726632137',0,'2024-03-11 12:44:29','2024-03-11 12:44:29','thumb-commentId','1709967537164'),('1710161070815','点赞了',NULL,'1709726632137',0,'2024-03-11 12:44:30','2024-03-11 12:44:30','thumb-commentId','1709905546572'),('1710161072192','点赞了',NULL,'1709726632137',0,'2024-03-11 12:44:32','2024-03-11 12:44:32','thumb-commentId','1709905457039'),('1710247328141','点赞了',NULL,'1709726632137',0,'2024-03-12 12:42:08','2024-03-12 12:42:08','thumb-commentId','1709972422299'),('1710247444696','点赞了',NULL,'1709726632137',0,'2024-03-12 12:44:04','2024-03-12 12:44:04','thumb-commentId','1709969031329'),('1710247445530','点赞了',NULL,'1709726632137',0,'2024-03-12 12:44:05','2024-03-12 12:44:05','thumb-commentId','1709967513448'),('1710247600515','点赞了',NULL,'1709726632137',0,'2024-03-12 12:46:40','2024-03-12 12:46:40','thumb-commentId','1710051371979'),('1710248028312','点赞了',NULL,'1709726632137',0,'2024-03-12 12:53:48','2024-03-12 12:53:48','thumb-mId','1709971865825'),('1710248029977','点赞了',NULL,'1709726632137',0,'2024-03-12 12:53:49','2024-03-12 12:53:49','thumb-mId','1709971838958'),('1710330058272','点赞了',NULL,'1709726632137',0,'2024-03-13 11:40:58','2024-03-13 11:40:58','thumb-vId','1709964765739'),('1710335362257','发布了','1709968099989','1709726632137',0,'2024-03-13 13:09:22','2024-03-13 13:09:22','upload','1710335362240'),('1710339073808','发布了','1709968099989','1709726632137',0,'2024-03-13 14:11:13','2024-03-13 14:11:13','upload','1710339073800'),('1710339392687','发布了','1709968099989','1709726632137',0,'2024-03-13 14:16:32','2024-03-13 14:16:32','upload','1710339392680'),('1710415303778','发布了','1709968099989','1709726632137',0,'2024-03-14 11:21:43','2024-03-14 11:21:43','upload','1710415303769'),('1710415388390','发布了','1709968099989','1709726632137',0,'2024-03-14 11:23:08','2024-03-14 11:23:08','upload','1710415388383'),('1710415498625','点赞了',NULL,'1709726632137',0,'2024-03-14 11:24:58','2024-03-14 11:24:58','thumb-vId','1709962703249'),('1710417566465','发布了','1709968099989','1709726632137',0,'2024-03-14 11:59:26','2024-03-14 11:59:26','upload','1710417566454'),('1710418213702','发布了','1709968099989','1709726632137',0,'2024-03-14 12:10:13','2024-03-14 12:10:13','upload','1710418213693'),('1710418496081','点赞了',NULL,'1709726632137',0,'2024-03-14 12:14:56','2024-03-14 12:14:56','thumb-commentId','1710053566801'),('1710418554051','点赞了',NULL,'1709726632137',0,'2024-03-14 12:15:54','2024-03-14 12:15:54','thumb-vId','1709902491136'),('1710418606810','点赞了',NULL,'1709726632137',0,'2024-03-14 12:16:46','2024-03-14 12:16:46','thumb-commentId','1709733499596'),('1710418607814','点赞了',NULL,'1709726632137',0,'2024-03-14 12:16:47','2024-03-14 12:16:47','thumb-commentId','1709731848530'),('1710418608833','点赞了',NULL,'1709726632137',0,'2024-03-14 12:16:48','2024-03-14 12:16:48','thumb-commentId','1709821137425'),('1710418610294','点赞了',NULL,'1709726632137',0,'2024-03-14 12:16:50','2024-03-14 12:16:50','thumb-commentId','1709967944137'),('1710418611157','点赞了',NULL,'1709726632137',0,'2024-03-14 12:16:51','2024-03-14 12:16:51','thumb-commentId','1709972284263'),('1710418799406','发布了','1709968099989','1709726632137',0,'2024-03-14 12:19:59','2024-03-14 12:19:59','upload','1710418799400'),('1710419141208','发布了','1709968099989','1709726632137',0,'2024-03-14 12:25:41','2024-03-14 12:25:41','upload','1710419141202'),('1710419420413','发布了','1709968099989','1709726632137',0,'2024-03-14 12:30:20','2024-03-14 12:30:20','upload','1710419420407'),('1710578948832','发布了','1709968099989','1709726632137',0,'2024-03-16 08:49:08','2024-03-16 08:49:08','upload','1710578948826');
/*!40000 ALTER TABLE `notify` ENABLE KEYS */;
UNLOCK TABLES;

--
-- Table structure for table `playlist`
--

DROP TABLE IF EXISTS `playlist`;
/*!40101 SET @saved_cs_client     = @@character_set_client */;
/*!50503 SET character_set_client = utf8mb4 */;
CREATE TABLE `playlist` (
  `id` char(50) CHARACTER SET utf8mb4 COLLATE utf8mb4_0900_ai_ci NOT NULL DEFAULT '1',
  `name` varchar(200) CHARACTER SET utf8mb4 COLLATE utf8mb4_0900_ai_ci DEFAULT NULL,
  `isPublic` int DEFAULT '1',
  `description` text CHARACTER SET utf8mb4 COLLATE utf8mb4_0900_ai_ci,
  `userId` char(50) CHARACTER SET utf8mb4 COLLATE utf8mb4_0900_ai_ci DEFAULT NULL,
  `createTime` timestamp NULL DEFAULT CURRENT_TIMESTAMP,
  `updateTime` timestamp NULL DEFAULT CURRENT_TIMESTAMP ON UPDATE CURRENT_TIMESTAMP,
  PRIMARY KEY (`id`) USING BTREE,
  UNIQUE KEY `name` (`name`) USING BTREE,
  KEY `userId` (`userId`) USING BTREE,
  CONSTRAINT `playlist_ibfk_1` FOREIGN KEY (`userId`) REFERENCES `user` (`userId`) ON DELETE CASCADE ON UPDATE CASCADE
) ENGINE=InnoDB DEFAULT CHARSET=utf8mb4 COLLATE=utf8mb4_0900_ai_ci ROW_FORMAT=DYNAMIC;
/*!40101 SET character_set_client = @saved_cs_client */;

--
-- Dumping data for table `playlist`
--

LOCK TABLES `playlist` WRITE;
/*!40000 ALTER TABLE `playlist` DISABLE KEYS */;
INSERT INTO `playlist` VALUES ('1709728580882','我的最爱',1,'我的最爱','1709728495272','2024-03-06 12:36:20','2024-03-06 12:36:20'),('1709728589231','今天你看了么',1,'今天你看了么','1709728495272','2024-03-06 12:36:29','2024-03-06 12:36:29'),('1709730099503','那些你熟悉却又不知道名字',1,'那些你熟悉却又不知道名字','1709729533921','2024-03-06 13:01:39','2024-03-06 13:01:39'),('1709731494204','怀旧年华',1,'怀旧年华','1709729533921','2024-03-06 13:24:54','2024-03-06 13:24:54'),('1709732015765','夜生活',1,'夜生活','1709728495272','2024-03-06 13:33:35','2024-03-06 13:33:35'),('1709733236711','外国人雷鬼',1,'外国人雷鬼','1709728495272','2024-03-06 13:53:56','2024-03-06 13:53:56'),('1709733246094','探索不拘一格的玩性洒脱',1,'探索不拘一格的玩性洒脱','1709728495272','2024-03-06 13:54:06','2024-03-06 13:54:06'),('1709733271462','50种浓情蜜意',1,'50种浓情蜜意','1709728495272','2024-03-06 13:54:31','2024-03-06 13:54:31'),('1709734186011','那时的你啊',1,'那时的你啊','1709733343047','2024-03-06 14:09:46','2024-03-06 14:09:46'),('1709821295905','夜夜笙歌',1,'夜夜笙歌','1709726632137','2024-03-07 14:21:35','2024-03-07 14:21:35'),('1709902011445','和她回忆',1,'所有的回忆','1709733343047','2024-03-08 12:46:51','2024-03-08 12:46:51'),('1709902054453','4k经典',1,'高清视频在这里','1709733343047','2024-03-08 12:47:34','2024-03-08 12:47:34'),('1709902074834','大爱blankpink',1,'最厉害的韩国女爱豆','1709733343047','2024-03-08 12:47:54','2024-03-08 12:47:54'),('1709902115753','影视剪辑',1,'高燃片段','1709820642242','2024-03-08 12:48:35','2024-03-08 12:48:35'),('1709902127184','有趣的知识',1,'科学小知识','1709820642242','2024-03-08 12:48:47','2024-03-08 12:48:47'),('1709902138566','动漫回忆',1,'童年动漫一起看','1709820642242','2024-03-08 12:48:58','2024-03-08 12:48:58'),('1709902163205','星空下的你我',1,'唯美视频主义','1709820642242','2024-03-08 12:49:23','2024-03-08 12:49:23'),('1709903004907','你真的在乎吗',1,'心动视频','1709729533921','2024-03-08 13:03:24','2024-03-08 13:03:24'),('1709903018506','地外文明',1,'科学的尽头','1709729533921','2024-03-08 13:03:38','2024-03-08 13:03:38'),('1709903098493','柔情似水',1,'感动的视频','1709729533921','2024-03-08 13:04:58','2024-03-08 13:04:58'),('1709903242727','真男人看的视频',1,'真男人看的视频','1709902530670','2024-03-08 13:07:22','2024-03-08 13:07:22'),('1709903252679','漫威精彩',1,'漫威精彩','1709902530670','2024-03-08 13:07:32','2024-03-08 13:07:32'),('1709903261928','韩国明星',1,'韩国明星','1709902530670','2024-03-08 13:07:41','2024-03-08 13:07:41'),('1709903758613','温水煮青蛙',1,'科学的力量','1709729533921','2024-03-08 13:15:58','2024-03-08 13:15:58'),('1709903780706','精彩瞬间',1,'哈哈哈哈哈，逗你的','1709729533921','2024-03-08 13:16:20','2024-03-08 13:16:20'),('1709903810468','高效集中营',1,'好搞笑','1709726632137','2024-03-08 13:16:50','2024-03-08 13:16:50'),('1709903897965','怀念吧',0,'怀念吧','1709902530670','2024-03-08 13:18:17','2024-03-08 13:18:17'),('1709962463388','白月光',1,'白月光','1709962443377','2024-03-09 05:34:23','2024-03-09 05:34:23'),('1709962478085','人生路',0,'人生路','1709962443377','2024-03-09 05:34:38','2024-03-09 05:34:38'),('1709965069974','科幻大作',1,'让你眼花缭乱的视频','1709730380639','2024-03-09 06:17:49','2024-03-09 06:17:49'),('1709965082951','乱世佳人',1,'乱世佳人行','1709730380639','2024-03-09 06:18:02','2024-03-09 06:18:02'),('1709965119951','你不知道的电影细节',1,'发现电影中的小细节','1709730380639','2024-03-09 06:18:39','2024-03-09 06:18:39'),('1709965146133','高燃剪辑',1,'让你眼前一亮','1709730380639','2024-03-09 06:19:06','2024-03-09 06:19:06'),('1709965175714','年少的爱情故事',1,'唯美爱情','1709730380639','2024-03-09 06:19:35','2024-03-09 06:19:35'),('1709965527096','足坛伪球迷',1,'科普足坛知识','1709730372557','2024-03-09 06:25:27','2024-03-09 06:25:27'),('1709965582539','林丹个人秀',1,'羽毛球经典','1709730372557','2024-03-09 06:26:22','2024-03-09 06:26:22'),('1709965610569','NBA精彩瞬间',1,'篮球爱好者集群','1709730372557','2024-03-09 06:26:50','2024-03-09 06:26:50'),('1709967283489','今天是个好日子',1,'今天是个好日子','1709964349418','2024-03-09 06:54:43','2024-03-09 06:54:43'),('1709967729590','柯南细节',1,'柯南细节','1709963638248','2024-03-09 07:02:09','2024-03-09 07:02:09'),('1709967742410','动听的歌曲',1,'动听的歌曲','1709963638248','2024-03-09 07:02:22','2024-03-09 07:02:22'),('1709969196761','大爱blankpink啊',1,'大爱blankpink啊','1709968338867','2024-03-09 07:26:36','2024-03-09 07:26:36'),('1709969712128','美好生活',1,'美好生活','1709968338867','2024-03-09 07:35:12','2024-03-09 07:35:12'),('1709972501683','夜晚下的星空',1,'夜晚下的星空','1709968523870','2024-03-09 08:21:41','2024-03-09 08:21:41'),('1709972537650','今天没遗憾',1,'今天没遗憾','1709968523870','2024-03-09 08:22:17','2024-03-09 08:22:17'),('1710048759365','战歌起，以雷霆击碎黑暗',0,'战歌起，以雷霆击碎黑暗','1709968523870','2024-03-10 05:32:39','2024-03-10 05:32:39'),('1710048780994','命运的齿轮开始转动',1,'命运的齿轮开始转动','1709968523870','2024-03-10 05:33:00','2024-03-10 05:33:00'),('1710048801145','快乐余额不足，请尽快充值',0,'快乐余额不足，请尽快充值','1709968523870','2024-03-10 05:33:21','2024-03-10 05:33:21'),('1710049098808','爱是单向告白后的回应',1,'爱是单向告白后的回应','1709726632137','2024-03-10 05:38:18','2024-03-10 05:38:18'),('1710049120968','浅风微醺拉动氤氲氛围',1,'浅风微醺拉动氤氲氛围','1709726632137','2024-03-10 05:38:40','2024-03-10 05:38:40'),('1710051397192','你好啊',1,'你好啊','1709726632137','2024-03-10 06:16:37','2024-03-10 06:16:37'),('1710052233174','昨天',1,'昨天','1709726632137','2024-03-10 06:30:33','2024-03-10 06:30:33'),('1710052560049','明日复明日',1,'明日复明日','1709968099989','2024-03-10 06:36:00','2024-03-10 06:36:00'),('1710052566296','遗憾',1,'遗憾','1709968099989','2024-03-10 06:36:06','2024-03-10 06:36:06'),('1710052579646','精彩瞬间捕捉',1,'精彩瞬间捕捉','1709968099989','2024-03-10 06:36:19','2024-03-10 06:36:19'),('1710052587030','太好了',1,'太好了','1709968099989','2024-03-10 06:36:27','2024-03-10 06:36:27'),('1710052593245','我最喜欢的',1,'我最喜欢的','1709968099989','2024-03-10 06:36:33','2024-03-10 06:36:33'),('1710054096161','我爱',1,'收集喜欢的视频','1709726637539','2024-03-10 07:01:36','2024-03-10 07:01:36');
/*!40000 ALTER TABLE `playlist` ENABLE KEYS */;
UNLOCK TABLES;

--
-- Table structure for table `playlist_video`
--

DROP TABLE IF EXISTS `playlist_video`;
/*!40101 SET @saved_cs_client     = @@character_set_client */;
/*!50503 SET character_set_client = utf8mb4 */;
CREATE TABLE `playlist_video` (
  `pId` char(50) CHARACTER SET utf8mb4 COLLATE utf8mb4_0900_ai_ci NOT NULL,
  `vId` char(50) CHARACTER SET utf8mb4 COLLATE utf8mb4_0900_ai_ci NOT NULL,
  `createTime` timestamp NULL DEFAULT CURRENT_TIMESTAMP,
  `updateTime` timestamp NULL DEFAULT CURRENT_TIMESTAMP ON UPDATE CURRENT_TIMESTAMP,
  PRIMARY KEY (`pId`,`vId`) USING BTREE,
  KEY `vId` (`vId`) USING BTREE,
  CONSTRAINT `playlist_video_ibfk_1` FOREIGN KEY (`pId`) REFERENCES `playlist` (`id`) ON DELETE CASCADE ON UPDATE CASCADE,
  CONSTRAINT `playlist_video_ibfk_2` FOREIGN KEY (`vId`) REFERENCES `video` (`id`) ON DELETE CASCADE ON UPDATE CASCADE
) ENGINE=InnoDB DEFAULT CHARSET=utf8mb4 COLLATE=utf8mb4_0900_ai_ci ROW_FORMAT=DYNAMIC;
/*!40101 SET character_set_client = @saved_cs_client */;

--
-- Dumping data for table `playlist_video`
--

LOCK TABLES `playlist_video` WRITE;
/*!40000 ALTER TABLE `playlist_video` DISABLE KEYS */;
INSERT INTO `playlist_video` VALUES ('1709728580882','1709727158279','2024-03-06 13:51:49','2024-03-06 13:51:49'),('1709728580882','1709728917857','2024-03-06 12:41:57','2024-03-06 12:41:57'),('1709728580882','1709731599134','2024-03-06 13:54:44','2024-03-06 13:54:44'),('1709728580882','1709732612806','2024-03-06 13:43:32','2024-03-06 13:43:32'),('1709728589231','1709728788586','2024-03-06 12:39:48','2024-03-06 12:39:48'),('1709728589231','1709729476568','2024-03-06 12:51:16','2024-03-06 12:51:16'),('1709728589231','1709729514660','2024-03-06 12:51:54','2024-03-06 12:51:54'),('1709728589231','1709731599134','2024-03-06 13:54:43','2024-03-06 13:54:43'),('1709728589231','1709732368308','2024-03-06 13:39:28','2024-03-06 13:39:28'),('1709728589231','1709733037458','2024-03-06 13:50:37','2024-03-06 13:50:37'),('1709730099503','1709730689098','2024-03-06 13:11:29','2024-03-06 13:11:29'),('1709730099503','1709731471688','2024-03-06 13:24:31','2024-03-06 13:24:31'),('1709731494204','1709731599134','2024-03-06 13:26:39','2024-03-06 13:26:39'),('1709732015765','1709731599134','2024-03-06 13:54:41','2024-03-06 13:54:41'),('1709733236711','1709731599134','2024-03-06 13:54:41','2024-03-06 13:54:41'),('1709733246094','1709731599134','2024-03-06 13:54:40','2024-03-06 13:54:40'),('1709733271462','1709730058428','2024-03-06 13:54:54','2024-03-06 13:54:54'),('1709733271462','1709731599134','2024-03-06 13:54:39','2024-03-06 13:54:39'),('1709734186011','1709734139055','2024-03-06 14:09:47','2024-03-06 14:09:47'),('1709821295905','1709731599134','2024-03-10 06:53:01','2024-03-10 06:53:01'),('1709821295905','1709733037458','2024-03-07 14:21:37','2024-03-07 14:21:37'),('1709902127184','1709732612806','2024-03-08 12:55:13','2024-03-08 12:55:13'),('1709902127184','1709901189845','2024-03-08 12:55:05','2024-03-08 12:55:05'),('1709902127184','1709902491136','2024-03-08 12:54:51','2024-03-08 12:54:51'),('1709902138566','1709732612806','2024-03-08 12:55:12','2024-03-08 12:55:12'),('1709902138566','1709901189845','2024-03-08 12:55:04','2024-03-08 12:55:04'),('1709902138566','1709902212933','2024-03-08 12:50:12','2024-03-08 12:50:12'),('1709902163205','1709901189845','2024-03-08 12:55:04','2024-03-08 12:55:04'),('1709902163205','1709906560937','2024-03-08 14:02:40','2024-03-08 14:02:40'),('1709903242727','1709902846546','2024-03-08 13:07:56','2024-03-08 13:07:56'),('1709903242727','1709903103144','2024-03-08 13:07:50','2024-03-08 13:07:50'),('1709903242727','1709903474181','2024-03-08 13:11:14','2024-03-08 13:11:14'),('1709903242727','1709903824403','2024-03-08 13:17:04','2024-03-08 13:17:04'),('1709903242727','1709903878483','2024-03-08 13:17:58','2024-03-08 13:17:58'),('1709903242727','1709904147909','2024-03-08 13:22:27','2024-03-08 13:22:27'),('1709903252679','1709902846546','2024-03-08 13:07:55','2024-03-08 13:07:55'),('1709903252679','1709903103144','2024-03-08 13:07:49','2024-03-08 13:07:49'),('1709903261928','1709902846546','2024-03-08 13:07:55','2024-03-08 13:07:55'),('1709903261928','1709903103144','2024-03-08 13:07:48','2024-03-08 13:07:48'),('1709903261928','1709904846470','2024-03-08 13:34:06','2024-03-08 13:34:06'),('1709903810468','1709963889528','2024-03-09 05:58:09','2024-03-09 05:58:09'),('1709903810468','1709964424184','2024-03-09 06:07:04','2024-03-09 06:07:04'),('1709903810468','1710049033545','2024-03-10 05:38:48','2024-03-10 05:38:48'),('1709903897965','1709727360760','2024-03-08 13:18:31','2024-03-08 13:18:31'),('1709903897965','1709903474181','2024-03-08 13:18:19','2024-03-08 13:18:19'),('1709903897965','1709904597222','2024-03-08 13:29:57','2024-03-08 13:29:57'),('1709903897965','1709964765739','2024-03-09 06:12:45','2024-03-09 06:12:45'),('1709962463388','1709902491136','2024-03-09 07:06:13','2024-03-09 07:06:13'),('1709962463388','1709904846470','2024-03-09 05:34:57','2024-03-09 05:34:57'),('1709962463388','1709962703249','2024-03-09 05:38:23','2024-03-09 05:38:23'),('1709962463388','1709963106823','2024-03-09 05:45:06','2024-03-09 05:45:06'),('1709962478085','1709906040181','2024-03-09 05:34:51','2024-03-09 05:34:51'),('1709965069974','1709902846546','2024-03-09 06:21:18','2024-03-09 06:21:18'),('1709965069974','1709903103144','2024-03-09 06:20:09','2024-03-09 06:20:09'),('1709965082951','1709727360760','2024-03-09 06:20:43','2024-03-09 06:20:43'),('1709965082951','1709901189845','2024-03-09 06:20:24','2024-03-09 06:20:24'),('1709965082951','1709902846546','2024-03-09 06:21:18','2024-03-09 06:21:18'),('1709965082951','1709906560937','2024-03-09 06:21:10','2024-03-09 06:21:10'),('1709965119951','1709901682371','2024-03-09 06:20:16','2024-03-09 06:20:16'),('1709965119951','1709902846546','2024-03-09 06:21:19','2024-03-09 06:21:19'),('1709965119951','1709903103144','2024-03-09 06:20:10','2024-03-09 06:20:10'),('1709965119951','1709964424184','2024-03-09 06:19:59','2024-03-09 06:19:59'),('1709965146133','1709901189845','2024-03-09 06:20:23','2024-03-09 06:20:23'),('1709965146133','1709901682371','2024-03-09 06:20:15','2024-03-09 06:20:15'),('1709965146133','1709964424184','2024-03-09 06:19:58','2024-03-09 06:19:58'),('1709965175714','1709727360760','2024-03-09 06:20:42','2024-03-09 06:20:42'),('1709965175714','1709728442684','2024-03-09 06:21:57','2024-03-09 06:21:57'),('1709965175714','1709728917857','2024-03-09 06:21:51','2024-03-09 06:21:51'),('1709965175714','1709729514660','2024-03-09 06:20:35','2024-03-09 06:20:35'),('1709965175714','1709729818524','2024-03-09 06:20:30','2024-03-09 06:20:30'),('1709965175714','1709962703249','2024-03-09 06:21:06','2024-03-09 06:21:06'),('1709965175714','1709964765739','2024-03-09 06:19:53','2024-03-09 06:19:53'),('1709965527096','1709728442684','2024-03-09 06:27:01','2024-03-09 06:27:01'),('1709965527096','1709729476568','2024-03-09 06:27:06','2024-03-09 06:27:06'),('1709965527096','1709902491136','2024-03-09 06:28:14','2024-03-09 06:28:14'),('1709965582539','1709903878483','2024-03-09 06:27:34','2024-03-09 06:27:34'),('1709965610569','1709901525538','2024-03-09 06:28:21','2024-03-09 06:28:21'),('1709965610569','1709902491136','2024-03-09 06:28:13','2024-03-09 06:28:13'),('1709965610569','1709904147909','2024-03-09 06:27:56','2024-03-09 06:27:56'),('1709965610569','1709904597222','2024-03-09 06:27:51','2024-03-09 06:27:51'),('1709967283489','1709966991829','2024-03-09 06:54:44','2024-03-09 06:54:44'),('1709967729590','1709904147909','2024-03-09 07:02:43','2024-03-09 07:02:43'),('1709967729590','1709963106823','2024-03-09 07:02:24','2024-03-09 07:02:24'),('1709967742410','1709902167810','2024-03-09 07:03:07','2024-03-09 07:03:07'),('1709967742410','1709906040181','2024-03-09 07:02:52','2024-03-09 07:02:52'),('1709967742410','1709963106823','2024-03-09 07:02:23','2024-03-09 07:02:23'),('1709969196761','1709727694829','2024-03-09 07:26:38','2024-03-09 07:26:38'),('1709969712128','1709966991829','2024-03-09 07:35:13','2024-03-09 07:35:13'),('1709969712128','1709970879644','2024-03-09 07:54:39','2024-03-09 07:54:39'),('1709972501683','1709902167810','2024-03-09 08:22:00','2024-03-09 08:22:00'),('1709972501683','1709904846470','2024-03-09 08:21:43','2024-03-09 08:21:43'),('1709972501683','1709905956013','2024-03-09 08:21:48','2024-03-09 08:21:48'),('1709972537650','1709964424184','2024-03-09 08:22:19','2024-03-09 08:22:19'),('1710048801145','1710049033545','2024-03-10 05:37:13','2024-03-10 05:37:13'),('1710049098808','1710049033545','2024-03-10 05:38:20','2024-03-10 05:38:20'),('1710049120968','1709731471688','2024-03-10 06:53:20','2024-03-10 06:53:20'),('1710049120968','1710049033545','2024-03-10 06:16:29','2024-03-10 06:16:29'),('1710049120968','1710578948826','2024-03-16 08:49:08','2024-03-16 08:49:08'),('1710051397192','1709728442684','2024-03-10 06:29:12','2024-03-10 06:29:12'),('1710051397192','1709963106823','2024-03-10 06:53:41','2024-03-10 06:53:41'),('1710051397192','1709970879644','2024-03-10 06:16:45','2024-03-10 06:16:45'),('1710052233174','1709901189845','2024-03-15 14:40:35','2024-03-15 14:40:35'),('1710052233174','1709904597222','2024-03-10 06:30:34','2024-03-10 06:30:34'),('1710052233174','1709904846470','2024-03-15 14:40:23','2024-03-15 14:40:23'),('1710052233174','1709906560937','2024-03-15 14:40:17','2024-03-15 14:40:17'),('1710052233174','1709962703249','2024-03-15 14:40:12','2024-03-15 14:40:12'),('1710052233174','1709963106823','2024-03-10 06:53:40','2024-03-10 06:53:40'),('1710052579646','1709968946947','2024-03-10 06:36:55','2024-03-10 06:36:55'),('1710052593245','1709963889528','2024-03-10 06:36:51','2024-03-10 06:36:51'),('1710052593245','1710054012961','2024-03-10 07:00:12','2024-03-10 07:00:12');
/*!40000 ALTER TABLE `playlist_video` ENABLE KEYS */;
UNLOCK TABLES;

--
-- Table structure for table `sub_playlist`
--

DROP TABLE IF EXISTS `sub_playlist`;
/*!40101 SET @saved_cs_client     = @@character_set_client */;
/*!50503 SET character_set_client = utf8mb4 */;
CREATE TABLE `sub_playlist` (
  `userId` char(50) DEFAULT NULL,
  `playlistId` char(50) DEFAULT NULL,
  `createTime` timestamp NULL DEFAULT CURRENT_TIMESTAMP,
  `updateTime` timestamp NULL DEFAULT CURRENT_TIMESTAMP ON UPDATE CURRENT_TIMESTAMP,
  KEY `userId` (`userId`),
  KEY `playlistId` (`playlistId`),
  CONSTRAINT `sub_playlist_ibfk_1` FOREIGN KEY (`userId`) REFERENCES `user` (`userId`) ON DELETE CASCADE ON UPDATE CASCADE,
  CONSTRAINT `sub_playlist_ibfk_2` FOREIGN KEY (`playlistId`) REFERENCES `playlist` (`id`) ON DELETE CASCADE ON UPDATE CASCADE
) ENGINE=InnoDB DEFAULT CHARSET=utf8mb4 COLLATE=utf8mb4_0900_ai_ci;
/*!40101 SET character_set_client = @saved_cs_client */;

--
-- Dumping data for table `sub_playlist`
--

LOCK TABLES `sub_playlist` WRITE;
/*!40000 ALTER TABLE `sub_playlist` DISABLE KEYS */;
INSERT INTO `sub_playlist` VALUES ('1709964349418','1709903810468','2024-03-09 06:55:48','2024-03-09 06:55:48'),('1709964349418','1709821295905','2024-03-09 06:55:51','2024-03-09 06:55:51'),('1709726632137','1709902138566','2024-03-10 05:05:30','2024-03-10 05:05:30'),('1709726632137','1709967283489','2024-03-10 05:05:41','2024-03-10 05:05:41'),('1709726632137','1709733246094','2024-03-10 05:12:01','2024-03-10 05:12:01'),('1709726632137','1709733236711','2024-03-10 05:12:06','2024-03-10 05:12:06'),('1709726632137','1709733271462','2024-03-10 05:30:51','2024-03-10 05:30:51'),('1709726632137','1709902163205','2024-03-10 06:57:58','2024-03-10 06:57:58');
/*!40000 ALTER TABLE `sub_playlist` ENABLE KEYS */;
UNLOCK TABLES;

--
-- Table structure for table `subscriber`
--

DROP TABLE IF EXISTS `subscriber`;
/*!40101 SET @saved_cs_client     = @@character_set_client */;
/*!50503 SET character_set_client = utf8mb4 */;
CREATE TABLE `subscriber` (
  `id` char(50) CHARACTER SET utf8mb4 COLLATE utf8mb4_0900_ai_ci NOT NULL,
  `userId` char(50) CHARACTER SET utf8mb4 COLLATE utf8mb4_0900_ai_ci DEFAULT NULL,
  `upId` char(50) CHARACTER SET utf8mb4 COLLATE utf8mb4_0900_ai_ci DEFAULT NULL,
  `createTime` timestamp NULL DEFAULT CURRENT_TIMESTAMP,
  `updateTime` timestamp NULL DEFAULT CURRENT_TIMESTAMP ON UPDATE CURRENT_TIMESTAMP,
  PRIMARY KEY (`id`) USING BTREE,
  KEY `userId` (`userId`) USING BTREE,
  KEY `upId` (`upId`) USING BTREE,
  CONSTRAINT `subscriber_ibfk_1` FOREIGN KEY (`userId`) REFERENCES `user` (`userId`) ON DELETE CASCADE ON UPDATE CASCADE,
  CONSTRAINT `subscriber_ibfk_2` FOREIGN KEY (`upId`) REFERENCES `user` (`userId`) ON DELETE CASCADE ON UPDATE CASCADE
) ENGINE=InnoDB DEFAULT CHARSET=utf8mb4 COLLATE=utf8mb4_0900_ai_ci ROW_FORMAT=DYNAMIC;
/*!40101 SET character_set_client = @saved_cs_client */;

--
-- Dumping data for table `subscriber`
--

LOCK TABLES `subscriber` WRITE;
/*!40000 ALTER TABLE `subscriber` DISABLE KEYS */;
INSERT INTO `subscriber` VALUES ('1709972057262','1709820642242','1709968099989','2024-03-09 08:14:17','2024-03-09 08:14:17'),('1709972061542','1709820642242','1709964349418','2024-03-09 08:14:21','2024-03-09 08:14:21'),('1709972077529','1709820642242','1709728495272','2024-03-09 08:14:37','2024-03-09 08:14:37'),('1709972362098','1709968523870','1709728495272','2024-03-09 08:19:22','2024-03-09 08:19:22'),('1709972415240','1709968523870','1709962443377','2024-03-09 08:20:15','2024-03-09 08:20:15'),('1709972511302','1709968523870','1709905648920','2024-03-09 08:21:51','2024-03-09 08:21:51'),('1709972700789','1709726632137','1709964349418','2024-03-09 08:25:00','2024-03-09 08:25:00'),('1709972735691','1709726632137','1709729533921','2024-03-09 08:25:35','2024-03-09 08:25:35'),('1710050035441','1709726632137','1709730372557','2024-03-10 05:53:55','2024-03-10 05:53:55'),('1710050120674','1709726632137','1709730380639','2024-03-10 05:55:20','2024-03-10 05:55:20'),('1710050124390','1709726632137','1709730367418','2024-03-10 05:55:24','2024-03-10 05:55:24'),('1710050145169','1709726632137','1709820642242','2024-03-10 05:55:45','2024-03-10 05:55:45'),('1710052115117','1709726632137','1709968099989','2024-03-10 06:28:35','2024-03-10 06:28:35'),('1710052394729','1709726632137','1709728495272','2024-03-10 06:33:14','2024-03-10 06:33:14'),('1710053860882','1709726632137','1709968523870','2024-03-10 06:57:40','2024-03-10 06:57:40'),('1710054341244','1710054197921','1709728495272','2024-03-10 07:05:41','2024-03-10 07:05:41'),('1710056298768','1709968099989','1709726632137','2024-03-10 07:38:18','2024-03-10 07:38:18');
/*!40000 ALTER TABLE `subscriber` ENABLE KEYS */;
UNLOCK TABLES;

--
-- Table structure for table `tag`
--

DROP TABLE IF EXISTS `tag`;
/*!40101 SET @saved_cs_client     = @@character_set_client */;
/*!50503 SET character_set_client = utf8mb4 */;
CREATE TABLE `tag` (
  `id` char(50) CHARACTER SET utf8mb4 COLLATE utf8mb4_0900_ai_ci NOT NULL,
  `name` varchar(200) CHARACTER SET utf8mb4 COLLATE utf8mb4_0900_ai_ci DEFAULT NULL,
  `createTime` timestamp NULL DEFAULT CURRENT_TIMESTAMP,
  `updateTime` timestamp NULL DEFAULT CURRENT_TIMESTAMP ON UPDATE CURRENT_TIMESTAMP,
  PRIMARY KEY (`id`) USING BTREE,
  UNIQUE KEY `name` (`name`) USING BTREE
) ENGINE=InnoDB DEFAULT CHARSET=utf8mb4 COLLATE=utf8mb4_0900_ai_ci ROW_FORMAT=DYNAMIC;
/*!40101 SET character_set_client = @saved_cs_client */;

--
-- Dumping data for table `tag`
--

LOCK TABLES `tag` WRITE;
/*!40000 ALTER TABLE `tag` DISABLE KEYS */;
INSERT INTO `tag` VALUES ('1709726825594','gidle','2024-03-06 12:07:05','2024-03-06 12:07:05'),('1709726836364','韩国明星','2024-03-06 12:07:16','2024-03-06 12:07:16'),('1709726843878','blankpink','2024-03-06 12:07:23','2024-03-06 12:07:23'),('1709726852963','短视频','2024-03-06 12:07:32','2024-03-06 12:07:32'),('1709726860113','搞笑','2024-03-06 12:07:40','2024-03-06 12:07:40'),('1709726868096','悦耳','2024-03-06 12:07:48','2024-03-06 12:07:48'),('1709726874170','野生动物','2024-03-06 12:07:54','2024-03-06 12:07:54'),('1709726878629','汽车','2024-03-06 12:07:58','2024-03-06 12:07:58'),('1709726883613','娱乐','2024-03-06 12:08:03','2024-03-06 12:08:03'),('1709726903880','音乐','2024-03-06 12:08:23','2024-03-06 12:08:23'),('1709726910527','励志','2024-03-06 12:08:30','2024-03-06 12:08:30'),('1709726913961','文案','2024-03-06 12:08:33','2024-03-06 12:08:33'),('1709726917295','足球','2024-03-06 12:08:37','2024-03-06 12:08:37'),('1709726928527','NBA','2024-03-06 12:08:48','2024-03-06 12:08:48');
/*!40000 ALTER TABLE `tag` ENABLE KEYS */;
UNLOCK TABLES;

--
-- Table structure for table `tag_video`
--

DROP TABLE IF EXISTS `tag_video`;
/*!40101 SET @saved_cs_client     = @@character_set_client */;
/*!50503 SET character_set_client = utf8mb4 */;
CREATE TABLE `tag_video` (
  `tId` char(50) CHARACTER SET utf8mb4 COLLATE utf8mb4_0900_ai_ci NOT NULL,
  `vId` char(50) CHARACTER SET utf8mb4 COLLATE utf8mb4_0900_ai_ci NOT NULL,
  `createTime` timestamp NULL DEFAULT CURRENT_TIMESTAMP,
  `updateTime` timestamp NULL DEFAULT CURRENT_TIMESTAMP ON UPDATE CURRENT_TIMESTAMP,
  PRIMARY KEY (`tId`,`vId`) USING BTREE,
  KEY `vId` (`vId`) USING BTREE,
  CONSTRAINT `tag_video_ibfk_1` FOREIGN KEY (`tId`) REFERENCES `tag` (`id`) ON DELETE CASCADE ON UPDATE CASCADE,
  CONSTRAINT `tag_video_ibfk_2` FOREIGN KEY (`vId`) REFERENCES `video` (`id`) ON DELETE CASCADE ON UPDATE CASCADE
) ENGINE=InnoDB DEFAULT CHARSET=utf8mb4 COLLATE=utf8mb4_0900_ai_ci ROW_FORMAT=DYNAMIC;
/*!40101 SET character_set_client = @saved_cs_client */;

--
-- Dumping data for table `tag_video`
--

LOCK TABLES `tag_video` WRITE;
/*!40000 ALTER TABLE `tag_video` DISABLE KEYS */;
INSERT INTO `tag_video` VALUES ('1709726825594','1709727225326','2024-03-06 12:13:45','2024-03-06 12:13:45'),('1709726825594','1710049033545','2024-03-10 05:37:13','2024-03-10 05:37:13'),('1709726836364','1709727225326','2024-03-06 12:13:45','2024-03-06 12:13:45'),('1709726836364','1709727694829','2024-03-06 12:21:34','2024-03-06 12:21:34'),('1709726836364','1709728097869','2024-03-06 12:28:17','2024-03-06 12:28:17'),('1709726836364','1709732612806','2024-03-06 13:43:32','2024-03-06 13:43:32'),('1709726836364','1710049033545','2024-03-10 05:37:13','2024-03-10 05:37:13'),('1709726843878','1709727694829','2024-03-06 12:21:34','2024-03-06 12:21:34'),('1709726843878','1709728097869','2024-03-06 12:28:17','2024-03-06 12:28:17'),('1709726852963','1709730689098','2024-03-06 13:11:29','2024-03-06 13:11:29'),('1709726852963','1709731471688','2024-03-06 13:24:31','2024-03-06 13:24:31'),('1709726852963','1709732368308','2024-03-06 13:39:28','2024-03-06 13:39:28'),('1709726852963','1709733037458','2024-03-06 13:50:37','2024-03-06 13:50:37'),('1709726852963','1709901189845','2024-03-08 12:33:09','2024-03-08 12:33:09'),('1709726852963','1709902167810','2024-03-08 12:49:27','2024-03-08 12:49:27'),('1709726852963','1709903474181','2024-03-08 13:11:14','2024-03-08 13:11:14'),('1709726852963','1709904147909','2024-03-08 13:22:27','2024-03-08 13:22:27'),('1709726852963','1709962703249','2024-03-09 05:38:23','2024-03-09 05:38:23'),('1709726852963','1709966991829','2024-03-09 06:49:51','2024-03-09 06:49:51'),('1709726860113','1709727225326','2024-03-06 12:13:45','2024-03-06 12:13:45'),('1709726860113','1709728788586','2024-03-06 12:39:48','2024-03-06 12:39:48'),('1709726860113','1709731471688','2024-03-06 13:24:31','2024-03-06 13:24:31'),('1709726860113','1709901227938','2024-03-08 12:33:47','2024-03-08 12:33:47'),('1709726860113','1709904147909','2024-03-08 13:22:27','2024-03-08 13:22:27'),('1709726868096','1709731471688','2024-03-06 13:24:31','2024-03-06 13:24:31'),('1709726868096','1709732612806','2024-03-06 13:43:32','2024-03-06 13:43:32'),('1709726868096','1709902491136','2024-03-08 12:54:51','2024-03-08 12:54:51'),('1709726868096','1709962703249','2024-03-09 05:38:23','2024-03-09 05:38:23'),('1709726868096','1709966991829','2024-03-09 06:49:51','2024-03-09 06:49:51'),('1709726874170','1709728788586','2024-03-06 12:39:48','2024-03-06 12:39:48'),('1709726874170','1709730689098','2024-03-06 13:11:29','2024-03-06 13:11:29'),('1709726878629','1709901189845','2024-03-08 12:33:09','2024-03-08 12:33:09'),('1709726878629','1709901732306','2024-03-08 12:42:12','2024-03-08 12:42:12'),('1709726878629','1709903103144','2024-03-08 13:05:03','2024-03-08 13:05:03'),('1709726883613','1709727158279','2024-03-06 12:12:38','2024-03-06 12:12:38'),('1709726883613','1709727360760','2024-03-06 12:16:00','2024-03-06 12:16:00'),('1709726883613','1709728917857','2024-03-06 12:41:57','2024-03-06 12:41:57'),('1709726883613','1709731471688','2024-03-06 13:24:31','2024-03-06 13:24:31'),('1709726883613','1709733037458','2024-03-06 13:50:37','2024-03-06 13:50:37'),('1709726883613','1709901343387','2024-03-08 12:35:43','2024-03-08 12:35:43'),('1709726883613','1709901682371','2024-03-08 12:41:22','2024-03-08 12:41:22'),('1709726883613','1709903824403','2024-03-08 13:17:04','2024-03-08 13:17:04'),('1709726883613','1709903878483','2024-03-08 13:17:58','2024-03-08 13:17:58'),('1709726883613','1709904846470','2024-03-08 13:34:06','2024-03-08 13:34:06'),('1709726883613','1709906040181','2024-03-08 13:54:00','2024-03-08 13:54:00'),('1709726883613','1709906184558','2024-03-08 13:56:24','2024-03-08 13:56:24'),('1709726883613','1710054012961','2024-03-10 07:00:12','2024-03-10 07:00:12'),('1709726903880','1709727158279','2024-03-06 12:12:38','2024-03-06 12:12:38'),('1709726903880','1709727360760','2024-03-06 12:16:00','2024-03-06 12:16:00'),('1709726903880','1709728097869','2024-03-06 12:28:17','2024-03-06 12:28:17'),('1709726903880','1709728917857','2024-03-06 12:41:57','2024-03-06 12:41:57'),('1709726903880','1709729818524','2024-03-06 12:56:58','2024-03-06 12:56:58'),('1709726903880','1709730058428','2024-03-06 13:00:58','2024-03-06 13:00:58'),('1709726903880','1709731599134','2024-03-06 13:26:39','2024-03-06 13:26:39'),('1709726903880','1709732368308','2024-03-06 13:39:28','2024-03-06 13:39:28'),('1709726903880','1709732612806','2024-03-06 13:43:32','2024-03-06 13:43:32'),('1709726903880','1709901227938','2024-03-08 12:33:47','2024-03-08 12:33:47'),('1709726903880','1709902167810','2024-03-08 12:49:27','2024-03-08 12:49:27'),('1709726903880','1709902212933','2024-03-08 12:50:12','2024-03-08 12:50:12'),('1709726903880','1709902491136','2024-03-08 12:54:51','2024-03-08 12:54:51'),('1709726903880','1709902846546','2024-03-08 13:00:46','2024-03-08 13:00:46'),('1709726903880','1709903103144','2024-03-08 13:05:03','2024-03-08 13:05:03'),('1709726903880','1709903824403','2024-03-08 13:17:04','2024-03-08 13:17:04'),('1709726903880','1709903878483','2024-03-08 13:17:58','2024-03-08 13:17:58'),('1709726903880','1709904597222','2024-03-08 13:29:57','2024-03-08 13:29:57'),('1709726903880','1709904846470','2024-03-08 13:34:06','2024-03-08 13:34:06'),('1709726903880','1709905956013','2024-03-08 13:52:36','2024-03-08 13:52:36'),('1709726903880','1709906040181','2024-03-08 13:54:00','2024-03-08 13:54:00'),('1709726903880','1709906560937','2024-03-08 14:02:40','2024-03-08 14:02:40'),('1709726903880','1709963106823','2024-03-09 05:45:06','2024-03-09 05:45:06'),('1709726903880','1709963889528','2024-03-09 05:58:09','2024-03-09 05:58:09'),('1709726903880','1709964424184','2024-03-09 06:07:04','2024-03-09 06:07:04'),('1709726903880','1709964765739','2024-03-09 06:15:48','2024-03-09 06:15:48'),('1709726903880','1709966796036','2024-03-09 06:46:36','2024-03-09 06:46:36'),('1709726903880','1709968946947','2024-03-09 07:22:26','2024-03-09 07:22:26'),('1709726903880','1709968992295','2024-03-09 07:23:12','2024-03-09 07:23:12'),('1709726903880','1709970879644','2024-03-09 07:54:39','2024-03-09 07:54:39'),('1709726903880','1710054284377','2024-03-10 07:04:44','2024-03-10 07:04:44'),('1709726910527','1709727158279','2024-03-06 12:12:38','2024-03-06 12:12:38'),('1709726910527','1709729514660','2024-03-06 12:51:54','2024-03-06 12:51:54'),('1709726910527','1709729818524','2024-03-06 12:56:58','2024-03-06 12:56:58'),('1709726910527','1709730058428','2024-03-06 13:00:58','2024-03-06 13:00:58'),('1709726910527','1709732368308','2024-03-06 13:39:28','2024-03-06 13:39:28'),('1709726910527','1709734139055','2024-03-06 14:08:59','2024-03-06 14:08:59'),('1709726910527','1709903474181','2024-03-08 13:11:14','2024-03-08 13:11:14'),('1709726910527','1709904597222','2024-03-08 13:29:57','2024-03-08 13:29:57'),('1709726910527','1709905956013','2024-03-08 13:52:36','2024-03-08 13:52:36'),('1709726910527','1709906184558','2024-03-08 13:56:24','2024-03-08 13:56:24'),('1709726910527','1709963106823','2024-03-09 05:45:06','2024-03-09 05:45:06'),('1709726910527','1709964424184','2024-03-09 06:07:04','2024-03-09 06:07:04'),('1709726910527','1709966796036','2024-03-09 06:46:36','2024-03-09 06:46:36'),('1709726910527','1709968946947','2024-03-09 07:22:26','2024-03-09 07:22:26'),('1709726910527','1709968992295','2024-03-09 07:23:12','2024-03-09 07:23:12'),('1709726910527','1710054012961','2024-03-10 07:00:12','2024-03-10 07:00:12'),('1709726913961','1709729476568','2024-03-06 12:51:16','2024-03-06 12:51:16'),('1709726913961','1709729818524','2024-03-06 12:56:58','2024-03-06 12:56:58'),('1709726913961','1709734139055','2024-03-06 14:08:59','2024-03-06 14:08:59'),('1709726913961','1709901525538','2024-03-08 12:38:45','2024-03-08 12:38:45'),('1709726913961','1709902846546','2024-03-08 13:00:46','2024-03-08 13:00:46'),('1709726913961','1709963106823','2024-03-09 05:45:06','2024-03-09 05:45:06'),('1709726913961','1709964424184','2024-03-09 06:07:04','2024-03-09 06:07:04'),('1709726913961','1709966796036','2024-03-09 06:46:36','2024-03-09 06:46:36'),('1709726913961','1709970879644','2024-03-09 07:54:39','2024-03-09 07:54:39'),('1709726913961','1710054012961','2024-03-10 07:00:12','2024-03-10 07:00:12'),('1709726913961','1710578948826','2024-03-16 08:49:08','2024-03-16 08:49:08'),('1709726917295','1709728442684','2024-03-06 12:34:02','2024-03-06 12:34:02'),('1709726917295','1709729476568','2024-03-06 12:51:16','2024-03-06 12:51:16');
/*!40000 ALTER TABLE `tag_video` ENABLE KEYS */;
UNLOCK TABLES;

--
-- Table structure for table `thumb`
--

DROP TABLE IF EXISTS `thumb`;
/*!40101 SET @saved_cs_client     = @@character_set_client */;
/*!50503 SET character_set_client = utf8mb4 */;
CREATE TABLE `thumb` (
  `id` char(50) CHARACTER SET utf8mb4 COLLATE utf8mb4_0900_ai_ci NOT NULL,
  `userId` char(50) CHARACTER SET utf8mb4 COLLATE utf8mb4_0900_ai_ci DEFAULT NULL,
  `commentId` char(50) CHARACTER SET utf8mb4 COLLATE utf8mb4_0900_ai_ci DEFAULT NULL,
  `vId` char(50) CHARACTER SET utf8mb4 COLLATE utf8mb4_0900_ai_ci DEFAULT NULL,
  `createTime` timestamp NULL DEFAULT CURRENT_TIMESTAMP,
  `updateTime` timestamp NULL DEFAULT CURRENT_TIMESTAMP ON UPDATE CURRENT_TIMESTAMP,
  `tread` int DEFAULT NULL,
  `mId` char(50) DEFAULT NULL,
  PRIMARY KEY (`id`) USING BTREE,
  KEY `userId` (`userId`) USING BTREE,
  KEY `vId` (`vId`) USING BTREE,
  KEY `commentId` (`commentId`) USING BTREE,
  CONSTRAINT `thumb_ibfk_1` FOREIGN KEY (`userId`) REFERENCES `user` (`userId`) ON DELETE CASCADE ON UPDATE CASCADE,
  CONSTRAINT `thumb_ibfk_2` FOREIGN KEY (`vId`) REFERENCES `video` (`id`) ON DELETE CASCADE ON UPDATE CASCADE,
  CONSTRAINT `thumb_ibfk_3` FOREIGN KEY (`commentId`) REFERENCES `comment` (`id`) ON DELETE CASCADE ON UPDATE CASCADE
) ENGINE=InnoDB DEFAULT CHARSET=utf8mb4 COLLATE=utf8mb4_0900_ai_ci ROW_FORMAT=DYNAMIC;
/*!40101 SET character_set_client = @saved_cs_client */;

--
-- Dumping data for table `thumb`
--

LOCK TABLES `thumb` WRITE;
/*!40000 ALTER TABLE `thumb` DISABLE KEYS */;
INSERT INTO `thumb` VALUES ('1709731686623','1709729533921',NULL,'1709728442684','2024-03-06 13:28:06','2024-03-06 13:28:06',0,NULL),('1709731742286','1709726632137',NULL,'1709731599134','2024-03-06 13:29:02','2024-03-06 13:29:02',0,NULL),('1709731898418','1709728495272',NULL,'1709727158279','2024-03-06 13:31:38','2024-03-06 13:31:38',0,NULL),('1709733106867','1709728495272','1709731633317',NULL,'2024-03-06 13:51:46','2024-03-06 13:51:46',0,NULL),('1709733632018','1709733343047',NULL,'1709727360760','2024-03-06 14:00:32','2024-03-06 14:00:32',0,NULL),('1709734172386','1709733343047',NULL,'1709734139055','2024-03-06 14:09:32','2024-03-06 14:09:32',0,NULL),('1709734784521','1709726632137',NULL,'1709728097869','2024-03-06 14:19:44','2024-03-06 14:19:44',0,NULL),('1709734836942','1709726632137',NULL,'1709728917857','2024-03-06 14:20:36','2024-03-06 14:20:36',0,NULL),('1709734842136','1709726632137','1709731656397',NULL,'2024-03-06 14:20:42','2024-03-06 14:20:42',0,NULL),('1709734843324','1709726632137','1709731785881',NULL,'2024-03-06 14:20:43','2024-03-06 14:20:43',0,NULL),('1709734844359','1709726632137','1709733145297',NULL,'2024-03-06 14:20:44','2024-03-06 14:20:44',0,NULL),('1709735139769','1709726632137',NULL,'1709729514660','2024-03-06 14:25:39','2024-03-06 14:25:39',0,NULL),('1709820341168','1709726632137',NULL,'1709732612806','2024-03-07 14:05:41','2024-03-07 14:05:41',0,NULL),('1709820373718','1709726632137','1709731885398',NULL,'2024-03-07 14:06:13','2024-03-07 14:06:13',0,NULL),('1709820374968','1709726632137','1709733416895',NULL,'2024-03-07 14:06:14','2024-03-07 14:06:14',0,NULL),('1709820376333','1709726632137','1709733617413',NULL,'2024-03-07 14:06:16','2024-03-07 14:06:16',0,NULL),('1709821138868','1709820642242',NULL,'1709730058428','2024-03-07 14:18:58','2024-03-07 14:18:58',0,NULL),('1709821241298','1709820642242','1709731644064',NULL,'2024-03-07 14:20:41','2024-03-07 14:20:41',0,NULL),('1709821242261','1709820642242','1709731878212',NULL,'2024-03-07 14:20:42','2024-03-07 14:20:42',0,NULL),('1709821243246','1709820642242','1709733517550',NULL,'2024-03-07 14:20:43','2024-03-07 14:20:43',0,NULL),('1709821244308','1709820642242','1709820137548',NULL,'2024-03-07 14:20:44','2024-03-07 14:20:44',0,NULL),('1709821245291','1709820642242','1709821132342',NULL,'2024-03-07 14:20:45','2024-03-07 14:20:45',0,NULL),('1709904165708','1709902530670',NULL,'1709902167810','2024-03-08 13:22:45','2024-03-08 13:22:45',0,NULL),('1709904890028','1709902530670',NULL,'1709904597222','2024-03-08 13:34:50','2024-03-08 13:34:50',0,NULL),('1709905253442','1709902530670',NULL,'1709903824403','2024-03-08 13:40:53','2024-03-08 13:40:53',0,NULL),('1709905393357','1709820642242',NULL,'1709901227938','2024-03-08 13:43:13','2024-03-08 13:43:13',0,NULL),('1709905528975','1709733343047',NULL,'1709904597222','2024-03-08 13:45:28','2024-03-08 13:45:28',0,NULL),('1709905536272','1709733343047',NULL,'1709904147909','2024-03-08 13:45:36','2024-03-08 13:45:36',0,NULL),('1709905547389','1709733343047',NULL,'1709903824403','2024-03-08 13:45:47','2024-03-08 13:45:47',0,NULL),('1709905565838','1709733343047',NULL,'1709902167810','2024-03-08 13:46:05','2024-03-08 13:46:05',0,NULL),('1709906320709','1709820642242',NULL,'1709905956013','2024-03-08 13:58:40','2024-03-08 13:58:40',0,NULL),('1709906763683','1709820642242',NULL,'1709731599134','2024-03-08 14:06:03','2024-03-08 14:06:03',0,NULL),('1709967409792','1709964349418',NULL,'1709903103144','2024-03-09 06:56:49','2024-03-09 06:56:49',0,NULL),('1709967795449','1709963638248',NULL,'1709902167810','2024-03-09 07:03:15','2024-03-09 07:03:15',0,NULL),('1709967827277','1709963638248',NULL,'1709727694829','2024-03-09 07:03:47','2024-03-09 07:03:47',0,NULL),('1709967830799','1709963638248',NULL,'1709732612806','2024-03-09 07:03:50','2024-03-09 07:03:50',0,NULL),('1709967837574','1709963638248',NULL,'1709963889528','2024-03-09 07:03:57','2024-03-09 07:03:57',0,NULL),('1709967839230','1709963638248',NULL,'1709906040181','2024-03-09 07:03:59','2024-03-09 07:03:59',0,NULL),('1709967922127','1709962443377',NULL,'1709902167810','2024-03-09 07:05:22','2024-03-09 07:05:22',0,NULL),('1709967929626','1709962443377',NULL,'1709904147909','2024-03-09 07:05:29','2024-03-09 07:05:29',0,NULL),('1709967954489','1709962443377',NULL,'1709728097869','2024-03-09 07:05:54','2024-03-09 07:05:54',0,NULL),('1709967962342','1709962443377',NULL,'1709727158279','2024-03-09 07:06:02','2024-03-09 07:06:02',0,NULL),('1709967970422','1709962443377',NULL,'1709902491136','2024-03-09 07:06:10','2024-03-09 07:06:10',0,NULL),('1709967977157','1709962443377','1709905214138',NULL,'2024-03-09 07:06:17','2024-03-09 07:06:17',0,NULL),('1709967978057','1709962443377','1709905399454',NULL,'2024-03-09 07:06:18','2024-03-09 07:06:18',0,NULL),('1709967978890','1709962443377','1709905478985',NULL,'2024-03-09 07:06:18','2024-03-09 07:06:18',0,NULL),('1709967979840','1709962443377','1709967968385',NULL,'2024-03-09 07:06:19','2024-03-09 07:06:19',0,NULL),('1709968002874','1709962443377',NULL,'1709962703249','2024-03-09 07:06:42','2024-03-09 07:06:42',0,NULL),('1709968016224','1709962443377',NULL,'1709902846546','2024-03-09 07:06:56','2024-03-09 07:06:56',0,NULL),('1709968055143','1709962443377',NULL,'1709906040181','2024-03-09 07:07:35','2024-03-09 07:07:35',0,NULL),('1709968069270','1709962443377',NULL,'1709905956013','2024-03-09 07:07:49','2024-03-09 07:07:49',0,NULL),('1709969056849','1709968338867',NULL,'1709901227938','2024-03-09 07:24:16','2024-03-09 07:24:16',0,NULL),('1709969066131','1709968338867',NULL,'1709964765739','2024-03-09 07:24:26','2024-03-09 07:24:26',0,NULL),('1709969141581','1709968338867',NULL,'1709732612806','2024-03-09 07:25:41','2024-03-09 07:25:41',0,NULL),('1709969147912','1709968338867',NULL,'1709727694829','2024-03-09 07:25:47','2024-03-09 07:25:47',0,NULL),('1709970367200','1709968338867','1709967513448',NULL,'2024-03-09 07:46:07','2024-03-09 07:46:07',0,NULL),('1709970368130','1709968338867','1709969031329',NULL,'2024-03-09 07:46:08','2024-03-09 07:46:08',0,NULL),('1709972101643','1709820642242',NULL,'1709964424184','2024-03-09 08:15:01','2024-03-09 08:15:01',0,NULL),('1709972104910','1709820642242',NULL,'1709963889528','2024-03-09 08:15:04','2024-03-09 08:15:04',0,NULL),('1709972106991','1709820642242',NULL,'1709968946947','2024-03-09 08:15:06','2024-03-09 08:15:06',0,NULL),('1709972312267','1709968523870',NULL,'1709968946947','2024-03-09 08:18:32','2024-03-09 08:18:32',0,NULL),('1709972338404','1709968523870',NULL,'1709903474181','2024-03-09 08:18:58','2024-03-09 08:18:58',0,NULL),('1709972346822','1709968523870',NULL,'1709903824403','2024-03-09 08:19:06','2024-03-09 08:19:06',0,NULL),('1709972423251','1709968523870',NULL,'1709905956013','2024-03-09 08:20:23','2024-03-09 08:20:23',0,NULL),('1709972437251','1709968523870',NULL,'1709727360760','2024-03-09 08:20:37','2024-03-09 08:20:37',0,NULL),('1709972477770','1709968523870',NULL,'1709729476568','2024-03-09 08:21:17','2024-03-09 08:21:17',0,NULL),('1709972483385','1709968523870',NULL,'1709728442684','2024-03-09 08:21:23','2024-03-09 08:21:23',0,NULL),('1710049162505','1709726632137',NULL,'1709964424184','2024-03-10 05:39:22','2024-03-10 05:39:22',0,NULL),('1710049169739','1709726632137','1709905124454',NULL,'2024-03-10 05:39:29','2024-03-10 05:39:29',0,NULL),('1710049170686','1709726632137','1709821059790',NULL,'2024-03-10 05:39:30','2024-03-10 05:39:30',0,NULL),('1710049172474','1709726632137','1709733455964',NULL,'2024-03-10 05:39:32','2024-03-10 05:39:32',0,NULL),('1710049998412','1709726632137',NULL,'1709966796036','2024-03-10 05:53:18','2024-03-10 05:53:18',0,NULL),('1710050141216','1709726632137','1709967526679',NULL,'2024-03-10 05:55:41','2024-03-10 05:55:41',0,NULL),('1710050143056','1709726632137','1709969127061',NULL,'2024-03-10 05:55:43','2024-03-10 05:55:43',0,NULL),('1710050143820','1709726632137','1709967986940',NULL,'2024-03-10 05:55:43','2024-03-10 05:55:43',0,NULL),('1710050255824','1709820642242',NULL,'1710049033545','2024-03-10 05:57:35','2024-03-10 05:57:35',0,NULL),('1710050278434','1709968338867',NULL,'1710049033545','2024-03-10 05:57:58','2024-03-10 05:57:58',0,NULL),('1710051364556','1709726632137',NULL,'1709903103144','2024-03-10 06:16:04','2024-03-10 06:16:04',0,NULL),('1710051374248','1709726632137','1709905553636',NULL,'2024-03-10 06:16:14','2024-03-10 06:16:14',0,NULL),('1710051381131','1709726632137',NULL,'1709901682371','2024-03-10 06:16:21','2024-03-10 06:16:21',0,NULL),('1710051411961','1709726632137',NULL,'1709970879644','2024-03-10 06:16:51','2024-03-10 06:16:51',0,NULL),('1710052103222','1709726632137',NULL,'1709968946947','2024-03-10 06:28:23','2024-03-10 06:28:23',0,NULL),('1710052111419','1709726632137','1710052108869',NULL,'2024-03-10 06:28:31','2024-03-10 06:28:31',0,NULL),('1710052112179','1709726632137','1709972310847',NULL,'2024-03-10 06:28:32','2024-03-10 06:28:32',0,NULL),('1710052113337','1709726632137','1709969025214',NULL,'2024-03-10 06:28:33','2024-03-10 06:28:33',0,NULL),('1710052150116','1709726632137',NULL,'1709728442684','2024-03-10 06:29:10','2024-03-10 06:29:10',0,NULL),('1710052187080','1709726632137',NULL,'1709727694829','2024-03-10 06:29:47','2024-03-10 06:29:47',0,NULL),('1710053589853','1709726632137','1709972317017',NULL,'2024-03-10 06:53:09','2024-03-10 06:53:09',0,NULL),('1710053590816','1709726632137','1709969119612',NULL,'2024-03-10 06:53:10','2024-03-10 06:53:10',0,NULL),('1710053598966','1709726632137',NULL,'1709731471688','2024-03-10 06:53:18','2024-03-10 06:53:18',0,NULL),('1710053673561','1709726632137',NULL,'1709727158279','2024-03-10 06:54:33','2024-03-10 06:54:33',0,NULL),('1710053869443','1709726632137',NULL,NULL,'2024-03-10 06:57:49','2024-03-10 06:57:49',0,'1709971885974'),('1710054331300','1710054197921',NULL,'1710054284377','2024-03-10 07:05:31','2024-03-10 07:05:31',0,NULL),('1710160977957','1709726632137',NULL,'1709906040181','2024-03-11 12:42:57','2024-03-11 12:42:57',0,NULL),('1710161038666','1709726632137','1709731830601',NULL,'2024-03-11 12:43:58','2024-03-11 12:43:58',0,NULL),('1710161039590','1709726632137','1709731741300',NULL,'2024-03-11 12:43:59','2024-03-11 12:43:59',0,NULL),('1710161068498','1709726632137','1709972345598',NULL,'2024-03-11 12:44:28','2024-03-11 12:44:28',0,NULL),('1710161069457','1709726632137','1709967537164',NULL,'2024-03-11 12:44:29','2024-03-11 12:44:29',0,NULL),('1710161070813','1709726632137','1709905546572',NULL,'2024-03-11 12:44:30','2024-03-11 12:44:30',0,NULL),('1710161072190','1709726632137','1709905457039',NULL,'2024-03-11 12:44:32','2024-03-11 12:44:32',0,NULL),('1710247328140','1709726632137','1709972422299',NULL,'2024-03-12 12:42:08','2024-03-12 12:42:08',0,NULL),('1710247444694','1709726632137','1709969031329',NULL,'2024-03-12 12:44:04','2024-03-12 12:44:04',0,NULL),('1710247445527','1709726632137','1709967513448',NULL,'2024-03-12 12:44:05','2024-03-12 12:44:05',0,NULL),('1710247600511','1709726632137','1710051371979',NULL,'2024-03-12 12:46:40','2024-03-12 12:46:40',0,NULL),('1710248028311','1709726632137',NULL,NULL,'2024-03-12 12:53:48','2024-03-12 12:53:48',0,'1709971865825'),('1710248029974','1709726632137',NULL,NULL,'2024-03-12 12:53:49','2024-03-12 12:53:49',0,'1709971838958'),('1710248038593','1709726632137','1709969105694',NULL,'2024-03-12 12:53:58','2024-03-12 12:53:58',1,NULL),('1710248043459','1709726632137',NULL,'1709905956013','2024-03-12 12:54:03','2024-03-12 12:54:03',1,NULL),('1710330058271','1709726632137',NULL,'1709964765739','2024-03-13 11:40:58','2024-03-13 11:40:58',0,NULL),('1710415498623','1709726632137',NULL,'1709962703249','2024-03-14 11:24:58','2024-03-14 11:24:58',0,NULL),('1710418554050','1709726632137',NULL,'1709902491136','2024-03-14 12:15:54','2024-03-14 12:15:54',0,NULL),('1710418606809','1709726632137','1709733499596',NULL,'2024-03-14 12:16:46','2024-03-14 12:16:46',0,NULL),('1710418607811','1709726632137','1709731848530',NULL,'2024-03-14 12:16:47','2024-03-14 12:16:47',0,NULL),('1710418608821','1709726632137','1709821137425',NULL,'2024-03-14 12:16:48','2024-03-14 12:16:48',0,NULL),('1710418610293','1709726632137','1709967944137',NULL,'2024-03-14 12:16:50','2024-03-14 12:16:50',0,NULL),('1710418611154','1709726632137','1709972284263',NULL,'2024-03-14 12:16:51','2024-03-14 12:16:51',0,NULL);
/*!40000 ALTER TABLE `thumb` ENABLE KEYS */;
UNLOCK TABLES;

--
-- Table structure for table `user`
--

DROP TABLE IF EXISTS `user`;
/*!40101 SET @saved_cs_client     = @@character_set_client */;
/*!50503 SET character_set_client = utf8mb4 */;
CREATE TABLE `user` (
  `userId` char(50) CHARACTER SET utf8mb4 COLLATE utf8mb4_0900_ai_ci NOT NULL DEFAULT '1',
  `userName` varchar(500) CHARACTER SET utf8mb4 COLLATE utf8mb4_0900_ai_ci DEFAULT NULL,
  `password` char(100) CHARACTER SET utf8mb4 COLLATE utf8mb4_0900_ai_ci DEFAULT NULL,
  `avatarUrl` varchar(500) CHARACTER SET utf8mb4 COLLATE utf8mb4_0900_ai_ci DEFAULT NULL,
  `createTime` timestamp NULL DEFAULT CURRENT_TIMESTAMP,
  `updateTime` timestamp NULL DEFAULT CURRENT_TIMESTAMP ON UPDATE CURRENT_TIMESTAMP,
  `originalname` varchar(500) CHARACTER SET utf8mb4 COLLATE utf8mb4_0900_ai_ci DEFAULT NULL,
  `mimetype` varchar(500) CHARACTER SET utf8mb4 COLLATE utf8mb4_0900_ai_ci DEFAULT NULL,
  `dest` varchar(500) CHARACTER SET utf8mb4 COLLATE utf8mb4_0900_ai_ci DEFAULT NULL,
  `filename` varchar(500) CHARACTER SET utf8mb4 COLLATE utf8mb4_0900_ai_ci DEFAULT NULL,
  `size` varchar(100) CHARACTER SET utf8mb4 COLLATE utf8mb4_0900_ai_ci DEFAULT NULL,
  `history` int DEFAULT '1',
  `isExplore` int DEFAULT '0',
  `manage` int DEFAULT '0',
  PRIMARY KEY (`userId`) USING BTREE,
  UNIQUE KEY `userName` (`userName`) USING BTREE
) ENGINE=InnoDB DEFAULT CHARSET=utf8mb4 COLLATE=utf8mb4_0900_ai_ci ROW_FORMAT=DYNAMIC;
/*!40101 SET character_set_client = @saved_cs_client */;

--
-- Dumping data for table `user`
--

LOCK TABLES `user` WRITE;
/*!40000 ALTER TABLE `user` DISABLE KEYS */;
INSERT INTO `user` VALUES ('1709726632137','叶子','123','http://localhost:8888/user/avatar/1709726632137','2024-03-06 12:03:52','2024-03-06 12:04:21','叶子.jpg','image/jpeg','./upload/user/avatar','1709726661594.jpg','63528',1,0,0),('1709726637539','guobin','123','http://localhost:8888/user/avatar/1709726637539','2024-03-06 12:03:57','2024-03-10 05:59:05','guobin.jpeg','image/jpeg','./upload/user/avatar','1709734996197.jpeg','55801',1,0,1),('1709728495272','BugMa','123','http://localhost:8888/user/avatar/1709728495272','2024-03-06 12:34:55','2024-03-06 12:35:58','OIP-C.jpeg','image/jpeg','./upload/user/avatar','1709728558771.jpeg','52906',1,0,0),('1709729533921','小夜刀','123','http://localhost:8888/user/avatar/1709729533921','2024-03-06 12:52:13','2024-03-06 12:52:48','小夜刀.jpeg','image/jpeg','./upload/user/avatar','1709729568351.jpeg','53984',1,0,0),('1709730195053','音乐','123','http://localhost:8888/user/avatar/1709730195053','2024-03-06 13:03:15','2024-03-06 13:12:52','1701443515639.jpeg','image/jpeg','./upload/user/avatar','1709730656490.jpeg','14629',1,1,0),('1709730357380','游戏','123','http://localhost:8888/user/avatar/1709730357380','2024-03-06 13:05:57','2024-03-06 13:12:48','1702110485207.png','image/png','./upload/user/avatar','1709730641208.png','7063',1,1,0),('1709730362355','新闻','123','http://localhost:8888/user/avatar/1709730362355','2024-03-06 13:06:02','2024-03-06 13:12:43','1702110573099.jpeg','image/jpeg','./upload/user/avatar','1709730625781.jpeg','71249',1,1,0),('1709730367418','学习','123','http://localhost:8888/user/avatar/1709730367418','2024-03-06 13:06:07','2024-03-06 13:14:26','xuexi.jpeg','image/jpeg','./upload/user/avatar','1709730864913.jpeg','53267',1,1,0),('1709730372557','体育','123','http://localhost:8888/user/avatar/1709730372557','2024-03-06 13:06:12','2024-03-06 13:12:18','1701352922838.jpeg','image/jpeg','./upload/user/avatar','1709730611078.jpeg','13970',1,1,0),('1709730380639','电影和节目','123','http://localhost:8888/user/avatar/1709730380639','2024-03-06 13:06:20','2024-03-06 13:14:59','电影.jpeg','image/jpeg','./upload/user/avatar','1709730899044.jpeg','77229',1,1,0),('1709733343047','特朗普','123','http://localhost:8888/user/avatar/1709733343047','2024-03-06 13:55:43','2024-03-06 13:56:25','特朗普.jpeg','image/jpeg','./upload/user/avatar','1709733385002.jpeg','56698',1,0,0),('1709820642242','梅子','123','http://localhost:8888/user/avatar/1709820642242','2024-03-07 14:10:42','2024-03-07 14:11:29','jennie.jpeg','image/jpeg','./upload/user/avatar','1709820689205.jpeg','79802',1,0,0),('1709902530670','旎旎','123','http://localhost:8888/user/avatar/1709902530670','2024-03-08 12:55:30','2024-03-08 12:57:04','旎旎.jpeg','image/jpeg','./upload/user/avatar','1709902624411.jpeg','56214',1,0,0),('1709905648920','鞋底的石子儿','123','http://localhost:8888/user/avatar/1709905648920','2024-03-08 13:47:28','2024-03-08 13:49:07','诗之二.jpeg','image/jpeg','./upload/user/avatar','1709905747300.jpeg','73822',1,0,0),('1709962443377','郭嘉','123','http://localhost:8888/user/avatar/1709962443377','2024-03-09 05:34:03','2024-03-09 05:36:14','3.jpeg','image/jpeg','./upload/user/avatar','1709962574468.jpeg','61901',1,0,0),('1709963638248','叉叉','123','http://localhost:8888/user/avatar/1709963638248','2024-03-09 05:53:58','2024-03-09 05:55:37','4.jpeg','image/jpeg','./upload/user/avatar','1709963737614.jpeg','60618',1,0,0),('1709964349418','亲亲','123','http://localhost:8888/user/avatar/1709964349418','2024-03-09 06:05:49','2024-03-09 06:07:53','6.jpeg','image/jpeg','./upload/user/avatar','1709964473540.jpeg','61622',1,0,0),('1709968099989','橙子','123','http://localhost:8888/user/avatar/1709968099989','2024-03-09 07:08:19','2024-03-09 07:10:01','8.jpeg','image/jpeg','./upload/user/avatar','1709968201654.jpeg','87812',1,0,0),('1709968338867','ln','123','http://localhost:8888/user/avatar/1709968338867','2024-03-09 07:12:18','2024-03-09 07:14:43','9.jpg','image/jpeg','./upload/user/avatar','1709968483872.jpg','25564',1,0,0),('1709968523870','浪花','123','http://localhost:8888/user/avatar/1709968523870','2024-03-09 07:15:23','2024-03-09 07:16:18','10.jpeg','image/jpeg','./upload/user/avatar','1709968578834.jpeg','83398',1,0,0),('1710054197921','欢喜','123','http://localhost:8888/user/avatar/1710054197921','2024-03-10 07:03:17','2024-03-10 07:03:39','头像.jpeg','image/jpeg','./upload/user/avatar','1710054219804.jpeg','61435',1,0,0);
/*!40000 ALTER TABLE `user` ENABLE KEYS */;
UNLOCK TABLES;

--
-- Table structure for table `user_block`
--

DROP TABLE IF EXISTS `user_block`;
/*!40101 SET @saved_cs_client     = @@character_set_client */;
/*!50503 SET character_set_client = utf8mb4 */;
CREATE TABLE `user_block` (
  `userId` char(50) CHARACTER SET utf8mb4 COLLATE utf8mb4_0900_ai_ci NOT NULL,
  `blockId` char(50) CHARACTER SET utf8mb4 COLLATE utf8mb4_0900_ai_ci NOT NULL,
  PRIMARY KEY (`userId`,`blockId`) USING BTREE,
  KEY `blockId` (`blockId`) USING BTREE,
  CONSTRAINT `user_block_ibfk_1` FOREIGN KEY (`userId`) REFERENCES `user` (`userId`) ON DELETE CASCADE ON UPDATE CASCADE,
  CONSTRAINT `user_block_ibfk_2` FOREIGN KEY (`blockId`) REFERENCES `block` (`id`) ON DELETE CASCADE ON UPDATE CASCADE
) ENGINE=InnoDB DEFAULT CHARSET=utf8mb4 COLLATE=utf8mb4_0900_ai_ci ROW_FORMAT=DYNAMIC;
/*!40101 SET character_set_client = @saved_cs_client */;

--
-- Dumping data for table `user_block`
--

LOCK TABLES `user_block` WRITE;
/*!40000 ALTER TABLE `user_block` DISABLE KEYS */;
INSERT INTO `user_block` VALUES ('1709728495272','1667028360697'),('1709820642242','1667028360697'),('1709963638248','1667028360697'),('1709964349418','1667028360697'),('1709968338867','1667028360697'),('1709968523870','1667028360697'),('1710054197921','1667028360697'),('1709728495272','1667028411493'),('1709820642242','1667028411493'),('1709963638248','1667028411493'),('1709964349418','1667028411493'),('1709968338867','1667028411493'),('1709968523870','1667028411493'),('1710054197921','1667028411493'),('1709728495272','1667028662350'),('1709820642242','1667028662350'),('1709963638248','1667028662350'),('1709964349418','1667028662350'),('1709968338867','1667028662350'),('1709968523870','1667028662350'),('1710054197921','1667028662350'),('1709726632137','1667028677380'),('1709728495272','1667028677380'),('1709963638248','1667028677380'),('1709964349418','1667028677380'),('1709968523870','1667028677380'),('1710054197921','1667028677380'),('1709726632137','1667028710453'),('1709728495272','1667028710453'),('1709820642242','1667028710453'),('1709963638248','1667028710453'),('1709964349418','1667028710453'),('1709968523870','1667028710453'),('1710054197921','1667028710453');
/*!40000 ALTER TABLE `user_block` ENABLE KEYS */;
UNLOCK TABLES;

--
-- Table structure for table `user_chat_queue`
--

DROP TABLE IF EXISTS `user_chat_queue`;
/*!40101 SET @saved_cs_client     = @@character_set_client */;
/*!50503 SET character_set_client = utf8mb4 */;
CREATE TABLE `user_chat_queue` (
  `id` char(50) CHARACTER SET utf8mb4 COLLATE utf8mb4_0900_ai_ci NOT NULL,
  `content` text CHARACTER SET utf8mb4 COLLATE utf8mb4_0900_ai_ci,
  `sourceUser` char(50) CHARACTER SET utf8mb4 COLLATE utf8mb4_0900_ai_ci DEFAULT NULL,
  `targetUser` char(50) CHARACTER SET utf8mb4 COLLATE utf8mb4_0900_ai_ci DEFAULT NULL,
  `createTime` timestamp NULL DEFAULT CURRENT_TIMESTAMP,
  `updateTime` timestamp NULL DEFAULT CURRENT_TIMESTAMP ON UPDATE CURRENT_TIMESTAMP,
  PRIMARY KEY (`id`) USING BTREE
) ENGINE=InnoDB DEFAULT CHARSET=utf8mb4 COLLATE=utf8mb4_0900_ai_ci ROW_FORMAT=DYNAMIC;
/*!40101 SET character_set_client = @saved_cs_client */;

--
-- Dumping data for table `user_chat_queue`
--

LOCK TABLES `user_chat_queue` WRITE;
/*!40000 ALTER TABLE `user_chat_queue` DISABLE KEYS */;
INSERT INTO `user_chat_queue` VALUES ('1710050219666','','1709726632137','1709820642242','2024-03-10 05:56:59','2024-03-10 05:56:59'),('1710052396364','','1709728495272','1709726632137','2024-03-10 06:33:16','2024-03-10 06:33:16'),('1710052405623','今天适合学习','1709726632137','1709728495272','2024-03-10 06:33:25','2024-03-10 06:33:25'),('1710053795942','应该学前端哈哈哈','1709968099989','1709726632137','2024-03-10 06:56:35','2024-03-10 06:57:33'),('1710053802679','最近在学java','1709726632137','1709968099989','2024-03-10 06:56:42','2024-03-10 06:57:23');
/*!40000 ALTER TABLE `user_chat_queue` ENABLE KEYS */;
UNLOCK TABLES;

--
-- Table structure for table `video`
--

DROP TABLE IF EXISTS `video`;
/*!40101 SET @saved_cs_client     = @@character_set_client */;
/*!50503 SET character_set_client = utf8mb4 */;
CREATE TABLE `video` (
  `id` char(50) CHARACTER SET utf8mb4 COLLATE utf8mb4_0900_ai_ci NOT NULL,
  `name` varchar(500) CHARACTER SET utf8mb4 COLLATE utf8mb4_0900_ai_ci DEFAULT NULL,
  `userId` varchar(50) CHARACTER SET utf8mb4 COLLATE utf8mb4_0900_ai_ci DEFAULT NULL,
  `playCount` varchar(50) CHARACTER SET utf8mb4 COLLATE utf8mb4_0900_ai_ci DEFAULT '0',
  `dt` varchar(50) CHARACTER SET utf8mb4 COLLATE utf8mb4_0900_ai_ci DEFAULT NULL,
  `description` text CHARACTER SET utf8mb4 COLLATE utf8mb4_0900_ai_ci,
  `cateId` char(50) CHARACTER SET utf8mb4 COLLATE utf8mb4_0900_ai_ci DEFAULT NULL,
  `createTime` timestamp NULL DEFAULT CURRENT_TIMESTAMP,
  `updateTime` timestamp NULL DEFAULT CURRENT_TIMESTAMP ON UPDATE CURRENT_TIMESTAMP,
  `isShort` int NOT NULL COMMENT '是否为短视频',
  PRIMARY KEY (`id`) USING BTREE,
  KEY `cateId` (`cateId`) USING BTREE,
  KEY `video_ibfk_4` (`userId`) USING BTREE,
  CONSTRAINT `video_ibfk_3` FOREIGN KEY (`cateId`) REFERENCES `category` (`id`) ON DELETE CASCADE ON UPDATE CASCADE
) ENGINE=InnoDB DEFAULT CHARSET=utf8mb4 COLLATE=utf8mb4_0900_ai_ci ROW_FORMAT=DYNAMIC;
/*!40101 SET character_set_client = @saved_cs_client */;

--
-- Dumping data for table `video`
--

LOCK TABLES `video` WRITE;
/*!40000 ALTER TABLE `video` DISABLE KEYS */;
INSERT INTO `video` VALUES ('1709727158279','(G)I-DLE】“Fate” 现场乐队表演版 [it\'s Live] (4K中字)','1709726632137','33','221007.506','说起来其实我觉得娃更适合这种“演唱会”“live”的形式诶，我一直觉得娃是很有生命力的团，这种形式更能把她们的生命力彰显出来。面在这个视频里的生命力真的很让人眼前一亮，她真的不是木头美人','1709726739056','2024-03-06 12:12:38','2024-03-10 07:38:17',0),('1709727225326','(G)I-DLE - I DO (官方MV)','1709726632137','16','190250','(G)I-DLE - I DO (官方MV)','1709726744101','2024-03-06 12:13:45','2024-03-16 08:46:57',0),('1709727360760','迪迦奥特曼主题曲《TAKE ME HIGHER》——V6','1709726632137','19','286186.333','迪迦奥特曼主题曲《TAKE ME HIGHER》——V6','1709726816214','2024-03-06 12:16:00','2024-03-10 06:28:55',0),('1709727694829','BLACKPINK《Lovesick Girls》超辣私服练习室！','1709726632137','22','197973.197','BLACKPINK《Lovesick Girls》超辣私服练习室！','1709726744101','2024-03-06 12:21:34','2024-03-12 12:41:39',0),('1709728097869','超清60帧 BLACKPINK - As If It\'s Your Last 人气歌谣 170716','1709726632137','22','216853.833','超清60帧 BLACKPINK - As If It\'s Your Last 人气歌谣 170716','1709726739056','2024-03-06 12:28:17','2024-03-09 08:25:06',0),('1709728442684','C罗这一记帽子戏法至今难忘丨18年世界杯葡萄牙VS西班牙丨名场面','1709726632137','24','91903.92300000001','C罗这一记帽子戏法至今难忘丨18年世界杯葡萄牙VS西班牙丨名场面','1709726950345','2024-03-06 12:34:02','2024-03-16 08:46:35',0),('1709728788586','《北 极 不 相 信 眼 泪》','1709728495272','13','580081.3829999999','《北 极 不 相 信 眼 泪》','1709726781533','2024-03-06 12:39:48','2024-03-07 14:18:40',0),('1709728917857','南方姑娘-赵雷 官方版MV','1709728495272','27','335759.909','南方姑娘-赵雷 官方版MV','1709726739056','2024-03-06 12:41:57','2024-03-10 05:40:43',0),('1709729476568','足坛伪球迷指南之“六大球星错觉”：盘点破除那些球星错觉！','1709728495272','19','255651.746','足坛伪球迷指南之“六大球星错觉”：盘点破除那些球星错觉！','1709726950345','2024-03-06 12:51:16','2024-03-09 08:36:08',0),('1709729514660','童年那么长，原来也就一首歌的时间啊！','1709728495272','30','243156.667','童年那么长，原来也就一首歌的时间啊！','1709726762835','2024-03-06 12:51:54','2024-03-10 05:04:04',0),('1709729818524','童年你慢些走。我快跟上你了','1709729533921','18','65016.009','童年你慢些走。我快跟上你了','1709726762835','2024-03-06 12:56:58','2024-03-09 08:17:36',0),('1709730058428','《向云端》完整版','1709729533921','23','247479','本来是听无rap版的，还纳闷为啥会出现猫叫声，总体是一种很悠闲很舒畅的。而加了rap后更是说是一种对生活的美好向往，让自己别再抑郁。直到第二部分的向云端开头瞬间就起鸡皮疙瘩了，所以说无论是有rap还是无rap，带给的都是美好的心灵感受，不必当个点评家说rap不好或者难听吧，听着心里感觉舒畅和感动就完事了','1709726739056','2024-03-06 13:00:58','2024-03-14 12:16:43',0),('1709730689098','那些你熟悉却又不知道名字','1709729533921','11','911314.875','那些你熟悉却又不知道名字','1709726781533','2024-03-06 13:11:29','2024-03-08 14:06:59',0),('1709731471688','挪威舞团The Quick Style宝莱坞风格婚礼舞蹈现场','1709729533921','18','108367.302','挪威舞团The Quick Style宝莱坞风格婚礼舞蹈现场','1709726739056','2024-03-06 13:24:31','2024-03-10 08:18:58',0),('1709731599134','粤语说唱经典 陈冠希 x 应采儿 MC仁 厨房仔《Everywhere We Go》','1709729533921','41','265961.224','粤语说唱经典 陈冠希 x 应采儿 MC仁 厨房仔《Everywhere We Go》','1709726752168','2024-03-06 13:26:39','2024-03-11 12:43:49',0),('1709732368308','赌神出场bgm：《赌神》- 卢冠廷','1709728495272','3','86805','赌神出场bgm：《赌神》- 卢冠廷','1709726777884','2024-03-06 13:39:28','2024-03-07 14:07:37',0),('1709732612806','【防弹少年团】《Butter》官方MV公开！','1709728495272','8','182880.24899999998','【防弹少年团】《Butter》官方MV公开！','1709726744101','2024-03-06 13:43:32','2024-03-09 07:25:36',0),('1709733037458','洪家铁线拳，五郎八卦棍，十二路谭腿三人团灭斧头帮','1709728495272','22','228182.26799999998','洪家铁线拳，五郎八卦棍，十二路谭腿三人团灭斧头帮','1709726752168','2024-03-06 13:50:37','2024-03-09 08:25:19',0),('1709734139055','十年漫威，一生钢铁侠！《Monsters》致敬钢铁侠','1709733343047','12','266507.5','十年漫威，一生钢铁侠！《Monsters》致敬钢铁侠','1709726816214','2024-03-06 14:08:59','2024-03-09 07:05:12',0),('1709901189845','前方高能！回忆一代人的童年 感受金属与金属碰撞！变形金刚超燃混','1709820642242','15','276061.383','前方高能！回忆一代人的童年 感受金属与金属碰撞！变形金刚超燃混','1709726752168','2024-03-08 12:33:09','2024-03-15 14:44:23',0),('1709901227938','加勒比海盗/燃向/踩点/混剪','1709820642242','10','205078.005','加勒比海盗/燃向/踩点/混剪','1709726816214','2024-03-08 12:33:47','2024-03-09 07:24:11',0),('1709901343387','从美国总统表情反应分析外星人是否存在','1709820642242','8','284676.009','从美国总统表情反应分析外星人是否存在','1709726798997','2024-03-08 12:35:43','2024-03-10 05:57:15',0),('1709901525538','黑衣人1的结尾真的太惊艳了，浩瀚的银河系只是外星人手里的一颗玻璃弹珠\n','1709820642242','5','42236.44','黑衣人1的结尾真的太惊艳了，浩瀚的银河系只是外星人手里的一颗玻璃弹珠\n','1709726798997','2024-03-08 12:38:45','2024-03-16 08:47:50',0),('1709901682371','漫威里那些令人激动不已的救场，每一幕都很经典！','1709820642242','8','161814','漫威里那些令人激动不已的救场，每一幕都很经典！','1709726816214','2024-03-08 12:41:22','2024-03-10 06:16:18',0),('1709901732306','3分钟，让你能识别路上所有的车！！','1709820642242','2','272383.5','3分钟，让你能识别路上所有的车！！','1709726798997','2024-03-08 12:42:12','2024-03-09 07:07:21',0),('1709902167810','经典动漫音乐七龙珠主题曲《摩诃不思议大冒险》完整版，多少人的童年回忆啊','1709820642242','14','228924.875','经典动漫音乐七龙珠主题曲《摩诃不思议大冒险》完整版，多少人的童年回忆啊','1709726816214','2024-03-08 12:49:27','2024-03-15 14:46:13',0),('1709902212933','名侦探柯南主题曲《转动命运之轮》— 坂井泉水！','1709820642242','8','296575.5','名侦探柯南主题曲《转动命运之轮》— 坂井泉水！','1709726816214','2024-03-08 12:50:12','2024-03-09 08:21:04',0),('1709902491136','我们好像在哪见过 -杨宗纬、叶蓓','1709820642242','15','199125','我们好像在哪见过 -杨宗纬、叶蓓','1709726739056','2024-03-08 12:54:51','2024-03-16 08:47:03',0),('1709902846546','第一个凭自己的智慧变成奥特曼的男人！','1709902530670','15','204753.492','第一个凭自己的智慧变成奥特曼的男人！','1709726816214','2024-03-08 13:00:46','2024-03-12 12:46:20',0),('1709903103144','擎天柱超帅名场面之一','1709902530670','14','302911.667','擎天柱超帅名场面之一','1709726816214','2024-03-08 13:05:03','2024-03-12 12:46:33',0),('1709903474181','2018年的夏天到底有什么魔力？让我们怀念至今！','1709902530670','19','363624.535','2018年的夏天到底有什么魔力？让我们怀念至今！','1709726748303','2024-03-08 13:11:14','2024-03-11 12:44:48',0),('1709903824403','东方红艳 赵真-火火的姑娘','1709902530670','11','256895.66700000002','东方红艳 赵真-火火的姑娘','1709726748303','2024-03-08 13:17:04','2024-03-11 12:44:24',0),('1709903878483','林丹十大神奇击球——变态的身体素质','1709902530670','5','366642.426','林丹十大神奇击球——变态的身体素质','1709726950345','2024-03-08 13:17:58','2024-03-09 06:59:30',0),('1709904147909','《恶搞之家》逆天动物合集！','1709902530670','11','135348.912','《恶搞之家》逆天动物合集！','1709726816214','2024-03-08 13:22:27','2024-03-09 08:20:27',0),('1709904597222','温奕心《一路生花》我希望许过的愿望一路生花！','1709728495272','14','256810.167','温奕心《一路生花》我希望许过的愿望一路生花！','1709726773338','2024-03-08 13:29:57','2024-03-10 06:30:41',0),('1709904846470','【EXO】回顾《Call Me Baby》最出圈最经典舞台！一首可以在15年厮杀中得到18个一位的爆','1709902530670','14','216595.50999999998','【EXO】回顾《Call Me Baby》最出圈最经典舞台！一首可以在15年厮杀中得到18个一位的爆','1709726773338','2024-03-08 13:34:06','2024-03-16 08:45:29',0),('1709905956013','李奕遐 - 那時正好 (女生版) Na Shi Zheng Hao『春日的五月 你穿著白連衣裙','1709905648920','70','249567.846','李奕遐 - 那時正好 (女生版) Na Shi Zheng Hao『春日的五月 你穿著白連衣裙','1709726732940','2024-03-08 13:52:36','2024-03-16 08:47:40',0),('1709906040181','大籽《白月光与朱砂痣》完整版MV','1709905648920','7','207444.83299999998','大籽《白月光与朱砂痣》完整版MV','1709726752168','2024-03-08 13:54:00','2024-03-11 12:42:54',0),('1709906184558','2023年最新的8款免费加速器，速冲！','1709905648920','3','230434.172','2023年最新的8款免费加速器，速冲！','1709726798997','2024-03-08 13:56:24','2024-03-09 07:07:25',0),('1709906560937','GEM邓紫棋-《我的秘密》｜我在犹豫要不要告诉你，喜欢你是我的秘密','1709820642242','17','253027.188','GEM邓紫棋-《我的秘密》｜我在犹豫要不要告诉你，喜欢你是我的秘密','1709726748303','2024-03-08 14:02:40','2024-03-14 12:18:13',0),('1709962703249','Time After Time ～花舞う街で～ 倉木麻衣 - 迷宫的十字路口剧场版1080P怀旧剪辑重制版','1709962443377','10','251178.333','Time After Time ～花舞う街で～ 倉木麻衣 - 迷宫的十字路口剧场版1080P怀旧剪辑重制版','1709726762835','2024-03-09 05:38:23','2024-03-14 11:24:55',0),('1709963106823','【盛哲】《在你的身边》 官方字幕MV完整版【我以为忘了想念】','1709962443377','7','277141','【盛哲】《在你的身边》 官方字幕MV完整版【我以为忘了想念】','1709726748303','2024-03-09 05:45:06','2024-03-11 12:44:17',0),('1709963889528','《遗失的心跳》-萧亚轩/第一次听就上头，鬼知道我听了多少遍','1709963638248','13','212647.846','《遗失的心跳》-萧亚轩/第一次听就上头，鬼知道我听了多少遍','1709726752168','2024-03-09 05:58:09','2024-03-11 12:45:49',0),('1709964424184','【赵传】我终于失去了你（MV 1080P 60FPS）','1709964349418','31','280639.66699999996','【赵传】我终于失去了你（MV 1080P 60FPS）','1709726752168','2024-03-09 06:07:04','2024-03-16 08:48:47',0),('1709964765739','《年少的你啊》---浩然H.R','1709964349418','11','180186.304','《年少的你啊》---浩然H.R','1709726762835','2024-03-09 06:12:45','2024-03-13 11:40:55',0),('1709966796036','于文文《体面》超感人神曲！祝大家七夕快乐！','1709964349418','12','274730.333','于文文《体面》超感人神曲！祝大家七夕快乐！','1709726739056','2024-03-09 06:46:36','2024-03-13 11:40:50',0),('1709966991829','HDR《冰雪奇缘》主题曲《Let it go》Idina Menzel版 2160P！','1709964349418','10','217258','HDR《冰雪奇缘》主题曲《Let it go》Idina Menzel版 2160P！','1709726816214','2024-03-09 06:49:51','2024-03-09 08:20:01',0),('1709968946947','绝美偶像剧！【4K】王蓝茵《恶作剧》“我想我已慢慢喜欢你 因为我拥有爱情的勇气 我任性','1709968099989','26','228287.667','绝美偶像剧！【4K】王蓝茵《恶作剧》“我想我已慢慢喜欢你 因为我拥有爱情的勇气 我任性','1709726752168','2024-03-09 07:22:26','2024-03-16 08:44:33',0),('1709968992295','孙燕姿《遇见》爆火神曲！祝大家节日快乐！','1709968099989','7','208917','孙燕姿《遇见》爆火神曲！祝大家节日快乐！','1709726739056','2024-03-09 07:23:12','2024-03-14 12:16:38',0),('1709970879644','00后有属于自己的老歌了？有些熟悉的旋律竟已是好几年前的歌！','1709968338867','19','242090.33299999998','00后有属于自己的老歌了？有些熟悉的旋律竟已是好几年前的歌！','1709726762835','2024-03-09 07:54:39','2024-03-14 11:39:02',0),('1710049033545','IU 新歌 “Celebrity” 首个Live现场','1709968523870','8','232594.05899999998','IU 新歌 “Celebrity” 首个Live现场','1709726744101','2024-03-10 05:37:13','2024-03-16 08:46:53',0),('1710054012961','龙珠经典','1709726637539','11','272533','龙珠经典','1709726752168','2024-03-10 07:00:12','2024-03-12 13:08:49',0),('1710054284377','太好听了','1710054197921','5','23776.372','太好听了','1709726744101','2024-03-10 07:04:44','2024-03-13 11:40:24',0),('1710578948826','1212','1709726632137','10','638120','21212','1709726784965','2024-03-16 08:49:08','2024-03-16 08:49:45',0);
/*!40000 ALTER TABLE `video` ENABLE KEYS */;
UNLOCK TABLES;

--
-- Table structure for table `video_carousel`
--

DROP TABLE IF EXISTS `video_carousel`;
/*!40101 SET @saved_cs_client     = @@character_set_client */;
/*!50503 SET character_set_client = utf8mb4 */;
CREATE TABLE `video_carousel` (
  `id` char(50) NOT NULL,
  `title` varchar(500) DEFAULT NULL,
  `description` varchar(500) DEFAULT NULL,
  `fileId` char(50) DEFAULT NULL,
  `videoId` char(50) DEFAULT NULL,
  `createTime` timestamp NULL DEFAULT CURRENT_TIMESTAMP,
  `updateTime` timestamp NULL DEFAULT CURRENT_TIMESTAMP ON UPDATE CURRENT_TIMESTAMP,
  PRIMARY KEY (`id`),
  KEY `videoId` (`videoId`),
  CONSTRAINT `video_carousel_ibfk_1` FOREIGN KEY (`videoId`) REFERENCES `video` (`id`) ON DELETE CASCADE ON UPDATE CASCADE
) ENGINE=InnoDB DEFAULT CHARSET=utf8mb4 COLLATE=utf8mb4_0900_ai_ci;
/*!40101 SET character_set_client = @saved_cs_client */;

--
-- Dumping data for table `video_carousel`
--

LOCK TABLES `video_carousel` WRITE;
/*!40000 ALTER TABLE `video_carousel` DISABLE KEYS */;
INSERT INTO `video_carousel` VALUES ('1709906624535','邓紫棋新歌','邓紫棋又发布新歌曲了，快来一起沉浸','1709906619735','1709906560937','2024-03-08 14:03:44','2024-03-08 14:03:44'),('1709966836598','于文文','新歌来袭','1709966823244','1709966796036','2024-03-09 06:47:16','2024-03-09 06:47:16'),('1709967047912','星愿','迪士尼百年巨献','1709967041866','1709966991829','2024-03-09 06:50:47','2024-03-09 06:50:47');
/*!40000 ALTER TABLE `video_carousel` ENABLE KEYS */;
UNLOCK TABLES;

--
-- Table structure for table `video_file`
--

DROP TABLE IF EXISTS `video_file`;
/*!40101 SET @saved_cs_client     = @@character_set_client */;
/*!50503 SET character_set_client = utf8mb4 */;
CREATE TABLE `video_file` (
  `videoId` char(50) CHARACTER SET utf8mb4 COLLATE utf8mb4_0900_ai_ci DEFAULT NULL,
  `fileId` char(50) CHARACTER SET utf8mb4 COLLATE utf8mb4_0900_ai_ci DEFAULT NULL,
  `mark` varchar(100) CHARACTER SET utf8mb4 COLLATE utf8mb4_0900_ai_ci DEFAULT NULL
) ENGINE=InnoDB DEFAULT CHARSET=utf8mb4 COLLATE=utf8mb4_0900_ai_ci ROW_FORMAT=DYNAMIC;
/*!40101 SET character_set_client = @saved_cs_client */;

--
-- Dumping data for table `video_file`
--

LOCK TABLES `video_file` WRITE;
/*!40000 ALTER TABLE `video_file` DISABLE KEYS */;
INSERT INTO `video_file` VALUES ('1709727158279','1709727084908','cover'),('1709727158279','1709727063159','source'),('1709727225326','1709727209958','cover'),('1709727225326','1709727194304','source'),('1709727360760','1709727346388','cover'),('1709727360760','1709727327479','source'),('1709727694829','1709727454540','cover'),('1709727694829','1709727442557','source'),('1709728097869','1709727722769','cover'),('1709728097869','1709727713740','source'),('1709728442684','1709728395846','cover'),('1709728442684','1709728385211','source'),('1709728788586','1709728740338','cover'),('1709728788586','1709728728868','source'),('1709728917857','1709728895778','cover'),('1709728917857','1709728886852','source'),('1709729476568','1709729313193','cover'),('1709729476568','1709729304313','source'),('1709729514660','1709729498103','cover'),('1709729514660','1709729488867','source'),('1709729818524','1709729803976','cover'),('1709729818524','1709729792879','source'),('1709730058428','1709729966368','cover'),('1709730058428','1709729945136','source'),('1709730689098','1709730148028','cover'),('1709730689098','1709730138470','source'),('1709731471688','1709731378770','cover'),('1709731471688','1709731369255','source'),('1709731599134','1709731575235','cover'),('1709731599134','1709731563902','source'),('1709732368308','1709732226978','cover'),('1709732368308','1709732217183','source'),('1709732612806','1709732396149','cover'),('1709732612806','1709732382800','source'),('1709733037458','1709732636462','cover'),('1709733037458','1709732624411','source'),('1709734139055','1709733849490','cover'),('1709734139055','1709733836831','source'),('1709901189845','1709901110666','cover'),('1709901189845','1709901097364','source'),('1709901227938','1709901213610','cover'),('1709901227938','1709901203026','source'),('1709901343387','1709901327862','cover'),('1709901343387','1709901313906','source'),('1709901525538','1709901470611','cover'),('1709901525538','1709901451200','source'),('1709901682371','1709901621039','cover'),('1709901682371','1709901597726','source'),('1709901732306','1709901717925','cover'),('1709901732306','1709901694229','source'),('1709902167810','1709901874613','cover'),('1709902167810','1709901864049','source'),('1709902212933','1709902199399','cover'),('1709902212933','1709902186689','source'),('1709902491136','1709902329503','cover'),('1709902491136','1709902316251','source'),('1709902846546','1709902720187','cover'),('1709902846546','1709902711051','source'),('1709903103144','1709902877013','cover'),('1709903103144','1709902860731','source'),('1709903474181','1709903409319','cover'),('1709903474181','1709903400705','source'),('1709903824403','1709903582676','cover'),('1709903824403','1709903571441','source'),('1709903878483','1709903859422','cover'),('1709903878483','1709903845360','source'),('1709904147909','1709904130007','cover'),('1709904147909','1709904116411','source'),('1709904597222','1709904349290','cover'),('1709904597222','1709904390416','source'),('1709904846470','1709904672334','cover'),('1709904846470','1709904658586','source'),('1709905956013','1709905941572','cover'),('1709905956013','1709905926999','source'),('1709906040181','1709906026386','cover'),('1709906040181','1709906016645','source'),('1709906184558','1709906136471','cover'),('1709906184558','1709906123304','source'),('1709906560937','1709906509235','cover'),('1709906560937','1709906493458','source'),('1709962703249','1709962669128','cover'),('1709962703249','1709962651189','source'),('1709963106823','1709962803884','cover'),('1709963106823','1709962790409','source'),('1709963889528','1709963855253','cover'),('1709963889528','1709963873700','source'),('1709964424184','1709964385850','cover'),('1709964424184','1709964393314','source'),('1709964765739','1709964733533','cover'),('1709964765739','1709964744875','source'),('1709966796036','1709966685249','cover'),('1709966796036','1709966671691','source'),('1709966991829','1709966978526','cover'),('1709966991829','1709966959733','source'),('1709968946947','1709968792774','cover'),('1709968946947','1709968780915','source'),('1709968992295','1709968981131','cover'),('1709968992295','1709968965087','source'),('1709970879644','1709970701192','cover'),('1709970879644','1709970691100','source'),('1710049033545','1710049013107','cover'),('1710049033545','1710049004062','source'),('1710054012961','1710053952071','cover'),('1710054012961','1710053959001','source'),('1710054284377','1710054274069','cover'),('1710054284377','1710054258160','source'),('1710578948826','1710578769680','cover'),('1710578948826','1710578757751','source');
/*!40000 ALTER TABLE `video_file` ENABLE KEYS */;
UNLOCK TABLES;

--
-- Table structure for table `video_record`
--

DROP TABLE IF EXISTS `video_record`;
/*!40101 SET @saved_cs_client     = @@character_set_client */;
/*!50503 SET character_set_client = utf8mb4 */;
CREATE TABLE `video_record` (
  `vId` char(50) DEFAULT NULL,
  `userId` char(50) DEFAULT NULL,
  `createTime` date DEFAULT NULL,
  `updateTime` timestamp NULL DEFAULT CURRENT_TIMESTAMP ON UPDATE CURRENT_TIMESTAMP,
  `count` varchar(500) DEFAULT NULL,
  KEY `vId` (`vId`),
  KEY `userId` (`userId`),
  CONSTRAINT `video_record_ibfk_1` FOREIGN KEY (`vId`) REFERENCES `video` (`id`) ON DELETE CASCADE ON UPDATE CASCADE,
  CONSTRAINT `video_record_ibfk_2` FOREIGN KEY (`userId`) REFERENCES `user` (`userId`) ON DELETE CASCADE ON UPDATE CASCADE
) ENGINE=InnoDB DEFAULT CHARSET=utf8mb4 COLLATE=utf8mb4_0900_ai_ci;
/*!40101 SET character_set_client = @saved_cs_client */;

--
-- Dumping data for table `video_record`
--

LOCK TABLES `video_record` WRITE;
/*!40000 ALTER TABLE `video_record` DISABLE KEYS */;
INSERT INTO `video_record` VALUES ('1709728788586','1709728495272','2024-03-06','2024-03-06 12:46:01','1'),('1709727694829','1709728495272','2024-03-06','2024-03-06 13:31:22','2'),('1709727225326','1709728495272','2024-03-06','2024-03-06 13:53:23','2'),('1709727158279','1709728495272','2024-03-06','2024-03-06 13:51:24','3'),('1709729476568','1709729533921','2024-03-06','2024-03-06 13:27:47','2'),('1709729818524','1709729533921','2024-03-06','2024-03-06 13:28:27','2'),('1709728442684','1709729533921','2024-03-06','2024-03-06 13:27:59','2'),('1709730689098','1709729533921','2024-03-06','2024-03-06 13:13:09','1'),('1709728788586','1709729533921','2024-03-06','2024-03-06 13:27:40','2'),('1709727158279','1709729533921','2024-03-06','2024-03-06 13:26:48','2'),('1709731471688','1709729533921','2024-03-06','2024-03-06 13:27:14','1'),('1709728097869','1709729533921','2024-03-06','2024-03-06 13:27:18','1'),('1709728917857','1709729533921','2024-03-06','2024-03-06 13:27:27','1'),('1709727360760','1709729533921','2024-03-06','2024-03-06 13:28:12','1'),('1709729514660','1709729533921','2024-03-06','2024-03-06 13:28:20','1'),('1709727225326','1709729533921','2024-03-06','2024-03-06 13:28:39','1'),('1709731599134','1709726632137','2024-03-06','2024-03-06 13:28:57','1'),('1709731471688','1709726632137','2024-03-06','2024-03-06 13:29:04','1'),('1709730689098','1709726632137','2024-03-06','2024-03-06 13:29:10','1'),('1709730058428','1709726632137','2024-03-06','2024-03-06 13:29:16','1'),('1709729818524','1709726632137','2024-03-06','2024-03-06 14:20:12','2'),('1709729514660','1709726632137','2024-03-06','2024-03-06 14:25:38','3'),('1709729476568','1709726632137','2024-03-06','2024-03-06 14:20:54','4'),('1709728917857','1709726632137','2024-03-06','2024-03-06 14:20:29','2'),('1709728442684','1709726632137','2024-03-06','2024-03-06 14:18:42','2'),('1709728788586','1709726632137','2024-03-06','2024-03-06 13:29:57','1'),('1709731599134','1709728495272','2024-03-06','2024-03-06 13:51:01','2'),('1709731471688','1709728495272','2024-03-06','2024-03-06 13:30:33','1'),('1709730689098','1709728495272','2024-03-06','2024-03-06 13:30:40','1'),('1709730058428','1709728495272','2024-03-06','2024-03-06 13:55:00','2'),('1709729818524','1709728495272','2024-03-06','2024-03-06 13:33:12','2'),('1709729514660','1709728495272','2024-03-06','2024-03-06 13:33:05','2'),('1709729476568','1709728495272','2024-03-06','2024-03-06 13:31:03','1'),('1709728442684','1709728495272','2024-03-06','2024-03-06 13:31:09','1'),('1709728097869','1709728495272','2024-03-06','2024-03-06 13:31:15','1'),('1709727360760','1709728495272','2024-03-06','2024-03-06 13:31:28','1'),('1709733037458','1709728495272','2024-03-06','2024-03-06 13:52:43','2'),('1709728917857','1709728495272','2024-03-06','2024-03-06 13:55:28','2'),('1709732612806','1709728495272','2024-03-06','2024-03-06 13:53:15','1'),('1709733037458','1709733343047','2024-03-06','2024-03-06 13:56:31','1'),('1709732612806','1709733343047','2024-03-06','2024-03-06 13:56:38','1'),('1709727694829','1709733343047','2024-03-06','2024-03-06 14:00:09','2'),('1709727225326','1709733343047','2024-03-06','2024-03-06 13:59:33','2'),('1709732368308','1709733343047','2024-03-06','2024-03-06 13:57:15','1'),('1709731599134','1709733343047','2024-03-06','2024-03-06 13:57:27','1'),('1709727158279','1709733343047','2024-03-06','2024-03-06 13:57:42','1'),('1709731471688','1709733343047','2024-03-06','2024-03-06 13:57:51','1'),('1709730058428','1709733343047','2024-03-06','2024-03-06 13:58:10','1'),('1709728097869','1709733343047','2024-03-06','2024-03-06 13:58:29','1'),('1709728442684','1709733343047','2024-03-06','2024-03-06 13:58:42','1'),('1709729476568','1709733343047','2024-03-06','2024-03-06 13:58:55','1'),('1709729514660','1709733343047','2024-03-06','2024-03-06 13:59:09','1'),('1709729818524','1709733343047','2024-03-06','2024-03-06 13:59:19','1'),('1709728788586','1709733343047','2024-03-06','2024-03-06 13:59:44','1'),('1709730689098','1709733343047','2024-03-06','2024-03-06 13:59:55','1'),('1709727360760','1709733343047','2024-03-06','2024-03-06 14:00:22','1'),('1709734139055','1709733343047','2024-03-06','2024-03-06 14:09:01','1'),('1709727158279','1709726632137','2024-03-06','2024-03-06 14:19:17','1'),('1709728097869','1709726632137','2024-03-06','2024-03-06 14:19:31','1'),('1709728097869','1709726632137','2024-03-07','2024-03-07 14:07:25','3'),('1709728917857','1709726632137','2024-03-07','2024-03-07 14:00:31','1'),('1709731471688','1709726632137','2024-03-07','2024-03-07 14:03:00','1'),('1709732612806','1709726632137','2024-03-07','2024-03-07 14:05:21','1'),('1709727694829','1709726632137','2024-03-07','2024-03-07 14:05:48','1'),('1709727225326','1709726632137','2024-03-07','2024-03-07 14:06:34','1'),('1709728442684','1709726632137','2024-03-07','2024-03-07 14:08:01','2'),('1709730058428','1709726632137','2024-03-07','2024-03-07 14:07:27','1'),('1709732368308','1709726632137','2024-03-07','2024-03-07 14:07:36','1'),('1709729818524','1709726632137','2024-03-07','2024-03-07 14:07:44','1'),('1709729514660','1709726632137','2024-03-07','2024-03-07 14:07:50','2'),('1709730689098','1709726632137','2024-03-07','2024-03-07 14:08:14','2'),('1709728788586','1709726632137','2024-03-07','2024-03-07 14:08:16','3'),('1709729476568','1709726632137','2024-03-07','2024-03-07 14:07:59','1'),('1709727158279','1709726632137','2024-03-07','2024-03-07 14:08:21','1'),('1709734139055','1709820642242','2024-03-07','2024-03-07 14:17:29','5'),('1709733037458','1709820642242','2024-03-07','2024-03-07 14:17:33','5'),('1709732612806','1709820642242','2024-03-07','2024-03-07 14:18:30','2'),('1709727225326','1709820642242','2024-03-07','2024-03-07 14:18:19','2'),('1709727360760','1709820642242','2024-03-07','2024-03-07 14:17:19','2'),('1709731599134','1709820642242','2024-03-07','2024-03-07 14:17:35','4'),('1709731471688','1709820642242','2024-03-07','2024-03-07 14:16:59','2'),('1709727158279','1709820642242','2024-03-07','2024-03-07 14:16:58','3'),('1709728097869','1709820642242','2024-03-07','2024-03-07 14:20:36','3'),('1709728917857','1709820642242','2024-03-07','2024-03-07 14:16:57','1'),('1709729514660','1709820642242','2024-03-07','2024-03-07 14:17:14','2'),('1709729818524','1709820642242','2024-03-07','2024-03-07 14:20:55','3'),('1709728442684','1709820642242','2024-03-07','2024-03-07 14:17:57','1'),('1709729476568','1709820642242','2024-03-07','2024-03-07 14:18:10','1'),('1709730689098','1709820642242','2024-03-07','2024-03-07 14:18:34','1'),('1709728788586','1709820642242','2024-03-07','2024-03-07 14:18:40','1'),('1709730058428','1709820642242','2024-03-07','2024-03-07 14:18:54','1'),('1709727694829','1709820642242','2024-03-07','2024-03-07 14:19:24','1'),('1709733037458','1709726632137','2024-03-07','2024-03-07 14:21:41','1'),('1709731599134','1709820642242','2024-03-08','2024-03-08 14:05:58','2'),('1709901343387','1709820642242','2024-03-08','2024-03-08 13:58:51','2'),('1709902167810','1709902530670','2024-03-08','2024-03-08 13:39:37','3'),('1709729476568','1709902530670','2024-03-08','2024-03-08 13:06:21','1'),('1709727694829','1709902530670','2024-03-08','2024-03-08 13:08:49','1'),('1709903824403','1709902530670','2024-03-08','2024-03-08 13:40:44','2'),('1709903474181','1709902530670','2024-03-08','2024-03-08 13:18:06','1'),('1709727360760','1709902530670','2024-03-08','2024-03-08 13:18:27','1'),('1709901227938','1709902530670','2024-03-08','2024-03-08 13:39:45','2'),('1709903103144','1709902530670','2024-03-08','2024-03-08 13:18:38','1'),('1709904147909','1709902530670','2024-03-08','2024-03-08 13:39:02','2'),('1709904597222','1709902530670','2024-03-08','2024-03-08 13:38:02','3'),('1709904846470','1709902530670','2024-03-08','2024-03-08 13:37:41','1'),('1709733037458','1709902530670','2024-03-08','2024-03-08 13:38:16','1'),('1709901189845','1709902530670','2024-03-08','2024-03-08 13:38:27','1'),('1709731599134','1709902530670','2024-03-08','2024-03-08 13:38:35','1'),('1709731471688','1709902530670','2024-03-08','2024-03-08 13:38:49','1'),('1709902846546','1709902530670','2024-03-08','2024-03-08 13:39:11','1'),('1709901682371','1709902530670','2024-03-08','2024-03-08 13:39:20','1'),('1709902212933','1709902530670','2024-03-08','2024-03-08 13:39:28','1'),('1709734139055','1709902530670','2024-03-08','2024-03-08 13:39:56','1'),('1709902491136','1709902530670','2024-03-08','2024-03-08 13:40:06','1'),('1709728917857','1709902530670','2024-03-08','2024-03-08 13:40:14','1'),('1709727158279','1709902530670','2024-03-08','2024-03-08 13:40:22','1'),('1709901343387','1709902530670','2024-03-08','2024-03-08 13:41:27','2'),('1709901732306','1709902530670','2024-03-08','2024-03-08 13:41:07','1'),('1709901525538','1709902530670','2024-03-08','2024-03-08 13:41:15','1'),('1709904846470','1709820642242','2024-03-08','2024-03-08 13:42:00','1'),('1709904597222','1709820642242','2024-03-08','2024-03-08 13:42:09','1'),('1709904147909','1709820642242','2024-03-08','2024-03-08 13:42:26','2'),('1709902846546','1709820642242','2024-03-08','2024-03-08 13:42:19','1'),('1709727360760','1709820642242','2024-03-08','2024-03-08 13:42:38','2'),('1709902167810','1709820642242','2024-03-08','2024-03-08 13:42:27','1'),('1709902212933','1709820642242','2024-03-08','2024-03-08 13:42:31','1'),('1709734139055','1709820642242','2024-03-08','2024-03-08 13:42:34','1'),('1709903474181','1709820642242','2024-03-08','2024-03-08 13:42:42','1'),('1709903824403','1709820642242','2024-03-08','2024-03-08 13:42:47','1'),('1709903878483','1709820642242','2024-03-08','2024-03-08 13:42:52','1'),('1709728442684','1709820642242','2024-03-08','2024-03-08 13:42:57','1'),('1709903103144','1709820642242','2024-03-08','2024-03-08 13:43:01','1'),('1709901227938','1709820642242','2024-03-08','2024-03-08 13:43:07','1'),('1709902491136','1709820642242','2024-03-08','2024-03-08 13:43:16','1'),('1709901189845','1709820642242','2024-03-08','2024-03-08 13:58:29','2'),('1709733037458','1709820642242','2024-03-08','2024-03-08 13:43:30','1'),('1709904846470','1709726632137','2024-03-08','2024-03-08 13:43:47','1'),('1709904597222','1709726632137','2024-03-08','2024-03-08 13:43:52','1'),('1709904147909','1709726632137','2024-03-08','2024-03-08 13:43:58','1'),('1709727360760','1709726632137','2024-03-08','2024-03-08 13:44:01','1'),('1709903878483','1709726632137','2024-03-08','2024-03-08 13:44:09','1'),('1709903824403','1709726632137','2024-03-08','2024-03-08 13:44:14','1'),('1709903474181','1709726632137','2024-03-08','2024-03-08 13:44:42','2'),('1709903103144','1709726632137','2024-03-08','2024-03-08 13:44:24','1'),('1709902846546','1709726632137','2024-03-08','2024-03-08 13:44:29','1'),('1709902491136','1709726632137','2024-03-08','2024-03-08 13:44:36','1'),('1709902167810','1709726632137','2024-03-08','2024-03-08 13:44:49','1'),('1709901525538','1709726632137','2024-03-08','2024-03-08 13:44:55','1'),('1709901343387','1709726632137','2024-03-08','2024-03-08 13:45:00','1'),('1709904846470','1709733343047','2024-03-08','2024-03-08 13:45:18','1'),('1709904597222','1709733343047','2024-03-08','2024-03-08 13:45:25','1'),('1709904147909','1709733343047','2024-03-08','2024-03-08 13:45:32','1'),('1709903878483','1709733343047','2024-03-08','2024-03-08 13:45:38','1'),('1709903824403','1709733343047','2024-03-08','2024-03-08 13:45:44','1'),('1709903103144','1709733343047','2024-03-08','2024-03-08 13:45:49','1'),('1709902846546','1709733343047','2024-03-08','2024-03-08 13:46:06','2'),('1709901227938','1709733343047','2024-03-08','2024-03-08 13:45:57','1'),('1709902167810','1709733343047','2024-03-08','2024-03-08 13:46:02','1'),('1709901682371','1709733343047','2024-03-08','2024-03-08 13:46:07','1'),('1709729818524','1709733343047','2024-03-08','2024-03-08 13:46:15','1'),('1709902212933','1709733343047','2024-03-08','2024-03-08 13:46:32','1'),('1709901189845','1709733343047','2024-03-08','2024-03-08 13:46:41','1'),('1709732612806','1709733343047','2024-03-08','2024-03-08 13:46:52','1'),('1709728442684','1709905648920','2024-03-08','2024-03-08 13:56:30','1'),('1709906040181','1709820642242','2024-03-08','2024-03-08 13:58:19','1'),('1709905956013','1709820642242','2024-03-08','2024-03-08 13:58:36','1'),('1709906184558','1709820642242','2024-03-08','2024-03-08 13:58:46','1'),('1709730058428','1709820642242','2024-03-08','2024-03-08 14:07:05','2'),('1709730689098','1709820642242','2024-03-08','2024-03-08 14:06:59','1'),('1709902212933','1709820642242','2024-03-09','2024-03-09 05:20:49','1'),('1709906560937','1709820642242','2024-03-09','2024-03-09 05:21:28','2'),('1709903474181','1709820642242','2024-03-09','2024-03-09 05:30:25','5'),('1709903824403','1709820642242','2024-03-09','2024-03-09 05:28:29','1'),('1709731599134','1709820642242','2024-03-09','2024-03-09 05:31:08','1'),('1709904846470','1709962443377','2024-03-09','2024-03-09 05:35:03','1'),('1709964424184','1709962443377','2024-03-09','2024-03-09 06:08:34','1'),('1709727158279','1709962443377','2024-03-09','2024-03-09 07:05:56','2'),('1709728097869','1709962443377','2024-03-09','2024-03-09 07:05:50','2'),('1709902846546','1709730380639','2024-03-09','2024-03-09 06:21:14','1'),('1709901189845','1709730380639','2024-03-09','2024-03-09 06:24:35','2'),('1709903878483','1709730372557','2024-03-09','2024-03-09 06:27:29','1'),('1709964765739','1709730357380','2024-03-09','2024-03-09 06:42:29','1'),('1709906560937','1709964349418','2024-03-09','2024-03-09 06:47:30','2'),('1709966991829','1709964349418','2024-03-09','2024-03-09 06:51:30','2'),('1709903103144','1709964349418','2024-03-09','2024-03-09 06:56:44','1'),('1709966991829','1709963638248','2024-03-09','2024-03-09 07:03:34','2'),('1709902212933','1709963638248','2024-03-09','2024-03-09 06:57:43','1'),('1709901682371','1709963638248','2024-03-09','2024-03-09 06:57:47','1'),('1709727360760','1709963638248','2024-03-09','2024-03-09 06:57:50','1'),('1709734139055','1709963638248','2024-03-09','2024-03-09 06:57:56','1'),('1709901227938','1709963638248','2024-03-09','2024-03-09 06:58:01','1'),('1709904147909','1709963638248','2024-03-09','2024-03-09 07:03:30','2'),('1709964765739','1709963638248','2024-03-09','2024-03-09 06:58:14','1'),('1709962703249','1709963638248','2024-03-09','2024-03-09 06:59:06','2'),('1709729514660','1709963638248','2024-03-09','2024-03-09 06:58:23','1'),('1709964424184','1709963638248','2024-03-09','2024-03-09 06:58:30','1'),('1709963889528','1709963638248','2024-03-09','2024-03-09 07:03:54','2'),('1709906560937','1709963638248','2024-03-09','2024-03-09 06:58:43','1'),('1709903474181','1709963638248','2024-03-09','2024-03-09 06:58:47','1'),('1709903824403','1709963638248','2024-03-09','2024-03-09 06:58:53','1'),('1709963106823','1709963638248','2024-03-09','2024-03-09 06:58:59','1'),('1709901343387','1709963638248','2024-03-09','2024-03-09 06:59:09','1'),('1709906184558','1709963638248','2024-03-09','2024-03-09 06:59:14','1'),('1709901525538','1709963638248','2024-03-09','2024-03-09 06:59:19','1'),('1709728442684','1709963638248','2024-03-09','2024-03-09 06:59:25','1'),('1709903878483','1709963638248','2024-03-09','2024-03-09 06:59:30','1'),('1709729476568','1709963638248','2024-03-09','2024-03-09 06:59:35','1'),('1709904597222','1709963638248','2024-03-09','2024-03-09 06:59:43','1'),('1709904846470','1709963638248','2024-03-09','2024-03-09 06:59:48','1'),('1709902167810','1709963638248','2024-03-09','2024-03-09 07:03:11','1'),('1709727694829','1709963638248','2024-03-09','2024-03-09 07:03:51','2'),('1709732612806','1709963638248','2024-03-09','2024-03-09 07:03:48','1'),('1709906040181','1709963638248','2024-03-09','2024-03-09 07:03:58','1'),('1709731599134','1709963638248','2024-03-09','2024-03-09 07:03:59','1'),('1709966991829','1709962443377','2024-03-09','2024-03-09 07:05:01','1'),('1709901227938','1709962443377','2024-03-09','2024-03-09 07:06:57','2'),('1709901682371','1709962443377','2024-03-09','2024-03-09 07:05:09','1'),('1709734139055','1709962443377','2024-03-09','2024-03-09 07:05:12','1'),('1709902167810','1709962443377','2024-03-09','2024-03-09 07:05:15','1'),('1709904147909','1709962443377','2024-03-09','2024-03-09 07:05:24','1'),('1709966796036','1709962443377','2024-03-09','2024-03-09 07:05:33','1'),('1709728917857','1709962443377','2024-03-09','2024-03-09 07:05:37','1'),('1709730058428','1709962443377','2024-03-09','2024-03-09 07:05:41','1'),('1709731471688','1709962443377','2024-03-09','2024-03-09 07:05:46','1'),('1709902491136','1709962443377','2024-03-09','2024-03-09 07:06:05','1'),('1709906560937','1709962443377','2024-03-09','2024-03-09 07:06:23','1'),('1709903474181','1709962443377','2024-03-09','2024-03-09 07:06:27','1'),('1709963106823','1709962443377','2024-03-09','2024-03-09 07:06:33','1'),('1709962703249','1709962443377','2024-03-09','2024-03-09 07:06:38','1'),('1709902212933','1709962443377','2024-03-09','2024-03-09 07:06:46','1'),('1709902846546','1709962443377','2024-03-09','2024-03-09 07:06:51','1'),('1709728442684','1709962443377','2024-03-09','2024-03-09 07:07:02','1'),('1709729476568','1709962443377','2024-03-09','2024-03-09 07:07:08','1'),('1709901525538','1709962443377','2024-03-09','2024-03-09 07:07:16','1'),('1709901732306','1709962443377','2024-03-09','2024-03-09 07:07:21','1'),('1709906184558','1709962443377','2024-03-09','2024-03-09 07:07:25','1'),('1709906040181','1709962443377','2024-03-09','2024-03-09 07:07:31','1'),('1709733037458','1709962443377','2024-03-09','2024-03-09 07:07:36','1'),('1709905956013','1709962443377','2024-03-09','2024-03-09 07:13:54','2'),('1709968946947','1709968338867','2024-03-09','2024-03-09 07:46:19','4'),('1709964424184','1709968338867','2024-03-09','2024-03-09 07:46:01','2'),('1709963889528','1709968338867','2024-03-09','2024-03-09 07:23:52','1'),('1709966991829','1709968338867','2024-03-09','2024-03-09 07:24:01','1'),('1709902167810','1709968338867','2024-03-09','2024-03-09 07:24:05','1'),('1709901227938','1709968338867','2024-03-09','2024-03-09 07:24:11','1'),('1709964765739','1709968338867','2024-03-09','2024-03-09 07:24:20','1'),('1709729818524','1709968338867','2024-03-09','2024-03-09 07:24:38','2'),('1709962703249','1709968338867','2024-03-09','2024-03-09 07:24:33','1'),('1709966796036','1709968338867','2024-03-09','2024-03-09 07:24:42','1'),('1709968992295','1709968338867','2024-03-09','2024-03-09 07:47:21','2'),('1709731471688','1709968338867','2024-03-09','2024-03-09 07:24:50','1'),('1709727158279','1709968338867','2024-03-09','2024-03-09 07:24:55','1'),('1709905956013','1709968338867','2024-03-09','2024-03-09 07:55:57','3'),('1709906040181','1709968338867','2024-03-09','2024-03-09 07:25:11','1'),('1709731599134','1709968338867','2024-03-09','2024-03-09 07:25:15','1'),('1709906560937','1709968338867','2024-03-09','2024-03-09 07:25:24','1'),('1709903474181','1709968338867','2024-03-09','2024-03-09 07:25:28','1'),('1709732612806','1709968338867','2024-03-09','2024-03-09 07:25:36','1'),('1709727694829','1709968338867','2024-03-09','2024-03-09 07:25:43','1'),('1709901189845','1709968338867','2024-03-09','2024-03-09 07:48:07','1'),('1709964424184','1709820642242','2024-03-09','2024-03-09 08:15:00','1'),('1709963889528','1709820642242','2024-03-09','2024-03-09 08:15:03','1'),('1709968946947','1709820642242','2024-03-09','2024-03-09 08:15:05','1'),('1709970879644','1709820642242','2024-03-09','2024-03-09 08:15:13','1'),('1709901682371','1709820642242','2024-03-09','2024-03-09 08:16:01','1'),('1709970879644','1709968523870','2024-03-09','2024-03-09 08:17:33','1'),('1709729818524','1709968523870','2024-03-09','2024-03-09 08:17:36','1'),('1709962703249','1709968523870','2024-03-09','2024-03-09 08:17:39','1'),('1709729514660','1709968523870','2024-03-09','2024-03-09 08:17:43','1'),('1709964765739','1709968523870','2024-03-09','2024-03-09 08:17:48','1'),('1709968992295','1709968523870','2024-03-09','2024-03-09 08:17:53','1'),('1709731471688','1709968523870','2024-03-09','2024-03-09 08:17:56','1'),('1709728917857','1709968523870','2024-03-09','2024-03-09 08:17:59','1'),('1709730058428','1709968523870','2024-03-09','2024-03-09 08:18:01','1'),('1709966796036','1709968523870','2024-03-09','2024-03-09 08:18:05','1'),('1709727158279','1709968523870','2024-03-09','2024-03-09 08:18:08','1'),('1709728097869','1709968523870','2024-03-09','2024-03-09 08:18:24','2'),('1709902491136','1709968523870','2024-03-09','2024-03-09 08:18:17','1'),('1709968946947','1709968523870','2024-03-09','2024-03-09 08:18:28','1'),('1709731599134','1709968523870','2024-03-09','2024-03-09 08:18:32','1'),('1709963889528','1709968523870','2024-03-09','2024-03-09 08:18:38','1'),('1709901189845','1709968523870','2024-03-09','2024-03-09 08:18:41','1'),('1709906560937','1709968523870','2024-03-09','2024-03-09 08:18:48','1'),('1709903474181','1709968523870','2024-03-09','2024-03-09 08:18:52','1'),('1709903824403','1709968523870','2024-03-09','2024-03-09 08:19:01','1'),('1709904846470','1709968523870','2024-03-09','2024-03-09 08:19:10','1'),('1709904597222','1709968523870','2024-03-09','2024-03-09 08:19:14','1'),('1709966991829','1709968523870','2024-03-09','2024-03-09 08:20:01','1'),('1709902167810','1709968523870','2024-03-09','2024-03-09 08:20:04','1'),('1709963106823','1709968523870','2024-03-09','2024-03-09 08:20:10','1'),('1709905956013','1709968523870','2024-03-09','2024-03-09 08:21:45','2'),('1709904147909','1709968523870','2024-03-09','2024-03-09 08:20:27','1'),('1709727360760','1709968523870','2024-03-09','2024-03-09 08:20:32','1'),('1709902846546','1709968523870','2024-03-09','2024-03-09 08:20:59','1'),('1709902212933','1709968523870','2024-03-09','2024-03-09 08:21:04','1'),('1709729476568','1709968523870','2024-03-09','2024-03-09 08:21:12','1'),('1709728442684','1709968523870','2024-03-09','2024-03-09 08:21:19','1'),('1709964424184','1709968523870','2024-03-09','2024-03-09 08:22:28','1'),('1709905956013','1709726632137','2024-03-09','2024-03-09 08:24:52','1'),('1709966796036','1709726632137','2024-03-09','2024-03-09 08:24:55','1'),('1709902491136','1709726632137','2024-03-09','2024-03-09 08:25:02','1'),('1709728097869','1709726632137','2024-03-09','2024-03-09 08:25:06','1'),('1709731471688','1709726632137','2024-03-09','2024-03-09 08:35:52','3'),('1709964424184','1709726632137','2024-03-09','2024-03-09 08:25:38','2'),('1709731599134','1709726632137','2024-03-09','2024-03-09 08:25:40','3'),('1709733037458','1709726632137','2024-03-09','2024-03-09 08:25:19','1'),('1709901189845','1709726632137','2024-03-09','2024-03-09 08:25:37','1'),('1709906040181','1709726632137','2024-03-09','2024-03-09 08:25:41','1'),('1709964765739','1709726632137','2024-03-09','2024-03-09 08:32:21','3'),('1709970879644','1709726632137','2024-03-09','2024-03-09 08:32:00','4'),('1709729514660','1709726632137','2024-03-09','2024-03-09 08:35:37','2'),('1709728917857','1709726632137','2024-03-09','2024-03-09 08:35:45','10'),('1709730058428','1709726632137','2024-03-09','2024-03-09 08:35:58','2'),('1709727158279','1709726632137','2024-03-09','2024-03-09 08:35:29','2'),('1709963889528','1709726632137','2024-03-09','2024-03-09 08:32:27','1'),('1709963106823','1709726632137','2024-03-09','2024-03-09 08:32:31','1'),('1709729476568','1709726632137','2024-03-09','2024-03-09 08:36:08','2'),('1709970879644','1709726632137','2024-03-10','2024-03-10 06:16:48','2'),('1709962703249','1709726632137','2024-03-10','2024-03-10 06:30:12','2'),('1709729514660','1709726632137','2024-03-10','2024-03-10 05:04:02','1'),('1710049033545','1709968523870','2024-03-10','2024-03-10 05:37:16','1'),('1709964424184','1709726632137','2024-03-10','2024-03-10 06:54:47','3'),('1709731599134','1709726632137','2024-03-10','2024-03-10 06:52:50','3'),('1709968992295','1709726632137','2024-03-10','2024-03-10 05:40:03','1'),('1709728917857','1709726632137','2024-03-10','2024-03-10 05:40:42','1'),('1709905956013','1709726632137','2024-03-10','2024-03-10 06:55:23','12'),('1709966796036','1709726632137','2024-03-10','2024-03-10 05:53:15','1'),('1709906560937','1709726632137','2024-03-10','2024-03-10 06:54:59','2'),('1709901343387','1709820642242','2024-03-10','2024-03-10 05:57:14','1'),('1710049033545','1709820642242','2024-03-10','2024-03-10 05:57:26','2'),('1710049033545','1709968338867','2024-03-10','2024-03-10 05:57:50','1'),('1709903103144','1709726632137','2024-03-10','2024-03-10 06:16:00','1'),('1709901682371','1709726632137','2024-03-10','2024-03-10 06:16:17','1'),('1709727694829','1709726632137','2024-03-10','2024-03-10 06:55:51','4'),('1709728442684','1709726632137','2024-03-10','2024-03-10 06:53:58','3'),('1709968946947','1709726632137','2024-03-10','2024-03-10 06:52:20','2'),('1709727360760','1709726632137','2024-03-10','2024-03-10 06:28:55','1'),('1709904597222','1709726632137','2024-03-10','2024-03-10 06:30:40','1'),('1709727225326','1709728495272','2024-03-10','2024-03-10 06:34:09','1'),('1709970879644','1709968099989','2024-03-10','2024-03-10 06:36:40','1'),('1709963889528','1709968099989','2024-03-10','2024-03-10 06:36:46','1'),('1709968946947','1709968099989','2024-03-10','2024-03-10 06:36:53','1'),('1710049033545','1709726632137','2024-03-10','2024-03-10 06:38:56','1'),('1709731471688','1709726632137','2024-03-10','2024-03-10 08:18:57','2'),('1709727158279','1709726632137','2024-03-10','2024-03-10 07:35:43','2'),('1710054284377','1710054197921','2024-03-10','2024-03-10 07:05:27','2'),('1709727158279','1709968099989','2024-03-10','2024-03-10 07:38:17','1'),('1709968946947','1709726632137','2024-03-11','2024-03-11 12:19:03','1'),('1709966796036','1709726632137','2024-03-11','2024-03-11 12:40:40','2'),('1709964424184','1709726632137','2024-03-11','2024-03-11 12:40:48','2'),('1709905956013','1709726632137','2024-03-11','2024-03-11 12:28:30','1'),('1709730058428','1709726632137','2024-03-11','2024-03-11 12:30:57','1'),('1709728442684','1709726632137','2024-03-11','2024-03-11 12:39:18','1'),('1709906040181','1709726632137','2024-03-11','2024-03-11 12:42:52','1'),('1709731599134','1709726632137','2024-03-11','2024-03-11 12:43:43','1'),('1709901189845','1709726632137','2024-03-11','2024-03-11 12:44:08','1'),('1709963106823','1709726632137','2024-03-11','2024-03-11 12:44:16','1'),('1709903824403','1709726632137','2024-03-11','2024-03-11 12:44:20','1'),('1709903474181','1709726632137','2024-03-11','2024-03-11 12:44:43','1'),('1710054012961','1709726632137','2024-03-11','2024-03-11 12:44:52','1'),('1709963889528','1709726632137','2024-03-11','2024-03-11 12:45:47','1'),('1710054012961','1709726632137','2024-03-12','2024-03-12 13:08:47','2'),('1709964424184','1709726632137','2024-03-12','2024-03-12 12:43:54','3'),('1709727694829','1709726632137','2024-03-12','2024-03-12 12:41:36','1'),('1709905956013','1709726632137','2024-03-12','2024-03-12 12:53:56','3'),('1709902846546','1709726632137','2024-03-12','2024-03-12 12:46:14','1'),('1709903103144','1709726632137','2024-03-12','2024-03-12 12:46:26','1'),('1709966796036','1709726632137','2024-03-12','2024-03-12 12:57:39','1'),('1709904846470','1709726632137','2024-03-12','2024-03-12 13:08:54','1'),('1710054284377','1709726632137','2024-03-13','2024-03-13 11:40:22','1'),('1709966796036','1709726632137','2024-03-13','2024-03-13 11:40:48','1'),('1709964765739','1709726632137','2024-03-13','2024-03-13 11:40:54','1'),('1709905956013','1709726632137','2024-03-13','2024-03-13 12:27:20','3'),('1709968946947','1709726632137','2024-03-14','2024-03-14 12:14:51','3'),('1709964424184','1709726632137','2024-03-14','2024-03-14 12:17:09','2'),('1709962703249','1709726632137','2024-03-14','2024-03-14 11:24:55','1'),('1709970879644','1709726632137','2024-03-14','2024-03-14 11:39:02','1'),('1709728442684','1709726632137','2024-03-14','2024-03-14 12:24:36','2'),('1709968992295','1709726632137','2024-03-14','2024-03-14 12:16:38','2'),('1709902491136','1709726632137','2024-03-14','2024-03-14 12:15:48','1'),('1709730058428','1709726632137','2024-03-14','2024-03-14 12:16:42','1'),('1709906560937','1709726632137','2024-03-14','2024-03-14 12:18:09','1'),('1709901189845','1709726632137','2024-03-15','2024-03-15 14:44:23','2'),('1709964424184','1709726632137','2024-03-15','2024-03-15 14:43:01','1'),('1709968946947','1709726632137','2024-03-15','2024-03-15 14:43:05','1'),('1709902167810','1709726632137','2024-03-15','2024-03-15 14:46:13','1'),('1709968946947','1709726632137','2024-03-16','2024-03-16 08:44:31','1'),('1709904846470','1709726632137','2024-03-16','2024-03-16 08:45:28','1'),('1709728442684','1709726632137','2024-03-16','2024-03-16 08:46:35','1'),('1710049033545','1709726632137','2024-03-16','2024-03-16 08:46:51','1'),('1709727225326','1709726632137','2024-03-16','2024-03-16 08:46:56','1'),('1709902491136','1709726632137','2024-03-16','2024-03-16 08:47:01','1'),('1709905956013','1709726632137','2024-03-16','2024-03-16 08:47:39','1'),('1709901525538','1709726632137','2024-03-16','2024-03-16 08:47:50','1'),('1709964424184','1709726632137','2024-03-16','2024-03-16 08:48:45','1'),('1710578948826','1709726632137','2024-03-16','2024-03-16 08:49:27','1');
/*!40000 ALTER TABLE `video_record` ENABLE KEYS */;
UNLOCK TABLES;
/*!40103 SET TIME_ZONE=@OLD_TIME_ZONE */;

/*!40101 SET SQL_MODE=@OLD_SQL_MODE */;
/*!40014 SET FOREIGN_KEY_CHECKS=@OLD_FOREIGN_KEY_CHECKS */;
/*!40014 SET UNIQUE_CHECKS=@OLD_UNIQUE_CHECKS */;
/*!40101 SET CHARACTER_SET_CLIENT=@OLD_CHARACTER_SET_CLIENT */;
/*!40101 SET CHARACTER_SET_RESULTS=@OLD_CHARACTER_SET_RESULTS */;
/*!40101 SET COLLATION_CONNECTION=@OLD_COLLATION_CONNECTION */;
/*!40111 SET SQL_NOTES=@OLD_SQL_NOTES */;

-- Dump completed on 2024-03-16 16:51:28
